{
"type": "FeatureCollection",
"name": "transit_grid",
"crs": { "type": "name", "properties": { "name": "urn:ogc:def:crs:OGC:1.3:CRS84" } },
"features": [
{ "type": "Feature", "properties": { "id": "g81", "minutes": 75.0, "lon": -122.49229911756994, "lat": 37.707707089828197 }, "geometry": { "type": "Point", "coordinates": [ -122.492299117569942, 37.707707089828197 ] } },
{ "type": "Feature", "properties": { "id": "g83", "minutes": 66.0, "lon": -122.48776130350714, "lat": 37.707687462850146 }, "geometry": { "type": "Point", "coordinates": [ -122.487761303507142, 37.707687462850146 ] } },
{ "type": "Feature", "properties": { "id": "g84", "minutes": 59.0, "lon": -122.48549239813217, "lat": 37.707677583874336 }, "geometry": { "type": "Point", "coordinates": [ -122.485492398132166, 37.707677583874336 ] } },
{ "type": "Feature", "properties": { "id": "g85", "minutes": 73.0, "lon": -122.483223493868, "lat": 37.707667661240755 }, "geometry": { "type": "Point", "coordinates": [ -122.483223493867996, 37.707667661240755 ] } },
{ "type": "Feature", "properties": { "id": "g86", "minutes": 87.0, "lon": -122.48095459071956, "lat": 37.707657694949468 }, "geometry": { "type": "Point", "coordinates": [ -122.480954590719563, 37.707657694949468 ] } },
{ "type": "Feature", "properties": { "id": "g87", "minutes": 51.0, "lon": -122.4786856886917, "lat": 37.707647685000545 }, "geometry": { "type": "Point", "coordinates": [ -122.478685688691698, 37.707647685000545 ] } },
{ "type": "Feature", "properties": { "id": "g88", "minutes": 46.0, "lon": -122.47641678778936, "lat": 37.707637631394057 }, "geometry": { "type": "Point", "coordinates": [ -122.476416787789361, 37.707637631394057 ] } },
{ "type": "Feature", "properties": { "id": "g89", "minutes": 50.0, "lon": -122.47414788801743, "lat": 37.707627534130062 }, "geometry": { "type": "Point", "coordinates": [ -122.474147888017427, 37.707627534130062 ] } },
{ "type": "Feature", "properties": { "id": "g90", "minutes": 50.0, "lon": -122.4718789893808, "lat": 37.707617393208629 }, "geometry": { "type": "Point", "coordinates": [ -122.471878989380798, 37.707617393208629 ] } },
{ "type": "Feature", "properties": { "id": "g91", "minutes": 34.0, "lon": -122.46961009188436, "lat": 37.707607208629817 }, "geometry": { "type": "Point", "coordinates": [ -122.469610091884363, 37.707607208629817 ] } },
{ "type": "Feature", "properties": { "id": "g92", "minutes": 33.0, "lon": -122.46734119553305, "lat": 37.707596980393724 }, "geometry": { "type": "Point", "coordinates": [ -122.467341195533052, 37.707596980393724 ] } },
{ "type": "Feature", "properties": { "id": "g93", "minutes": 40.0, "lon": -122.46507230033171, "lat": 37.707586708500386 }, "geometry": { "type": "Point", "coordinates": [ -122.465072300331713, 37.707586708500386 ] } },
{ "type": "Feature", "properties": { "id": "g94", "minutes": 42.0, "lon": -122.46280340628526, "lat": 37.707576392949868 }, "geometry": { "type": "Point", "coordinates": [ -122.462803406285261, 37.707576392949868 ] } },
{ "type": "Feature", "properties": { "id": "g95", "minutes": 42.0, "lon": -122.46053451339858, "lat": 37.707566033742268 }, "geometry": { "type": "Point", "coordinates": [ -122.460534513398585, 37.707566033742268 ] } },
{ "type": "Feature", "properties": { "id": "g96", "minutes": 42.0, "lon": -122.45826562167662, "lat": 37.707555630877629 }, "geometry": { "type": "Point", "coordinates": [ -122.458265621676617, 37.707555630877629 ] } },
{ "type": "Feature", "properties": { "id": "g97", "minutes": 41.0, "lon": -122.45599673112424, "lat": 37.707545184356057 }, "geometry": { "type": "Point", "coordinates": [ -122.455996731124245, 37.707545184356057 ] } },
{ "type": "Feature", "properties": { "id": "g98", "minutes": 44.0, "lon": -122.45372784174631, "lat": 37.707534694177575 }, "geometry": { "type": "Point", "coordinates": [ -122.453727841746314, 37.707534694177575 ] } },
{ "type": "Feature", "properties": { "id": "g99", "minutes": 44.0, "lon": -122.45145895354779, "lat": 37.707524160342274 }, "geometry": { "type": "Point", "coordinates": [ -122.451458953547785, 37.707524160342274 ] } },
{ "type": "Feature", "properties": { "id": "g100", "minutes": 48.0, "lon": -122.44919006653353, "lat": 37.707513582850225 }, "geometry": { "type": "Point", "coordinates": [ -122.449190066533532, 37.707513582850225 ] } },
{ "type": "Feature", "properties": { "id": "g101", "minutes": 48.0, "lon": -122.44692118070846, "lat": 37.707502961701501 }, "geometry": { "type": "Point", "coordinates": [ -122.446921180708458, 37.707502961701501 ] } },
{ "type": "Feature", "properties": { "id": "g102", "minutes": 49.0, "lon": -122.44465229607745, "lat": 37.707492296896156 }, "geometry": { "type": "Point", "coordinates": [ -122.44465229607745, 37.707492296896156 ] } },
{ "type": "Feature", "properties": { "id": "g103", "minutes": 49.0, "lon": -122.4423834126454, "lat": 37.707481588434277 }, "geometry": { "type": "Point", "coordinates": [ -122.442383412645398, 37.707481588434277 ] } },
{ "type": "Feature", "properties": { "id": "g104", "minutes": 51.0, "lon": -122.44011453041722, "lat": 37.707470836315942 }, "geometry": { "type": "Point", "coordinates": [ -122.440114530417219, 37.707470836315942 ] } },
{ "type": "Feature", "properties": { "id": "g105", "minutes": 51.0, "lon": -122.43784564939781, "lat": 37.707460040541214 }, "geometry": { "type": "Point", "coordinates": [ -122.437845649397815, 37.707460040541214 ] } },
{ "type": "Feature", "properties": { "id": "g106", "minutes": 49.0, "lon": -122.43557676959205, "lat": 37.707449201110151 }, "geometry": { "type": "Point", "coordinates": [ -122.435576769592046, 37.707449201110151 ] } },
{ "type": "Feature", "properties": { "id": "g107", "minutes": 46.0, "lon": -122.43330789100486, "lat": 37.707438318022831 }, "geometry": { "type": "Point", "coordinates": [ -122.433307891004858, 37.707438318022831 ] } },
{ "type": "Feature", "properties": { "id": "g108", "minutes": 54.0, "lon": -122.4310390136411, "lat": 37.707427391279346 }, "geometry": { "type": "Point", "coordinates": [ -122.431039013641097, 37.707427391279346 ] } },
{ "type": "Feature", "properties": { "id": "g109", "minutes": 52.0, "lon": -122.42877013750569, "lat": 37.707416420879746 }, "geometry": { "type": "Point", "coordinates": [ -122.428770137505694, 37.707416420879746 ] } },
{ "type": "Feature", "properties": { "id": "g110", "minutes": 53.0, "lon": -122.42650126260357, "lat": 37.70740540682413 }, "geometry": { "type": "Point", "coordinates": [ -122.426501262603566, 37.70740540682413 ] } },
{ "type": "Feature", "properties": { "id": "g111", "minutes": 47.0, "lon": -122.42423238893956, "lat": 37.707394349112541 }, "geometry": { "type": "Point", "coordinates": [ -122.424232388939558, 37.707394349112541 ] } },
{ "type": "Feature", "properties": { "id": "g112", "minutes": 49.0, "lon": -122.42196351651859, "lat": 37.707383247745064 }, "geometry": { "type": "Point", "coordinates": [ -122.421963516518588, 37.707383247745064 ] } },
{ "type": "Feature", "properties": { "id": "g113", "minutes": 47.0, "lon": -122.41969464534557, "lat": 37.707372102721777 }, "geometry": { "type": "Point", "coordinates": [ -122.419694645345572, 37.707372102721777 ] } },
{ "type": "Feature", "properties": { "id": "g114", "minutes": 49.0, "lon": -122.4174257754254, "lat": 37.707360914042745 }, "geometry": { "type": "Point", "coordinates": [ -122.4174257754254, 37.707360914042745 ] } },
{ "type": "Feature", "properties": { "id": "g115", "minutes": 48.0, "lon": -122.41515690676293, "lat": 37.707349681708052 }, "geometry": { "type": "Point", "coordinates": [ -122.415156906762931, 37.707349681708052 ] } },
{ "type": "Feature", "properties": { "id": "g116", "minutes": 48.0, "lon": -122.41288803936312, "lat": 37.707338405717771 }, "geometry": { "type": "Point", "coordinates": [ -122.412888039363125, 37.707338405717771 ] } },
{ "type": "Feature", "properties": { "id": "g117", "minutes": 52.0, "lon": -122.41061917323084, "lat": 37.70732708607197 }, "geometry": { "type": "Point", "coordinates": [ -122.410619173230842, 37.70732708607197 ] } },
{ "type": "Feature", "properties": { "id": "g118", "minutes": 48.0, "lon": -122.40835030837097, "lat": 37.707315722770744 }, "geometry": { "type": "Point", "coordinates": [ -122.40835030837097, 37.707315722770744 ] } },
{ "type": "Feature", "properties": { "id": "g119", "minutes": 45.0, "lon": -122.40608144478843, "lat": 37.707304315814142 }, "geometry": { "type": "Point", "coordinates": [ -122.406081444788427, 37.707304315814142 ] } },
{ "type": "Feature", "properties": { "id": "g120", "minutes": 44.0, "lon": -122.40381258248811, "lat": 37.707292865202255 }, "geometry": { "type": "Point", "coordinates": [ -122.403812582488115, 37.707292865202255 ] } },
{ "type": "Feature", "properties": { "id": "g121", "minutes": 51.0, "lon": -122.40154372147489, "lat": 37.707281370935156 }, "geometry": { "type": "Point", "coordinates": [ -122.401543721474894, 37.707281370935156 ] } },
{ "type": "Feature", "properties": { "id": "g122", "minutes": 53.0, "lon": -122.39927486175371, "lat": 37.707269833012923 }, "geometry": { "type": "Point", "coordinates": [ -122.39927486175371, 37.707269833012923 ] } },
{ "type": "Feature", "properties": { "id": "g123", "minutes": 56.0, "lon": -122.39700600332942, "lat": 37.707258251435626 }, "geometry": { "type": "Point", "coordinates": [ -122.397006003329423, 37.707258251435626 ] } },
{ "type": "Feature", "properties": { "id": "g124", "minutes": 57.0, "lon": -122.39473714620694, "lat": 37.70724662620335 }, "geometry": { "type": "Point", "coordinates": [ -122.394737146206936, 37.70724662620335 ] } },
{ "type": "Feature", "properties": { "id": "g125", "minutes": 63.0, "lon": -122.39246829039116, "lat": 37.707234957316174 }, "geometry": { "type": "Point", "coordinates": [ -122.392468290391164, 37.707234957316174 ] } },
{ "type": "Feature", "properties": { "id": "g153", "minutes": 72.0, "lon": -122.49001785732547, "lat": 37.709499896038729 }, "geometry": { "type": "Point", "coordinates": [ -122.490017857325469, 37.709499896038729 ] } },
{ "type": "Feature", "properties": { "id": "g154", "minutes": 61.0, "lon": -122.4877488958922, "lat": 37.709490060085287 }, "geometry": { "type": "Point", "coordinates": [ -122.487748895892196, 37.709490060085287 ] } },
{ "type": "Feature", "properties": { "id": "g155", "minutes": 56.0, "lon": -122.48547993556494, "lat": 37.709480180471196 }, "geometry": { "type": "Point", "coordinates": [ -122.485479935564939, 37.709480180471196 ] } },
{ "type": "Feature", "properties": { "id": "g156", "minutes": 57.0, "lon": -122.4832109763486, "lat": 37.709470257196507 }, "geometry": { "type": "Point", "coordinates": [ -122.483210976348602, 37.709470257196507 ] } },
{ "type": "Feature", "properties": { "id": "g157", "minutes": 74.0, "lon": -122.48094201824809, "lat": 37.709460290261291 }, "geometry": { "type": "Point", "coordinates": [ -122.480942018248086, 37.709460290261291 ] } },
{ "type": "Feature", "properties": { "id": "g158", "minutes": 51.0, "lon": -122.47867306126828, "lat": 37.709450279665631 }, "geometry": { "type": "Point", "coordinates": [ -122.478673061268282, 37.709450279665631 ] } },
{ "type": "Feature", "properties": { "id": "g159", "minutes": 48.0, "lon": -122.47640410541409, "lat": 37.709440225409566 }, "geometry": { "type": "Point", "coordinates": [ -122.47640410541409, 37.709440225409566 ] } },
{ "type": "Feature", "properties": { "id": "g160", "minutes": 48.0, "lon": -122.47413515069042, "lat": 37.709430127493185 }, "geometry": { "type": "Point", "coordinates": [ -122.474135150690415, 37.709430127493185 ] } },
{ "type": "Feature", "properties": { "id": "g161", "minutes": 47.0, "lon": -122.47186619710214, "lat": 37.70941998591654 }, "geometry": { "type": "Point", "coordinates": [ -122.471866197102145, 37.70941998591654 ] } },
{ "type": "Feature", "properties": { "id": "g162", "minutes": 36.0, "lon": -122.46959724465417, "lat": 37.709409800679708 }, "geometry": { "type": "Point", "coordinates": [ -122.469597244654167, 37.709409800679708 ] } },
{ "type": "Feature", "properties": { "id": "g163", "minutes": 38.0, "lon": -122.4673282933514, "lat": 37.709399571782754 }, "geometry": { "type": "Point", "coordinates": [ -122.4673282933514, 37.709399571782754 ] } },
{ "type": "Feature", "properties": { "id": "g164", "minutes": 38.0, "lon": -122.46505934319875, "lat": 37.709389299225734 }, "geometry": { "type": "Point", "coordinates": [ -122.465059343198746, 37.709389299225734 ] } },
{ "type": "Feature", "properties": { "id": "g165", "minutes": 41.0, "lon": -122.46279039420108, "lat": 37.709378983008747 }, "geometry": { "type": "Point", "coordinates": [ -122.462790394201079, 37.709378983008747 ] } },
{ "type": "Feature", "properties": { "id": "g166", "minutes": 44.0, "lon": -122.46052144636333, "lat": 37.70936862313183 }, "geometry": { "type": "Point", "coordinates": [ -122.46052144636333, 37.70936862313183 ] } },
{ "type": "Feature", "properties": { "id": "g167", "minutes": 44.0, "lon": -122.45825249969037, "lat": 37.709358219595067 }, "geometry": { "type": "Point", "coordinates": [ -122.458252499690374, 37.709358219595067 ] } },
{ "type": "Feature", "properties": { "id": "g168", "minutes": 45.0, "lon": -122.45598355418711, "lat": 37.70934777239853 }, "geometry": { "type": "Point", "coordinates": [ -122.455983554187114, 37.70934777239853 ] } },
{ "type": "Feature", "properties": { "id": "g169", "minutes": 42.0, "lon": -122.45371460985842, "lat": 37.709337281542282 }, "geometry": { "type": "Point", "coordinates": [ -122.453714609858423, 37.709337281542282 ] } },
{ "type": "Feature", "properties": { "id": "g170", "minutes": 42.0, "lon": -122.45144566670925, "lat": 37.709326747026388 }, "geometry": { "type": "Point", "coordinates": [ -122.451445666709247, 37.709326747026388 ] } },
{ "type": "Feature", "properties": { "id": "g171", "minutes": 45.0, "lon": -122.44917672474443, "lat": 37.709316168850926 }, "geometry": { "type": "Point", "coordinates": [ -122.449176724744433, 37.709316168850926 ] } },
{ "type": "Feature", "properties": { "id": "g172", "minutes": 45.0, "lon": -122.44690778396894, "lat": 37.709305547015958 }, "geometry": { "type": "Point", "coordinates": [ -122.446907783968939, 37.709305547015958 ] } },
{ "type": "Feature", "properties": { "id": "g173", "minutes": 45.0, "lon": -122.44463884438761, "lat": 37.709294881521572 }, "geometry": { "type": "Point", "coordinates": [ -122.444638844387612, 37.709294881521572 ] } },
{ "type": "Feature", "properties": { "id": "g174", "minutes": 47.0, "lon": -122.44236990600535, "lat": 37.70928417236783 }, "geometry": { "type": "Point", "coordinates": [ -122.442369906005354, 37.70928417236783 ] } },
{ "type": "Feature", "properties": { "id": "g175", "minutes": 45.0, "lon": -122.44010096882708, "lat": 37.709273419554791 }, "geometry": { "type": "Point", "coordinates": [ -122.440100968827082, 37.709273419554791 ] } },
{ "type": "Feature", "properties": { "id": "g176", "minutes": 46.0, "lon": -122.4378320328577, "lat": 37.709262623082545 }, "geometry": { "type": "Point", "coordinates": [ -122.437832032857699, 37.709262623082545 ] } },
{ "type": "Feature", "properties": { "id": "g177", "minutes": 43.0, "lon": -122.43556309810208, "lat": 37.709251782951142 }, "geometry": { "type": "Point", "coordinates": [ -122.435563098102079, 37.709251782951142 ] } },
{ "type": "Feature", "properties": { "id": "g178", "minutes": 43.0, "lon": -122.43329416456514, "lat": 37.709240899160669 }, "geometry": { "type": "Point", "coordinates": [ -122.43329416456514, 37.709240899160669 ] } },
{ "type": "Feature", "properties": { "id": "g179", "minutes": 48.0, "lon": -122.43102523225176, "lat": 37.70922997171121 }, "geometry": { "type": "Point", "coordinates": [ -122.431025232251756, 37.70922997171121 ] } },
{ "type": "Feature", "properties": { "id": "g180", "minutes": 48.0, "lon": -122.42875630116686, "lat": 37.709219000602815 }, "geometry": { "type": "Point", "coordinates": [ -122.428756301166857, 37.709219000602815 ] } },
{ "type": "Feature", "properties": { "id": "g181", "minutes": 50.0, "lon": -122.4264873713153, "lat": 37.709207985835562 }, "geometry": { "type": "Point", "coordinates": [ -122.426487371315304, 37.709207985835562 ] } },
{ "type": "Feature", "properties": { "id": "g182", "minutes": 45.0, "lon": -122.42421844270203, "lat": 37.709196927409536 }, "geometry": { "type": "Point", "coordinates": [ -122.424218442702028, 37.709196927409536 ] } },
{ "type": "Feature", "properties": { "id": "g183", "minutes": 46.0, "lon": -122.4219495153319, "lat": 37.709185825324802 }, "geometry": { "type": "Point", "coordinates": [ -122.421949515331903, 37.709185825324802 ] } },
{ "type": "Feature", "properties": { "id": "g184", "minutes": 45.0, "lon": -122.41968058920985, "lat": 37.70917467958143 }, "geometry": { "type": "Point", "coordinates": [ -122.419680589209847, 37.70917467958143 ] } },
{ "type": "Feature", "properties": { "id": "g185", "minutes": 47.0, "lon": -122.41741166434073, "lat": 37.709163490179513 }, "geometry": { "type": "Point", "coordinates": [ -122.417411664340733, 37.709163490179513 ] } },
{ "type": "Feature", "properties": { "id": "g186", "minutes": 50.0, "lon": -122.41514274072948, "lat": 37.709152257119094 }, "geometry": { "type": "Point", "coordinates": [ -122.415142740729479, 37.709152257119094 ] } },
{ "type": "Feature", "properties": { "id": "g187", "minutes": 48.0, "lon": -122.41287381838097, "lat": 37.709140980400271 }, "geometry": { "type": "Point", "coordinates": [ -122.412873818380973, 37.709140980400271 ] } },
{ "type": "Feature", "properties": { "id": "g188", "minutes": 51.0, "lon": -122.41060489730012, "lat": 37.709129660023116 }, "geometry": { "type": "Point", "coordinates": [ -122.410604897300118, 37.709129660023116 ] } },
{ "type": "Feature", "properties": { "id": "g189", "minutes": 44.0, "lon": -122.4083359774918, "lat": 37.709118295987707 }, "geometry": { "type": "Point", "coordinates": [ -122.408335977491802, 37.709118295987707 ] } },
{ "type": "Feature", "properties": { "id": "g190", "minutes": 43.0, "lon": -122.40606705896093, "lat": 37.709106888294109 }, "geometry": { "type": "Point", "coordinates": [ -122.406067058960929, 37.709106888294109 ] } },
{ "type": "Feature", "properties": { "id": "g191", "minutes": 43.0, "lon": -122.40379814171241, "lat": 37.709095436942391 }, "geometry": { "type": "Point", "coordinates": [ -122.403798141712414, 37.709095436942391 ] } },
{ "type": "Feature", "properties": { "id": "g192", "minutes": 45.0, "lon": -122.40152922575112, "lat": 37.709083941932647 }, "geometry": { "type": "Point", "coordinates": [ -122.401529225751119, 37.709083941932647 ] } },
{ "type": "Feature", "properties": { "id": "g193", "minutes": 47.0, "lon": -122.39926031108196, "lat": 37.709072403264962 }, "geometry": { "type": "Point", "coordinates": [ -122.39926031108196, 37.709072403264962 ] } },
{ "type": "Feature", "properties": { "id": "g194", "minutes": 55.0, "lon": -122.39699139770984, "lat": 37.709060820939385 }, "geometry": { "type": "Point", "coordinates": [ -122.39699139770984, 37.709060820939385 ] } },
{ "type": "Feature", "properties": { "id": "g195", "minutes": 53.0, "lon": -122.39472248563965, "lat": 37.709049194956009 }, "geometry": { "type": "Point", "coordinates": [ -122.394722485639647, 37.709049194956009 ] } },
{ "type": "Feature", "properties": { "id": "g196", "minutes": 60.0, "lon": -122.39245357487627, "lat": 37.709037525314898 }, "geometry": { "type": "Point", "coordinates": [ -122.392453574876271, 37.709037525314898 ] } },
{ "type": "Feature", "properties": { "id": "g197", "minutes": 59.0, "lon": -122.39018466542464, "lat": 37.709025812016158 }, "geometry": { "type": "Point", "coordinates": [ -122.390184665424641, 37.709025812016158 ] } },
{ "type": "Feature", "properties": { "id": "g198", "minutes": 62.0, "lon": -122.38791575728963, "lat": 37.709014055059846 }, "geometry": { "type": "Point", "coordinates": [ -122.387915757289633, 37.709014055059846 ] } },
{ "type": "Feature", "properties": { "id": "g199", "minutes": 66.0, "lon": -122.38564685047614, "lat": 37.709002254446027 }, "geometry": { "type": "Point", "coordinates": [ -122.385646850476135, 37.709002254446027 ] } },
{ "type": "Feature", "properties": { "id": "g200", "minutes": 68.0, "lon": -122.38337794498906, "lat": 37.708990410174806 }, "geometry": { "type": "Point", "coordinates": [ -122.383377944989064, 37.708990410174806 ] } },
{ "type": "Feature", "properties": { "id": "g224", "minutes": 74.0, "lon": -122.49000550356179, "lat": 37.711302493353358 }, "geometry": { "type": "Point", "coordinates": [ -122.49000550356179, 37.711302493353358 ] } },
{ "type": "Feature", "properties": { "id": "g225", "minutes": 63.0, "lon": -122.48773648717123, "lat": 37.711292656764421 }, "geometry": { "type": "Point", "coordinates": [ -122.487736487171233, 37.711292656764421 ] } },
{ "type": "Feature", "properties": { "id": "g226", "minutes": 55.0, "lon": -122.48546747188679, "lat": 37.711282776512014 }, "geometry": { "type": "Point", "coordinates": [ -122.485467471886793, 37.711282776512014 ] } },
{ "type": "Feature", "properties": { "id": "g227", "minutes": 56.0, "lon": -122.48319845771339, "lat": 37.711272852596188 }, "geometry": { "type": "Point", "coordinates": [ -122.483198457713385, 37.711272852596188 ] } },
{ "type": "Feature", "properties": { "id": "g228", "minutes": 53.0, "lon": -122.4809294446559, "lat": 37.711262885017021 }, "geometry": { "type": "Point", "coordinates": [ -122.480929444655899, 37.711262885017021 ] } },
{ "type": "Feature", "properties": { "id": "g229", "minutes": 53.0, "lon": -122.47866043271924, "lat": 37.711252873774583 }, "geometry": { "type": "Point", "coordinates": [ -122.478660432719238, 37.711252873774583 ] } },
{ "type": "Feature", "properties": { "id": "g230", "minutes": 49.0, "lon": -122.47639142190827, "lat": 37.711242818868925 }, "geometry": { "type": "Point", "coordinates": [ -122.476391421908275, 37.711242818868925 ] } },
{ "type": "Feature", "properties": { "id": "g231", "minutes": 44.0, "lon": -122.47412241222796, "lat": 37.711232720300117 }, "geometry": { "type": "Point", "coordinates": [ -122.474122412227956, 37.711232720300117 ] } },
{ "type": "Feature", "properties": { "id": "g232", "minutes": 45.0, "lon": -122.47185340368314, "lat": 37.711222578068231 }, "geometry": { "type": "Point", "coordinates": [ -122.471853403683141, 37.711222578068231 ] } },
{ "type": "Feature", "properties": { "id": "g233", "minutes": 38.0, "lon": -122.46958439627875, "lat": 37.711212392173344 }, "geometry": { "type": "Point", "coordinates": [ -122.469584396278748, 37.711212392173344 ] } },
{ "type": "Feature", "properties": { "id": "g234", "minutes": 39.0, "lon": -122.46731539001968, "lat": 37.711202162615507 }, "geometry": { "type": "Point", "coordinates": [ -122.467315390019678, 37.711202162615507 ] } },
{ "type": "Feature", "properties": { "id": "g235", "minutes": 40.0, "lon": -122.46504638491079, "lat": 37.71119188939479 }, "geometry": { "type": "Point", "coordinates": [ -122.465046384910792, 37.71119188939479 ] } },
{ "type": "Feature", "properties": { "id": "g236", "minutes": 42.0, "lon": -122.46277738095702, "lat": 37.711181572511279 }, "geometry": { "type": "Point", "coordinates": [ -122.462777380957021, 37.711181572511279 ] } },
{ "type": "Feature", "properties": { "id": "g237", "minutes": 42.0, "lon": -122.46050837816328, "lat": 37.711171211965024 }, "geometry": { "type": "Point", "coordinates": [ -122.460508378163283, 37.711171211965024 ] } },
{ "type": "Feature", "properties": { "id": "g238", "minutes": 41.0, "lon": -122.45823937653445, "lat": 37.711160807756094 }, "geometry": { "type": "Point", "coordinates": [ -122.458239376534451, 37.711160807756094 ] } },
{ "type": "Feature", "properties": { "id": "g239", "minutes": 41.0, "lon": -122.45597037607538, "lat": 37.711150359884563 }, "geometry": { "type": "Point", "coordinates": [ -122.455970376075385, 37.711150359884563 ] } },
{ "type": "Feature", "properties": { "id": "g240", "minutes": 44.0, "lon": -122.45370137679105, "lat": 37.711139868350514 }, "geometry": { "type": "Point", "coordinates": [ -122.453701376791045, 37.711139868350514 ] } },
{ "type": "Feature", "properties": { "id": "g241", "minutes": 45.0, "lon": -122.45143237868631, "lat": 37.711129333153984 }, "geometry": { "type": "Point", "coordinates": [ -122.451432378686306, 37.711129333153984 ] } },
{ "type": "Feature", "properties": { "id": "g242", "minutes": 45.0, "lon": -122.44916338176607, "lat": 37.711118754295086 }, "geometry": { "type": "Point", "coordinates": [ -122.44916338176607, 37.711118754295086 ] } },
{ "type": "Feature", "properties": { "id": "g243", "minutes": 41.0, "lon": -122.44689438603524, "lat": 37.711108131773862 }, "geometry": { "type": "Point", "coordinates": [ -122.44689438603524, 37.711108131773862 ] } },
{ "type": "Feature", "properties": { "id": "g244", "minutes": 43.0, "lon": -122.44462539149869, "lat": 37.711097465590377 }, "geometry": { "type": "Point", "coordinates": [ -122.44462539149869, 37.711097465590377 ] } },
{ "type": "Feature", "properties": { "id": "g245", "minutes": 45.0, "lon": -122.44235639816135, "lat": 37.711086755744724 }, "geometry": { "type": "Point", "coordinates": [ -122.442356398161351, 37.711086755744724 ] } },
{ "type": "Feature", "properties": { "id": "g246", "minutes": 43.0, "lon": -122.44008740602808, "lat": 37.711076002236958 }, "geometry": { "type": "Point", "coordinates": [ -122.440087406028084, 37.711076002236958 ] } },
{ "type": "Feature", "properties": { "id": "g247", "minutes": 41.0, "lon": -122.43781841510382, "lat": 37.71106520506715 }, "geometry": { "type": "Point", "coordinates": [ -122.43781841510382, 37.71106520506715 ] } },
{ "type": "Feature", "properties": { "id": "g248", "minutes": 42.0, "lon": -122.43554942539343, "lat": 37.711054364235395 }, "geometry": { "type": "Point", "coordinates": [ -122.435549425393432, 37.711054364235395 ] } },
{ "type": "Feature", "properties": { "id": "g249", "minutes": 42.0, "lon": -122.43328043690184, "lat": 37.711043479741733 }, "geometry": { "type": "Point", "coordinates": [ -122.433280436901839, 37.711043479741733 ] } },
{ "type": "Feature", "properties": { "id": "g250", "minutes": 43.0, "lon": -122.43101144963394, "lat": 37.71103255158625 }, "geometry": { "type": "Point", "coordinates": [ -122.431011449633942, 37.71103255158625 ] } },
{ "type": "Feature", "properties": { "id": "g251", "minutes": 46.0, "lon": -122.42874246359463, "lat": 37.711021579769032 }, "geometry": { "type": "Point", "coordinates": [ -122.428742463594631, 37.711021579769032 ] } },
{ "type": "Feature", "properties": { "id": "g252", "minutes": 43.0, "lon": -122.42647347878878, "lat": 37.711010564290135 }, "geometry": { "type": "Point", "coordinates": [ -122.426473478788779, 37.711010564290135 ] } },
{ "type": "Feature", "properties": { "id": "g253", "minutes": 48.0, "lon": -122.42420449522132, "lat": 37.71099950514963 }, "geometry": { "type": "Point", "coordinates": [ -122.424204495221318, 37.71099950514963 ] } },
{ "type": "Feature", "properties": { "id": "g254", "minutes": 49.0, "lon": -122.42193551289715, "lat": 37.710988402347603 }, "geometry": { "type": "Point", "coordinates": [ -122.42193551289715, 37.710988402347603 ] } },
{ "type": "Feature", "properties": { "id": "g255", "minutes": 47.0, "lon": -122.41966653182115, "lat": 37.710977255884117 }, "geometry": { "type": "Point", "coordinates": [ -122.41966653182115, 37.710977255884117 ] } },
{ "type": "Feature", "properties": { "id": "g256", "minutes": 47.0, "lon": -122.41739755199822, "lat": 37.710966065759266 }, "geometry": { "type": "Point", "coordinates": [ -122.417397551998221, 37.710966065759266 ] } },
{ "type": "Feature", "properties": { "id": "g257", "minutes": 46.0, "lon": -122.41512857343326, "lat": 37.710954831973098 }, "geometry": { "type": "Point", "coordinates": [ -122.415128573433265, 37.710954831973098 ] } },
{ "type": "Feature", "properties": { "id": "g258", "minutes": 46.0, "lon": -122.41285959613116, "lat": 37.710943554525699 }, "geometry": { "type": "Point", "coordinates": [ -122.412859596131156, 37.710943554525699 ] } },
{ "type": "Feature", "properties": { "id": "g259", "minutes": 44.0, "lon": -122.41059062009685, "lat": 37.710932233417147 }, "geometry": { "type": "Point", "coordinates": [ -122.410590620096855, 37.710932233417147 ] } },
{ "type": "Feature", "properties": { "id": "g260", "minutes": 41.0, "lon": -122.40832164533518, "lat": 37.710920868647513 }, "geometry": { "type": "Point", "coordinates": [ -122.408321645335178, 37.710920868647513 ] } },
{ "type": "Feature", "properties": { "id": "g261", "minutes": 41.0, "lon": -122.40605267185109, "lat": 37.710909460216882 }, "geometry": { "type": "Point", "coordinates": [ -122.406052671851086, 37.710909460216882 ] } },
{ "type": "Feature", "properties": { "id": "g262", "minutes": 38.0, "lon": -122.40378369964945, "lat": 37.710898008125305 }, "geometry": { "type": "Point", "coordinates": [ -122.403783699649452, 37.710898008125305 ] } },
{ "type": "Feature", "properties": { "id": "g263", "minutes": 42.0, "lon": -122.40151472873521, "lat": 37.710886512372902 }, "geometry": { "type": "Point", "coordinates": [ -122.401514728735208, 37.710886512372902 ] } },
{ "type": "Feature", "properties": { "id": "g264", "minutes": 44.0, "lon": -122.39924575911317, "lat": 37.710874972959694 }, "geometry": { "type": "Point", "coordinates": [ -122.399245759113171, 37.710874972959694 ] } },
{ "type": "Feature", "properties": { "id": "g265", "minutes": 46.0, "lon": -122.39697679078833, "lat": 37.710863389885802 }, "geometry": { "type": "Point", "coordinates": [ -122.396976790788329, 37.710863389885802 ] } },
{ "type": "Feature", "properties": { "id": "g266", "minutes": 49.0, "lon": -122.39470782376553, "lat": 37.71085176315129 }, "geometry": { "type": "Point", "coordinates": [ -122.394707823765529, 37.71085176315129 ] } },
{ "type": "Feature", "properties": { "id": "g267", "minutes": 52.0, "lon": -122.39243885804967, "lat": 37.710840092756229 }, "geometry": { "type": "Point", "coordinates": [ -122.392438858049672, 37.710840092756229 ] } },
{ "type": "Feature", "properties": { "id": "g268", "minutes": 54.0, "lon": -122.39016989364566, "lat": 37.710828378700704 }, "geometry": { "type": "Point", "coordinates": [ -122.390169893645663, 37.710828378700704 ] } },
{ "type": "Feature", "properties": { "id": "g269", "minutes": 60.0, "lon": -122.3879009305584, "lat": 37.710816620984779 }, "geometry": { "type": "Point", "coordinates": [ -122.387900930558402, 37.710816620984779 ] } },
{ "type": "Feature", "properties": { "id": "g270", "minutes": 63.0, "lon": -122.38563196879281, "lat": 37.710804819608548 }, "geometry": { "type": "Point", "coordinates": [ -122.385631968792808, 37.710804819608548 ] } },
{ "type": "Feature", "properties": { "id": "g271", "minutes": 67.0, "lon": -122.38336300835373, "lat": 37.710792974572087 }, "geometry": { "type": "Point", "coordinates": [ -122.383363008353726, 37.710792974572087 ] } },
{ "type": "Feature", "properties": { "id": "g272", "minutes": 71.0, "lon": -122.3810940492461, "lat": 37.710781085875468 }, "geometry": { "type": "Point", "coordinates": [ -122.381094049246101, 37.710781085875468 ] } },
{ "type": "Feature", "properties": { "id": "g288", "minutes": 71.0, "lon": -122.50587667872898, "lat": 37.713172728021426 }, "geometry": { "type": "Point", "coordinates": [ -122.505876678728981, 37.713172728021426 ] } },
{ "type": "Feature", "properties": { "id": "g289", "minutes": 73.0, "lon": -122.50360759976979, "lat": 37.713163196462872 }, "geometry": { "type": "Point", "coordinates": [ -122.503607599769794, 37.713163196462872 ] } },
{ "type": "Feature", "properties": { "id": "g290", "minutes": 71.0, "lon": -122.50133852188254, "lat": 37.713153621237559 }, "geometry": { "type": "Point", "coordinates": [ -122.501338521882545, 37.713153621237559 ] } },
{ "type": "Feature", "properties": { "id": "g291", "minutes": 71.0, "lon": -122.49906944507217, "lat": 37.713144002345565 }, "geometry": { "type": "Point", "coordinates": [ -122.499069445072166, 37.713144002345565 ] } },
{ "type": "Feature", "properties": { "id": "g294", "minutes": 62.0, "lon": -122.49226222115094, "lat": 37.713114883670109 }, "geometry": { "type": "Point", "coordinates": [ -122.492262221150938, 37.713114883670109 ] } },
{ "type": "Feature", "properties": { "id": "g295", "minutes": 65.0, "lon": -122.48999314869687, "lat": 37.713105090112002 }, "geometry": { "type": "Point", "coordinates": [ -122.489993148696868, 37.713105090112002 ] } },
{ "type": "Feature", "properties": { "id": "g296", "minutes": 62.0, "lon": -122.48772407734414, "lat": 37.713095252887548 }, "geometry": { "type": "Point", "coordinates": [ -122.48772407734414, 37.713095252887548 ] } },
{ "type": "Feature", "properties": { "id": "g297", "minutes": 59.0, "lon": -122.48545500709763, "lat": 37.71308537199679 }, "geometry": { "type": "Point", "coordinates": [ -122.485455007097627, 37.71308537199679 ] } },
{ "type": "Feature", "properties": { "id": "g298", "minutes": 55.0, "lon": -122.48318593796226, "lat": 37.713075447439806 }, "geometry": { "type": "Point", "coordinates": [ -122.483185937962261, 37.713075447439806 ] } },
{ "type": "Feature", "properties": { "id": "g299", "minutes": 53.0, "lon": -122.4809168699429, "lat": 37.713065479216652 }, "geometry": { "type": "Point", "coordinates": [ -122.480916869942902, 37.713065479216652 ] } },
{ "type": "Feature", "properties": { "id": "g300", "minutes": 53.0, "lon": -122.47864780304447, "lat": 37.713055467327401 }, "geometry": { "type": "Point", "coordinates": [ -122.478647803044467, 37.713055467327401 ] } },
{ "type": "Feature", "properties": { "id": "g301", "minutes": 48.0, "lon": -122.47637873727189, "lat": 37.713045411772107 }, "geometry": { "type": "Point", "coordinates": [ -122.476378737271887, 37.713045411772107 ] } },
{ "type": "Feature", "properties": { "id": "g302", "minutes": 49.0, "lon": -122.47410967262999, "lat": 37.713035312550851 }, "geometry": { "type": "Point", "coordinates": [ -122.474109672629993, 37.713035312550851 ] } },
{ "type": "Feature", "properties": { "id": "g303", "minutes": 40.0, "lon": -122.47184060912375, "lat": 37.713025169663702 }, "geometry": { "type": "Point", "coordinates": [ -122.471840609123745, 37.713025169663702 ] } },
{ "type": "Feature", "properties": { "id": "g304", "minutes": 43.0, "lon": -122.46957154675803, "lat": 37.713014983110718 }, "geometry": { "type": "Point", "coordinates": [ -122.469571546758033, 37.713014983110718 ] } },
{ "type": "Feature", "properties": { "id": "g305", "minutes": 41.0, "lon": -122.46730248553772, "lat": 37.713004752891969 }, "geometry": { "type": "Point", "coordinates": [ -122.467302485537715, 37.713004752891969 ] } },
{ "type": "Feature", "properties": { "id": "g306", "minutes": 43.0, "lon": -122.46503342546772, "lat": 37.71299447900752 }, "geometry": { "type": "Point", "coordinates": [ -122.465033425467723, 37.71299447900752 ] } },
{ "type": "Feature", "properties": { "id": "g307", "minutes": 42.0, "lon": -122.46276436655297, "lat": 37.712984161457456 }, "geometry": { "type": "Point", "coordinates": [ -122.462764366552975, 37.712984161457456 ] } },
{ "type": "Feature", "properties": { "id": "g308", "minutes": 43.0, "lon": -122.46049530879831, "lat": 37.712973800241819 }, "geometry": { "type": "Point", "coordinates": [ -122.460495308798315, 37.712973800241819 ] } },
{ "type": "Feature", "properties": { "id": "g309", "minutes": 41.0, "lon": -122.45822625220868, "lat": 37.712963395360696 }, "geometry": { "type": "Point", "coordinates": [ -122.458226252208675, 37.712963395360696 ] } },
{ "type": "Feature", "properties": { "id": "g310", "minutes": 38.0, "lon": -122.45595719678897, "lat": 37.712952946814156 }, "geometry": { "type": "Point", "coordinates": [ -122.455957196788972, 37.712952946814156 ] } },
{ "type": "Feature", "properties": { "id": "g311", "minutes": 42.0, "lon": -122.45368814254405, "lat": 37.712942454602256 }, "geometry": { "type": "Point", "coordinates": [ -122.453688142544053, 37.712942454602256 ] } },
{ "type": "Feature", "properties": { "id": "g312", "minutes": 44.0, "lon": -122.45141908947888, "lat": 37.712931918725083 }, "geometry": { "type": "Point", "coordinates": [ -122.451419089478875, 37.712931918725083 ] } },
{ "type": "Feature", "properties": { "id": "g313", "minutes": 47.0, "lon": -122.44915003759829, "lat": 37.712921339182699 }, "geometry": { "type": "Point", "coordinates": [ -122.449150037598287, 37.712921339182699 ] } },
{ "type": "Feature", "properties": { "id": "g314", "minutes": 44.0, "lon": -122.44688098690723, "lat": 37.712910715975177 }, "geometry": { "type": "Point", "coordinates": [ -122.446880986907232, 37.712910715975177 ] } },
{ "type": "Feature", "properties": { "id": "g315", "minutes": 41.0, "lon": -122.44461193741058, "lat": 37.712900049102565 }, "geometry": { "type": "Point", "coordinates": [ -122.444611937410585, 37.712900049102565 ] } },
{ "type": "Feature", "properties": { "id": "g316", "minutes": 42.0, "lon": -122.44234288911323, "lat": 37.71288933856497 }, "geometry": { "type": "Point", "coordinates": [ -122.442342889113235, 37.71288933856497 ] } },
{ "type": "Feature", "properties": { "id": "g317", "minutes": 42.0, "lon": -122.4400738420201, "lat": 37.712878584362443 }, "geometry": { "type": "Point", "coordinates": [ -122.440073842020098, 37.712878584362443 ] } },
{ "type": "Feature", "properties": { "id": "g318", "minutes": 41.0, "lon": -122.43780479613605, "lat": 37.71286778649506 }, "geometry": { "type": "Point", "coordinates": [ -122.437804796136049, 37.71286778649506 ] } },
{ "type": "Feature", "properties": { "id": "g319", "minutes": 40.0, "lon": -122.43553575146601, "lat": 37.712856944962887 }, "geometry": { "type": "Point", "coordinates": [ -122.435535751466006, 37.712856944962887 ] } },
{ "type": "Feature", "properties": { "id": "g320", "minutes": 40.0, "lon": -122.43326670801488, "lat": 37.712846059766022 }, "geometry": { "type": "Point", "coordinates": [ -122.433266708014884, 37.712846059766022 ] } },
{ "type": "Feature", "properties": { "id": "g321", "minutes": 42.0, "lon": -122.43099766578756, "lat": 37.712835130904487 }, "geometry": { "type": "Point", "coordinates": [ -122.430997665787558, 37.712835130904487 ] } },
{ "type": "Feature", "properties": { "id": "g322", "minutes": 44.0, "lon": -122.42872862478893, "lat": 37.712824158378403 }, "geometry": { "type": "Point", "coordinates": [ -122.428728624788931, 37.712824158378403 ] } },
{ "type": "Feature", "properties": { "id": "g323", "minutes": 45.0, "lon": -122.42645958502389, "lat": 37.712813142187819 }, "geometry": { "type": "Point", "coordinates": [ -122.426459585023892, 37.712813142187819 ] } },
{ "type": "Feature", "properties": { "id": "g324", "minutes": 49.0, "lon": -122.42419054649736, "lat": 37.712802082332807 }, "geometry": { "type": "Point", "coordinates": [ -122.424190546497357, 37.712802082332807 ] } },
{ "type": "Feature", "properties": { "id": "g325", "minutes": 52.0, "lon": -122.42192150921422, "lat": 37.712790978813452 }, "geometry": { "type": "Point", "coordinates": [ -122.421921509214215, 37.712790978813452 ] } },
{ "type": "Feature", "properties": { "id": "g326", "minutes": 50.0, "lon": -122.41965247317938, "lat": 37.712779831629824 }, "geometry": { "type": "Point", "coordinates": [ -122.419652473179383, 37.712779831629824 ] } },
{ "type": "Feature", "properties": { "id": "g327", "minutes": 50.0, "lon": -122.41738343839774, "lat": 37.712768640781995 }, "geometry": { "type": "Point", "coordinates": [ -122.417383438397735, 37.712768640781995 ] } },
{ "type": "Feature", "properties": { "id": "g328", "minutes": 44.0, "lon": -122.41511440487416, "lat": 37.712757406270043 }, "geometry": { "type": "Point", "coordinates": [ -122.41511440487416, 37.712757406270043 ] } },
{ "type": "Feature", "properties": { "id": "g329", "minutes": 42.0, "lon": -122.41284537261357, "lat": 37.712746128094032 }, "geometry": { "type": "Point", "coordinates": [ -122.412845372613575, 37.712746128094032 ] } },
{ "type": "Feature", "properties": { "id": "g330", "minutes": 42.0, "lon": -122.41057634162091, "lat": 37.712734806254055 }, "geometry": { "type": "Point", "coordinates": [ -122.41057634162091, 37.712734806254055 ] } },
{ "type": "Feature", "properties": { "id": "g331", "minutes": 43.0, "lon": -122.40830731190101, "lat": 37.712723440750175 }, "geometry": { "type": "Point", "coordinates": [ -122.408307311901012, 37.712723440750175 ] } },
{ "type": "Feature", "properties": { "id": "g332", "minutes": 43.0, "lon": -122.4060382834588, "lat": 37.712712031582463 }, "geometry": { "type": "Point", "coordinates": [ -122.406038283458798, 37.712712031582463 ] } },
{ "type": "Feature", "properties": { "id": "g333", "minutes": 39.0, "lon": -122.40376925629916, "lat": 37.712700578750997 }, "geometry": { "type": "Point", "coordinates": [ -122.403769256299157, 37.712700578750997 ] } },
{ "type": "Feature", "properties": { "id": "g334", "minutes": 39.0, "lon": -122.401500230427, "lat": 37.712689082255864 }, "geometry": { "type": "Point", "coordinates": [ -122.401500230427004, 37.712689082255864 ] } },
{ "type": "Feature", "properties": { "id": "g335", "minutes": 43.0, "lon": -122.39923120584723, "lat": 37.712677542097147 }, "geometry": { "type": "Point", "coordinates": [ -122.399231205847229, 37.712677542097147 ] } },
{ "type": "Feature", "properties": { "id": "g336", "minutes": 48.0, "lon": -122.39696218256475, "lat": 37.712665958274897 }, "geometry": { "type": "Point", "coordinates": [ -122.396962182564749, 37.712665958274897 ] } },
{ "type": "Feature", "properties": { "id": "g337", "minutes": 52.0, "lon": -122.39469316058445, "lat": 37.712654330789206 }, "geometry": { "type": "Point", "coordinates": [ -122.394693160584453, 37.712654330789206 ] } },
{ "type": "Feature", "properties": { "id": "g338", "minutes": 54.0, "lon": -122.39242413991121, "lat": 37.712642659640146 }, "geometry": { "type": "Point", "coordinates": [ -122.392424139911213, 37.712642659640146 ] } },
{ "type": "Feature", "properties": { "id": "g339", "minutes": 64.0, "lon": -122.39015512054993, "lat": 37.712630944827801 }, "geometry": { "type": "Point", "coordinates": [ -122.390155120549935, 37.712630944827801 ] } },
{ "type": "Feature", "properties": { "id": "g340", "minutes": 62.0, "lon": -122.38788610250555, "lat": 37.712619186352249 }, "geometry": { "type": "Point", "coordinates": [ -122.387886102505547, 37.712619186352249 ] } },
{ "type": "Feature", "properties": { "id": "g341", "minutes": 64.0, "lon": -122.38561708578291, "lat": 37.712607384213563 }, "geometry": { "type": "Point", "coordinates": [ -122.385617085782911, 37.712607384213563 ] } },
{ "type": "Feature", "properties": { "id": "g342", "minutes": 67.0, "lon": -122.38334807038697, "lat": 37.712595538411819 }, "geometry": { "type": "Point", "coordinates": [ -122.383348070386972, 37.712595538411819 ] } },
{ "type": "Feature", "properties": { "id": "g343", "minutes": 67.0, "lon": -122.38107905632258, "lat": 37.71258364894711 }, "geometry": { "type": "Point", "coordinates": [ -122.381079056322577, 37.71258364894711 ] } },
{ "type": "Feature", "properties": { "id": "g344", "minutes": 70.0, "lon": -122.37881004359464, "lat": 37.712571715819493 }, "geometry": { "type": "Point", "coordinates": [ -122.37881004359464, 37.712571715819493 ] } },
{ "type": "Feature", "properties": { "id": "g359", "minutes": 68.0, "lon": -122.5058647075352, "lat": 37.714975328594001 }, "geometry": { "type": "Point", "coordinates": [ -122.505864707535196, 37.714975328594001 ] } },
{ "type": "Feature", "properties": { "id": "g360", "minutes": 68.0, "lon": -122.50359557360821, "lat": 37.714965796419634 }, "geometry": { "type": "Point", "coordinates": [ -122.503595573608209, 37.714965796419634 ] } },
{ "type": "Feature", "properties": { "id": "g361", "minutes": 68.0, "lon": -122.50132644075327, "lat": 37.714956220575701 }, "geometry": { "type": "Point", "coordinates": [ -122.501326440753274, 37.714956220575701 ] } },
{ "type": "Feature", "properties": { "id": "g362", "minutes": 70.0, "lon": -122.49905730897527, "lat": 37.714946601062245 }, "geometry": { "type": "Point", "coordinates": [ -122.499057308975267, 37.714946601062245 ] } },
{ "type": "Feature", "properties": { "id": "g363", "minutes": 57.0, "lon": -122.4967881782791, "lat": 37.714936937879358 }, "geometry": { "type": "Point", "coordinates": [ -122.496788178279104, 37.714936937879358 ] } },
{ "type": "Feature", "properties": { "id": "g364", "minutes": 56.0, "lon": -122.49451904866969, "lat": 37.714927231027097 }, "geometry": { "type": "Point", "coordinates": [ -122.494519048669687, 37.714927231027097 ] } },
{ "type": "Feature", "properties": { "id": "g365", "minutes": 59.0, "lon": -122.49224992015191, "lat": 37.714917480505505 }, "geometry": { "type": "Point", "coordinates": [ -122.492249920151906, 37.714917480505505 ] } },
{ "type": "Feature", "properties": { "id": "g366", "minutes": 62.0, "lon": -122.48998079273065, "lat": 37.714907686314675 }, "geometry": { "type": "Point", "coordinates": [ -122.489980792730648, 37.714907686314675 ] } },
{ "type": "Feature", "properties": { "id": "g367", "minutes": 59.0, "lon": -122.4877116664108, "lat": 37.714897848454669 }, "geometry": { "type": "Point", "coordinates": [ -122.487711666410803, 37.714897848454669 ] } },
{ "type": "Feature", "properties": { "id": "g368", "minutes": 59.0, "lon": -122.48544254119734, "lat": 37.714887966925538 }, "geometry": { "type": "Point", "coordinates": [ -122.485442541197344, 37.714887966925538 ] } },
{ "type": "Feature", "properties": { "id": "g369", "minutes": 55.0, "lon": -122.48317341709509, "lat": 37.714878041727346 }, "geometry": { "type": "Point", "coordinates": [ -122.483173417095088, 37.714878041727346 ] } },
{ "type": "Feature", "properties": { "id": "g370", "minutes": 51.0, "lon": -122.48090429410897, "lat": 37.71486807286017 }, "geometry": { "type": "Point", "coordinates": [ -122.480904294108967, 37.71486807286017 ] } },
{ "type": "Feature", "properties": { "id": "g371", "minutes": 50.0, "lon": -122.4786351722439, "lat": 37.714858060324076 }, "geometry": { "type": "Point", "coordinates": [ -122.478635172243898, 37.714858060324076 ] } },
{ "type": "Feature", "properties": { "id": "g372", "minutes": 47.0, "lon": -122.47636605150473, "lat": 37.714848004119126 }, "geometry": { "type": "Point", "coordinates": [ -122.476366051504726, 37.714848004119126 ] } },
{ "type": "Feature", "properties": { "id": "g373", "minutes": 45.0, "lon": -122.47409693189641, "lat": 37.714837904245393 }, "geometry": { "type": "Point", "coordinates": [ -122.474096931896412, 37.714837904245393 ] } },
{ "type": "Feature", "properties": { "id": "g374", "minutes": 45.0, "lon": -122.47182781342381, "lat": 37.714827760702939 }, "geometry": { "type": "Point", "coordinates": [ -122.471827813423815, 37.714827760702939 ] } },
{ "type": "Feature", "properties": { "id": "g375", "minutes": 44.0, "lon": -122.46955869609187, "lat": 37.714817573491821 }, "geometry": { "type": "Point", "coordinates": [ -122.469558696091866, 37.714817573491821 ] } },
{ "type": "Feature", "properties": { "id": "g376", "minutes": 43.0, "lon": -122.46728957990545, "lat": 37.71480734261214 }, "geometry": { "type": "Point", "coordinates": [ -122.467289579905454, 37.71480734261214 ] } },
{ "type": "Feature", "properties": { "id": "g377", "minutes": 45.0, "lon": -122.46502046486945, "lat": 37.714797068063923 }, "geometry": { "type": "Point", "coordinates": [ -122.465020464869454, 37.714797068063923 ] } },
{ "type": "Feature", "properties": { "id": "g378", "minutes": 45.0, "lon": -122.46275135098877, "lat": 37.714786749847271 }, "geometry": { "type": "Point", "coordinates": [ -122.462751350988768, 37.714786749847271 ] } },
{ "type": "Feature", "properties": { "id": "g379", "minutes": 44.0, "lon": -122.46048223826834, "lat": 37.714776387962225 }, "geometry": { "type": "Point", "coordinates": [ -122.460482238268341, 37.714776387962225 ] } },
{ "type": "Feature", "properties": { "id": "g380", "minutes": 42.0, "lon": -122.45821312671302, "lat": 37.714765982408878 }, "geometry": { "type": "Point", "coordinates": [ -122.458213126713019, 37.714765982408878 ] } },
{ "type": "Feature", "properties": { "id": "g381", "minutes": 39.0, "lon": -122.45594401632773, "lat": 37.714755533187287 }, "geometry": { "type": "Point", "coordinates": [ -122.455944016327734, 37.714755533187287 ] } },
{ "type": "Feature", "properties": { "id": "g382", "minutes": 42.0, "lon": -122.45367490711736, "lat": 37.714745040297522 }, "geometry": { "type": "Point", "coordinates": [ -122.45367490711736, 37.714745040297522 ] } },
{ "type": "Feature", "properties": { "id": "g383", "minutes": 39.0, "lon": -122.45140579908683, "lat": 37.714734503739656 }, "geometry": { "type": "Point", "coordinates": [ -122.451405799086828, 37.714734503739656 ] } },
{ "type": "Feature", "properties": { "id": "g384", "minutes": 42.0, "lon": -122.44913669224101, "lat": 37.714723923513759 }, "geometry": { "type": "Point", "coordinates": [ -122.449136692241012, 37.714723923513759 ] } },
{ "type": "Feature", "properties": { "id": "g385", "minutes": 42.0, "lon": -122.44686758658483, "lat": 37.714713299619902 }, "geometry": { "type": "Point", "coordinates": [ -122.44686758658483, 37.714713299619902 ] } },
{ "type": "Feature", "properties": { "id": "g386", "minutes": 42.0, "lon": -122.44459848212317, "lat": 37.714702632058149 }, "geometry": { "type": "Point", "coordinates": [ -122.444598482123169, 37.714702632058149 ] } },
{ "type": "Feature", "properties": { "id": "g387", "minutes": 38.0, "lon": -122.44232937886092, "lat": 37.714691920828578 }, "geometry": { "type": "Point", "coordinates": [ -122.442329378860919, 37.714691920828578 ] } },
{ "type": "Feature", "properties": { "id": "g388", "minutes": 39.0, "lon": -122.44006027680298, "lat": 37.71468116593126 }, "geometry": { "type": "Point", "coordinates": [ -122.440060276802981, 37.71468116593126 ] } },
{ "type": "Feature", "properties": { "id": "g389", "minutes": 36.0, "lon": -122.43779117595427, "lat": 37.71467036736626 }, "geometry": { "type": "Point", "coordinates": [ -122.437791175954274, 37.71467036736626 ] } },
{ "type": "Feature", "properties": { "id": "g390", "minutes": 38.0, "lon": -122.4355220763197, "lat": 37.714659525133648 }, "geometry": { "type": "Point", "coordinates": [ -122.4355220763197, 37.714659525133648 ] } },
{ "type": "Feature", "properties": { "id": "g391", "minutes": 42.0, "lon": -122.4332529779041, "lat": 37.714648639233516 }, "geometry": { "type": "Point", "coordinates": [ -122.433252977904104, 37.714648639233516 ] } },
{ "type": "Feature", "properties": { "id": "g392", "minutes": 44.0, "lon": -122.43098388071247, "lat": 37.714637709665901 }, "geometry": { "type": "Point", "coordinates": [ -122.430983880712475, 37.714637709665901 ] } },
{ "type": "Feature", "properties": { "id": "g393", "minutes": 46.0, "lon": -122.42871478474963, "lat": 37.71462673643093 }, "geometry": { "type": "Point", "coordinates": [ -122.42871478474963, 37.71462673643093 ] } },
{ "type": "Feature", "properties": { "id": "g394", "minutes": 47.0, "lon": -122.4264456900205, "lat": 37.714615719528616 }, "geometry": { "type": "Point", "coordinates": [ -122.4264456900205, 37.714615719528616 ] } },
{ "type": "Feature", "properties": { "id": "g395", "minutes": 49.0, "lon": -122.42417659652999, "lat": 37.714604658959068 }, "geometry": { "type": "Point", "coordinates": [ -122.424176596529989, 37.714604658959068 ] } },
{ "type": "Feature", "properties": { "id": "g396", "minutes": 54.0, "lon": -122.421907504283, "lat": 37.714593554722349 }, "geometry": { "type": "Point", "coordinates": [ -122.421907504282999, 37.714593554722349 ] } },
{ "type": "Feature", "properties": { "id": "g397", "minutes": 57.0, "lon": -122.41963841328442, "lat": 37.714582406818543 }, "geometry": { "type": "Point", "coordinates": [ -122.419638413284417, 37.714582406818543 ] } },
{ "type": "Feature", "properties": { "id": "g398", "minutes": 71.0, "lon": -122.41736932353915, "lat": 37.714571215247709 }, "geometry": { "type": "Point", "coordinates": [ -122.417369323539148, 37.714571215247709 ] } },
{ "type": "Feature", "properties": { "id": "g399", "minutes": 46.0, "lon": -122.41510023505208, "lat": 37.71455998000993 }, "geometry": { "type": "Point", "coordinates": [ -122.41510023505208, 37.71455998000993 ] } },
{ "type": "Feature", "properties": { "id": "g400", "minutes": 47.0, "lon": -122.41283114782813, "lat": 37.714548701105286 }, "geometry": { "type": "Point", "coordinates": [ -122.412831147828129, 37.714548701105286 ] } },
{ "type": "Feature", "properties": { "id": "g401", "minutes": 47.0, "lon": -122.41056206187217, "lat": 37.714537378533826 }, "geometry": { "type": "Point", "coordinates": [ -122.41056206187217, 37.714537378533826 ] } },
{ "type": "Feature", "properties": { "id": "g402", "minutes": 47.0, "lon": -122.40829297718915, "lat": 37.714526012295657 }, "geometry": { "type": "Point", "coordinates": [ -122.408292977189149, 37.714526012295657 ] } },
{ "type": "Feature", "properties": { "id": "g403", "minutes": 45.0, "lon": -122.40602389378392, "lat": 37.71451460239085 }, "geometry": { "type": "Point", "coordinates": [ -122.406023893783924, 37.71451460239085 ] } },
{ "type": "Feature", "properties": { "id": "g404", "minutes": 43.0, "lon": -122.40375481166137, "lat": 37.714503148819468 }, "geometry": { "type": "Point", "coordinates": [ -122.403754811661372, 37.714503148819468 ] } },
{ "type": "Feature", "properties": { "id": "g405", "minutes": 38.0, "lon": -122.40148573082647, "lat": 37.714491651581582 }, "geometry": { "type": "Point", "coordinates": [ -122.401485730826465, 37.714491651581582 ] } },
{ "type": "Feature", "properties": { "id": "g406", "minutes": 41.0, "lon": -122.39921665128404, "lat": 37.714480110677286 }, "geometry": { "type": "Point", "coordinates": [ -122.399216651284036, 37.714480110677286 ] } },
{ "type": "Feature", "properties": { "id": "g407", "minutes": 42.0, "lon": -122.39694757303901, "lat": 37.71446852610665 }, "geometry": { "type": "Point", "coordinates": [ -122.396947573039014, 37.71446852610665 ] } },
{ "type": "Feature", "properties": { "id": "g408", "minutes": 65.0, "lon": -122.3946784960963, "lat": 37.714456897869745 }, "geometry": { "type": "Point", "coordinates": [ -122.394678496096304, 37.714456897869745 ] } },
{ "type": "Feature", "properties": { "id": "g409", "minutes": 65.0, "lon": -122.39240942046075, "lat": 37.714445225966664 }, "geometry": { "type": "Point", "coordinates": [ -122.392409420460751, 37.714445225966664 ] } },
{ "type": "Feature", "properties": { "id": "g410", "minutes": 61.0, "lon": -122.39014034613734, "lat": 37.714433510397463 }, "geometry": { "type": "Point", "coordinates": [ -122.390140346137343, 37.714433510397463 ] } },
{ "type": "Feature", "properties": { "id": "g411", "minutes": 60.0, "lon": -122.38787127313093, "lat": 37.714421751162227 }, "geometry": { "type": "Point", "coordinates": [ -122.387871273130926, 37.714421751162227 ] } },
{ "type": "Feature", "properties": { "id": "g412", "minutes": 61.0, "lon": -122.38560220144637, "lat": 37.714409948261064 }, "geometry": { "type": "Point", "coordinates": [ -122.385602201446375, 37.714409948261064 ] } },
{ "type": "Feature", "properties": { "id": "g413", "minutes": 62.0, "lon": -122.38333313108865, "lat": 37.714398101694009 }, "geometry": { "type": "Point", "coordinates": [ -122.383333131088648, 37.714398101694009 ] } },
{ "type": "Feature", "properties": { "id": "g414", "minutes": 64.0, "lon": -122.38106406206258, "lat": 37.714386211461147 }, "geometry": { "type": "Point", "coordinates": [ -122.381064062062578, 37.714386211461147 ] } },
{ "type": "Feature", "properties": { "id": "g415", "minutes": 69.0, "lon": -122.37879499437312, "lat": 37.714374277562584 }, "geometry": { "type": "Point", "coordinates": [ -122.378794994373123, 37.714374277562584 ] } },
{ "type": "Feature", "properties": { "id": "g416", "minutes": 71.0, "lon": -122.37652592802516, "lat": 37.714362299998385 }, "geometry": { "type": "Point", "coordinates": [ -122.37652592802516, 37.714362299998385 ] } },
{ "type": "Feature", "properties": { "id": "g424", "minutes": 51.0, "lon": -122.35837344612287, "lat": 37.714264907531451 }, "geometry": { "type": "Point", "coordinates": [ -122.358373446122869, 37.714264907531451 ] } },
{ "type": "Feature", "properties": { "id": "g430", "minutes": 66.0, "lon": -122.50585273527425, "lat": 37.716777928610789 }, "geometry": { "type": "Point", "coordinates": [ -122.505852735274246, 37.716777928610789 ] } },
{ "type": "Feature", "properties": { "id": "g431", "minutes": 65.0, "lon": -122.50358354637457, "lat": 37.71676839582058 }, "geometry": { "type": "Point", "coordinates": [ -122.503583546374571, 37.71676839582058 ] } },
{ "type": "Feature", "properties": { "id": "g432", "minutes": 64.0, "lon": -122.50131435854705, "lat": 37.716758819357977 }, "geometry": { "type": "Point", "coordinates": [ -122.501314358547049, 37.716758819357977 ] } },
{ "type": "Feature", "properties": { "id": "g433", "minutes": 58.0, "lon": -122.49904517179654, "lat": 37.716749199223059 }, "geometry": { "type": "Point", "coordinates": [ -122.499045171796539, 37.716749199223059 ] } },
{ "type": "Feature", "properties": { "id": "g434", "minutes": 56.0, "lon": -122.49677598612799, "lat": 37.716739535415861 }, "geometry": { "type": "Point", "coordinates": [ -122.496775986127986, 37.716739535415861 ] } },
{ "type": "Feature", "properties": { "id": "g435", "minutes": 55.0, "lon": -122.49450680154627, "lat": 37.716729827936476 }, "geometry": { "type": "Point", "coordinates": [ -122.494506801546265, 37.716729827936476 ] } },
{ "type": "Feature", "properties": { "id": "g436", "minutes": 58.0, "lon": -122.49223761805631, "lat": 37.716720076784945 }, "geometry": { "type": "Point", "coordinates": [ -122.492237618056308, 37.716720076784945 ] } },
{ "type": "Feature", "properties": { "id": "g437", "minutes": 61.0, "lon": -122.48996843566296, "lat": 37.716710281961355 }, "geometry": { "type": "Point", "coordinates": [ -122.489968435662959, 37.716710281961355 ] } },
{ "type": "Feature", "properties": { "id": "g438", "minutes": 60.0, "lon": -122.48769925437117, "lat": 37.716700443465747 }, "geometry": { "type": "Point", "coordinates": [ -122.487699254371165, 37.716700443465747 ] } },
{ "type": "Feature", "properties": { "id": "g439", "minutes": 58.0, "lon": -122.48543007418581, "lat": 37.716690561298208 }, "geometry": { "type": "Point", "coordinates": [ -122.485430074185814, 37.716690561298208 ] } },
{ "type": "Feature", "properties": { "id": "g440", "minutes": 56.0, "lon": -122.48316089511179, "lat": 37.716680635458808 }, "geometry": { "type": "Point", "coordinates": [ -122.483160895111794, 37.716680635458808 ] } },
{ "type": "Feature", "properties": { "id": "g441", "minutes": 52.0, "lon": -122.48089171715401, "lat": 37.716670665947575 }, "geometry": { "type": "Point", "coordinates": [ -122.480891717154009, 37.716670665947575 ] } },
{ "type": "Feature", "properties": { "id": "g442", "minutes": 49.0, "lon": -122.47862254031737, "lat": 37.71666065276461 }, "geometry": { "type": "Point", "coordinates": [ -122.478622540317375, 37.71666065276461 ] } },
{ "type": "Feature", "properties": { "id": "g443", "minutes": 47.0, "lon": -122.47635336460678, "lat": 37.716650595909968 }, "geometry": { "type": "Point", "coordinates": [ -122.47635336460678, 37.716650595909968 ] } },
{ "type": "Feature", "properties": { "id": "g444", "minutes": 44.0, "lon": -122.4740841900271, "lat": 37.716640495383722 }, "geometry": { "type": "Point", "coordinates": [ -122.474084190027099, 37.716640495383722 ] } },
{ "type": "Feature", "properties": { "id": "g445", "minutes": 42.0, "lon": -122.47181501658328, "lat": 37.716630351185934 }, "geometry": { "type": "Point", "coordinates": [ -122.471815016583278, 37.716630351185934 ] } },
{ "type": "Feature", "properties": { "id": "g446", "minutes": 46.0, "lon": -122.46954584428019, "lat": 37.716620163316662 }, "geometry": { "type": "Point", "coordinates": [ -122.469545844280191, 37.716620163316662 ] } },
{ "type": "Feature", "properties": { "id": "g447", "minutes": 48.0, "lon": -122.46727667312275, "lat": 37.716609931775992 }, "geometry": { "type": "Point", "coordinates": [ -122.467276673122754, 37.716609931775992 ] } },
{ "type": "Feature", "properties": { "id": "g448", "minutes": 48.0, "lon": -122.46500750311583, "lat": 37.716599656564 }, "geometry": { "type": "Point", "coordinates": [ -122.465007503115828, 37.716599656564 ] } },
{ "type": "Feature", "properties": { "id": "g449", "minutes": 46.0, "lon": -122.46273833426437, "lat": 37.716589337680716 }, "geometry": { "type": "Point", "coordinates": [ -122.462738334264372, 37.716589337680716 ] } },
{ "type": "Feature", "properties": { "id": "g450", "minutes": 45.0, "lon": -122.46046916657322, "lat": 37.716578975126239 }, "geometry": { "type": "Point", "coordinates": [ -122.460469166573219, 37.716578975126239 ] } },
{ "type": "Feature", "properties": { "id": "g451", "minutes": 43.0, "lon": -122.45820000004733, "lat": 37.716568568900627 }, "geometry": { "type": "Point", "coordinates": [ -122.458200000047327, 37.716568568900627 ] } },
{ "type": "Feature", "properties": { "id": "g452", "minutes": 40.0, "lon": -122.45593083469157, "lat": 37.716558119003956 }, "geometry": { "type": "Point", "coordinates": [ -122.455930834691571, 37.716558119003956 ] } },
{ "type": "Feature", "properties": { "id": "g453", "minutes": 40.0, "lon": -122.45366167051084, "lat": 37.716547625436284 }, "geometry": { "type": "Point", "coordinates": [ -122.45366167051084, 37.716547625436284 ] } },
{ "type": "Feature", "properties": { "id": "g454", "minutes": 38.0, "lon": -122.45139250751006, "lat": 37.716537088197704 }, "geometry": { "type": "Point", "coordinates": [ -122.451392507510064, 37.716537088197704 ] } },
{ "type": "Feature", "properties": { "id": "g455", "minutes": 36.0, "lon": -122.44912334569412, "lat": 37.716526507288258 }, "geometry": { "type": "Point", "coordinates": [ -122.449123345694119, 37.716526507288258 ] } },
{ "type": "Feature", "properties": { "id": "g456", "minutes": 38.0, "lon": -122.44685418506789, "lat": 37.716515882708038 }, "geometry": { "type": "Point", "coordinates": [ -122.446854185067892, 37.716515882708038 ] } },
{ "type": "Feature", "properties": { "id": "g457", "minutes": 38.0, "lon": -122.44458502563631, "lat": 37.716505214457094 }, "geometry": { "type": "Point", "coordinates": [ -122.444585025636314, 37.716505214457094 ] } },
{ "type": "Feature", "properties": { "id": "g458", "minutes": 38.0, "lon": -122.44231586740426, "lat": 37.716494502535518 }, "geometry": { "type": "Point", "coordinates": [ -122.442315867404261, 37.716494502535518 ] } },
{ "type": "Feature", "properties": { "id": "g459", "minutes": 37.0, "lon": -122.44004671037665, "lat": 37.716483746943368 }, "geometry": { "type": "Point", "coordinates": [ -122.440046710376649, 37.716483746943368 ] } },
{ "type": "Feature", "properties": { "id": "g460", "minutes": 40.0, "lon": -122.43777755455839, "lat": 37.716472947680721 }, "geometry": { "type": "Point", "coordinates": [ -122.437777554558394, 37.716472947680721 ] } },
{ "type": "Feature", "properties": { "id": "g461", "minutes": 41.0, "lon": -122.43550839995433, "lat": 37.716462104747649 }, "geometry": { "type": "Point", "coordinates": [ -122.43550839995433, 37.716462104747649 ] } },
{ "type": "Feature", "properties": { "id": "g462", "minutes": 43.0, "lon": -122.43323924656943, "lat": 37.716451218144215 }, "geometry": { "type": "Point", "coordinates": [ -122.433239246569428, 37.716451218144215 ] } },
{ "type": "Feature", "properties": { "id": "g463", "minutes": 43.0, "lon": -122.43097009440856, "lat": 37.716440287870505 }, "geometry": { "type": "Point", "coordinates": [ -122.430970094408565, 37.716440287870505 ] } },
{ "type": "Feature", "properties": { "id": "g464", "minutes": 43.0, "lon": -122.4287009434766, "lat": 37.716429313926582 }, "geometry": { "type": "Point", "coordinates": [ -122.428700943476599, 37.716429313926582 ] } },
{ "type": "Feature", "properties": { "id": "g465", "minutes": 44.0, "lon": -122.42643179377849, "lat": 37.716418296312519 }, "geometry": { "type": "Point", "coordinates": [ -122.426431793778491, 37.716418296312519 ] } },
{ "type": "Feature", "properties": { "id": "g466", "minutes": 50.0, "lon": -122.42416264531911, "lat": 37.716407235028406 }, "geometry": { "type": "Point", "coordinates": [ -122.424162645319115, 37.716407235028406 ] } },
{ "type": "Feature", "properties": { "id": "g467", "minutes": 54.0, "lon": -122.42189349810336, "lat": 37.716396130074294 }, "geometry": { "type": "Point", "coordinates": [ -122.421893498103358, 37.716396130074294 ] } },
{ "type": "Feature", "properties": { "id": "g468", "minutes": 57.0, "lon": -122.41962435213614, "lat": 37.716384981450261 }, "geometry": { "type": "Point", "coordinates": [ -122.41962435213614, 37.716384981450261 ] } },
{ "type": "Feature", "properties": { "id": "g469", "minutes": 66.0, "lon": -122.41735520742236, "lat": 37.716373789156393 }, "geometry": { "type": "Point", "coordinates": [ -122.417355207422361, 37.716373789156393 ] } },
{ "type": "Feature", "properties": { "id": "g470", "minutes": 51.0, "lon": -122.41508606396688, "lat": 37.716362553192745 }, "geometry": { "type": "Point", "coordinates": [ -122.415086063966882, 37.716362553192745 ] } },
{ "type": "Feature", "properties": { "id": "g471", "minutes": 48.0, "lon": -122.41281692177465, "lat": 37.716351273559425 }, "geometry": { "type": "Point", "coordinates": [ -122.412816921774649, 37.716351273559425 ] } },
{ "type": "Feature", "properties": { "id": "g472", "minutes": 49.0, "lon": -122.41054778085055, "lat": 37.716339950256483 }, "geometry": { "type": "Point", "coordinates": [ -122.41054778085055, 37.716339950256483 ] } },
{ "type": "Feature", "properties": { "id": "g473", "minutes": 48.0, "lon": -122.40827864119947, "lat": 37.716328583283982 }, "geometry": { "type": "Point", "coordinates": [ -122.408278641199473, 37.716328583283982 ] } },
{ "type": "Feature", "properties": { "id": "g474", "minutes": 46.0, "lon": -122.40600950282632, "lat": 37.716317172642029 }, "geometry": { "type": "Point", "coordinates": [ -122.406009502826322, 37.716317172642029 ] } },
{ "type": "Feature", "properties": { "id": "g475", "minutes": 42.0, "lon": -122.403740365736, "lat": 37.716305718330673 }, "geometry": { "type": "Point", "coordinates": [ -122.403740365735999, 37.716305718330673 ] } },
{ "type": "Feature", "properties": { "id": "g476", "minutes": 38.0, "lon": -122.40147122993341, "lat": 37.716294220350015 }, "geometry": { "type": "Point", "coordinates": [ -122.401471229933406, 37.716294220350015 ] } },
{ "type": "Feature", "properties": { "id": "g477", "minutes": 37.0, "lon": -122.39920209542343, "lat": 37.716282678700111 }, "geometry": { "type": "Point", "coordinates": [ -122.399202095423433, 37.716282678700111 ] } },
{ "type": "Feature", "properties": { "id": "g479", "minutes": 63.0, "lon": -122.39466383030093, "lat": 37.716259464392905 }, "geometry": { "type": "Point", "coordinates": [ -122.394663830300928, 37.716259464392905 ] } },
{ "type": "Feature", "properties": { "id": "g480", "minutes": 57.0, "lon": -122.39239469969823, "lat": 37.716247791735746 }, "geometry": { "type": "Point", "coordinates": [ -122.392394699698229, 37.716247791735746 ] } },
{ "type": "Feature", "properties": { "id": "g481", "minutes": 57.0, "lon": -122.39012557040776, "lat": 37.716236075409654 }, "geometry": { "type": "Point", "coordinates": [ -122.390125570407761, 37.716236075409654 ] } },
{ "type": "Feature", "properties": { "id": "g482", "minutes": 57.0, "lon": -122.38785644243438, "lat": 37.716224315414728 }, "geometry": { "type": "Point", "coordinates": [ -122.387856442434384, 37.716224315414728 ] } },
{ "type": "Feature", "properties": { "id": "g483", "minutes": 57.0, "lon": -122.38558731578303, "lat": 37.716212511751017 }, "geometry": { "type": "Point", "coordinates": [ -122.385587315783027, 37.716212511751017 ] } },
{ "type": "Feature", "properties": { "id": "g484", "minutes": 60.0, "lon": -122.3833181904586, "lat": 37.716200664418615 }, "geometry": { "type": "Point", "coordinates": [ -122.383318190458596, 37.716200664418615 ] } },
{ "type": "Feature", "properties": { "id": "g485", "minutes": 65.0, "lon": -122.38104906646601, "lat": 37.716188773417585 }, "geometry": { "type": "Point", "coordinates": [ -122.381049066466005, 37.716188773417585 ] } },
{ "type": "Feature", "properties": { "id": "g486", "minutes": 72.0, "lon": -122.37877994381012, "lat": 37.716176838748034 }, "geometry": { "type": "Point", "coordinates": [ -122.378779943810116, 37.716176838748034 ] } },
{ "type": "Feature", "properties": { "id": "g494", "minutes": 51.0, "lon": -122.36062701127271, "lat": 37.716079789333826 }, "geometry": { "type": "Point", "coordinates": [ -122.360627011272712, 37.716079789333826 ] } },
{ "type": "Feature", "properties": { "id": "g495", "minutes": 51.0, "lon": -122.35835790086773, "lat": 37.716067461651029 }, "geometry": { "type": "Point", "coordinates": [ -122.35835790086773, 37.716067461651029 ] } },
{ "type": "Feature", "properties": { "id": "g501", "minutes": 63.0, "lon": -122.50584076194608, "lat": 37.718580528071755 }, "geometry": { "type": "Point", "coordinates": [ -122.505840761946075, 37.718580528071755 ] } },
{ "type": "Feature", "properties": { "id": "g502", "minutes": 61.0, "lon": -122.50357151806881, "lat": 37.718570994665697 }, "geometry": { "type": "Point", "coordinates": [ -122.50357151806881, 37.718570994665697 ] } },
{ "type": "Feature", "properties": { "id": "g503", "minutes": 58.0, "lon": -122.50130227526377, "lat": 37.718561417584397 }, "geometry": { "type": "Point", "coordinates": [ -122.501302275263768, 37.718561417584397 ] } },
{ "type": "Feature", "properties": { "id": "g504", "minutes": 56.0, "lon": -122.49903303353588, "lat": 37.718551796827953 }, "geometry": { "type": "Point", "coordinates": [ -122.499033033535881, 37.718551796827953 ] } },
{ "type": "Feature", "properties": { "id": "g505", "minutes": 57.0, "lon": -122.49676379289004, "lat": 37.718542132396443 }, "geometry": { "type": "Point", "coordinates": [ -122.496763792890036, 37.718542132396443 ] } },
{ "type": "Feature", "properties": { "id": "g506", "minutes": 55.0, "lon": -122.49449455333112, "lat": 37.718532424289897 }, "geometry": { "type": "Point", "coordinates": [ -122.494494553331123, 37.718532424289897 ] } },
{ "type": "Feature", "properties": { "id": "g508", "minutes": 67.0, "lon": -122.48995607749374, "lat": 37.718512877052007 }, "geometry": { "type": "Point", "coordinates": [ -122.489956077493744, 37.718512877052007 ] } },
{ "type": "Feature", "properties": { "id": "g509", "minutes": 66.0, "lon": -122.48768684122506, "lat": 37.718503037920797 }, "geometry": { "type": "Point", "coordinates": [ -122.487686841225056, 37.718503037920797 ] } },
{ "type": "Feature", "properties": { "id": "g510", "minutes": 56.0, "lon": -122.48541760606292, "lat": 37.718493155114814 }, "geometry": { "type": "Point", "coordinates": [ -122.485417606062924, 37.718493155114814 ] } },
{ "type": "Feature", "properties": { "id": "g511", "minutes": 54.0, "lon": -122.48314837201225, "lat": 37.718483228634142 }, "geometry": { "type": "Point", "coordinates": [ -122.483148372012252, 37.718483228634142 ] } },
{ "type": "Feature", "properties": { "id": "g512", "minutes": 51.0, "lon": -122.4808791390779, "lat": 37.718473258478838 }, "geometry": { "type": "Point", "coordinates": [ -122.480879139077899, 37.718473258478838 ] } },
{ "type": "Feature", "properties": { "id": "g513", "minutes": 47.0, "lon": -122.47860990726481, "lat": 37.71846324464898 }, "geometry": { "type": "Point", "coordinates": [ -122.478609907264811, 37.71846324464898 ] } },
{ "type": "Feature", "properties": { "id": "g514", "minutes": 47.0, "lon": -122.47634067657785, "lat": 37.718453187144611 }, "geometry": { "type": "Point", "coordinates": [ -122.476340676577848, 37.718453187144611 ] } },
{ "type": "Feature", "properties": { "id": "g515", "minutes": 43.0, "lon": -122.47407144702196, "lat": 37.718443085965824 }, "geometry": { "type": "Point", "coordinates": [ -122.474071447021956, 37.718443085965824 ] } },
{ "type": "Feature", "properties": { "id": "g516", "minutes": 44.0, "lon": -122.47180221860198, "lat": 37.71843294111266 }, "geometry": { "type": "Point", "coordinates": [ -122.471802218601979, 37.71843294111266 ] } },
{ "type": "Feature", "properties": { "id": "g517", "minutes": 46.0, "lon": -122.46953299132286, "lat": 37.718422752585212 }, "geometry": { "type": "Point", "coordinates": [ -122.469532991322865, 37.718422752585212 ] } },
{ "type": "Feature", "properties": { "id": "g518", "minutes": 47.0, "lon": -122.4672637651895, "lat": 37.718412520383545 }, "geometry": { "type": "Point", "coordinates": [ -122.4672637651895, 37.718412520383545 ] } },
{ "type": "Feature", "properties": { "id": "g519", "minutes": 46.0, "lon": -122.46499454020677, "lat": 37.718402244507701 }, "geometry": { "type": "Point", "coordinates": [ -122.464994540206774, 37.718402244507701 ] } },
{ "type": "Feature", "properties": { "id": "g520", "minutes": 45.0, "lon": -122.46272531637962, "lat": 37.718391924957771 }, "geometry": { "type": "Point", "coordinates": [ -122.462725316379618, 37.718391924957771 ] } },
{ "type": "Feature", "properties": { "id": "g521", "minutes": 44.0, "lon": -122.46045609371289, "lat": 37.718381561733835 }, "geometry": { "type": "Point", "coordinates": [ -122.460456093712892, 37.718381561733835 ] } },
{ "type": "Feature", "properties": { "id": "g522", "minutes": 42.0, "lon": -122.45818687221151, "lat": 37.718371154835935 }, "geometry": { "type": "Point", "coordinates": [ -122.458186872211513, 37.718371154835935 ] } },
{ "type": "Feature", "properties": { "id": "g523", "minutes": 40.0, "lon": -122.45591765188038, "lat": 37.71836070426415 }, "geometry": { "type": "Point", "coordinates": [ -122.455917651880384, 37.71836070426415 ] } },
{ "type": "Feature", "properties": { "id": "g524", "minutes": 40.0, "lon": -122.45364843272441, "lat": 37.718350210018542 }, "geometry": { "type": "Point", "coordinates": [ -122.453648432724407, 37.718350210018542 ] } },
{ "type": "Feature", "properties": { "id": "g525", "minutes": 35.0, "lon": -122.45137921474846, "lat": 37.718339672099205 }, "geometry": { "type": "Point", "coordinates": [ -122.451379214748457, 37.718339672099205 ] } },
{ "type": "Feature", "properties": { "id": "g526", "minutes": 33.0, "lon": -122.44910999795748, "lat": 37.718329090506181 }, "geometry": { "type": "Point", "coordinates": [ -122.449109997957478, 37.718329090506181 ] } },
{ "type": "Feature", "properties": { "id": "g527", "minutes": 33.0, "lon": -122.44684078235635, "lat": 37.718318465239555 }, "geometry": { "type": "Point", "coordinates": [ -122.446840782356347, 37.718318465239555 ] } },
{ "type": "Feature", "properties": { "id": "g528", "minutes": 34.0, "lon": -122.44457156794995, "lat": 37.718307796299399 }, "geometry": { "type": "Point", "coordinates": [ -122.44457156794995, 37.718307796299399 ] } },
{ "type": "Feature", "properties": { "id": "g529", "minutes": 35.0, "lon": -122.44230235474321, "lat": 37.718297083685776 }, "geometry": { "type": "Point", "coordinates": [ -122.442302354743205, 37.718297083685776 ] } },
{ "type": "Feature", "properties": { "id": "g530", "minutes": 38.0, "lon": -122.440033142741, "lat": 37.718286327398765 }, "geometry": { "type": "Point", "coordinates": [ -122.440033142741001, 37.718286327398765 ] } },
{ "type": "Feature", "properties": { "id": "g531", "minutes": 41.0, "lon": -122.43776393194827, "lat": 37.718275527438443 }, "geometry": { "type": "Point", "coordinates": [ -122.437763931948268, 37.718275527438443 ] } },
{ "type": "Feature", "properties": { "id": "g532", "minutes": 42.0, "lon": -122.43549472236985, "lat": 37.718264683804854 }, "geometry": { "type": "Point", "coordinates": [ -122.435494722369853, 37.718264683804854 ] } },
{ "type": "Feature", "properties": { "id": "g533", "minutes": 43.0, "lon": -122.43322551401072, "lat": 37.718253796498104 }, "geometry": { "type": "Point", "coordinates": [ -122.433225514010715, 37.718253796498104 ] } },
{ "type": "Feature", "properties": { "id": "g534", "minutes": 42.0, "lon": -122.43095630687573, "lat": 37.718242865518249 }, "geometry": { "type": "Point", "coordinates": [ -122.430956306875729, 37.718242865518249 ] } },
{ "type": "Feature", "properties": { "id": "g535", "minutes": 42.0, "lon": -122.42868710096978, "lat": 37.718231890865361 }, "geometry": { "type": "Point", "coordinates": [ -122.428687100969782, 37.718231890865361 ] } },
{ "type": "Feature", "properties": { "id": "g536", "minutes": 41.0, "lon": -122.42641789629776, "lat": 37.718220872539511 }, "geometry": { "type": "Point", "coordinates": [ -122.426417896297764, 37.718220872539511 ] } },
{ "type": "Feature", "properties": { "id": "g537", "minutes": 43.0, "lon": -122.42414869286461, "lat": 37.718209810540785 }, "geometry": { "type": "Point", "coordinates": [ -122.424148692864605, 37.718209810540785 ] } },
{ "type": "Feature", "properties": { "id": "g538", "minutes": 43.0, "lon": -122.42187949067521, "lat": 37.718198704869245 }, "geometry": { "type": "Point", "coordinates": [ -122.421879490675209, 37.718198704869245 ] } },
{ "type": "Feature", "properties": { "id": "g539", "minutes": 46.0, "lon": -122.41961028973444, "lat": 37.718187555524963 }, "geometry": { "type": "Point", "coordinates": [ -122.419610289734436, 37.718187555524963 ] } },
{ "type": "Feature", "properties": { "id": "g540", "minutes": 49.0, "lon": -122.41734109004724, "lat": 37.718176362508018 }, "geometry": { "type": "Point", "coordinates": [ -122.417341090047245, 37.718176362508018 ] } },
{ "type": "Feature", "properties": { "id": "g541", "minutes": 48.0, "lon": -122.41507189161848, "lat": 37.718165125818494 }, "geometry": { "type": "Point", "coordinates": [ -122.415071891618481, 37.718165125818494 ] } },
{ "type": "Feature", "properties": { "id": "g542", "minutes": 46.0, "lon": -122.41280269445308, "lat": 37.718153845456449 }, "geometry": { "type": "Point", "coordinates": [ -122.412802694453077, 37.718153845456449 ] } },
{ "type": "Feature", "properties": { "id": "g543", "minutes": 46.0, "lon": -122.41053349855591, "lat": 37.718142521421953 }, "geometry": { "type": "Point", "coordinates": [ -122.410533498555907, 37.718142521421953 ] } },
{ "type": "Feature", "properties": { "id": "g544", "minutes": 47.0, "lon": -122.40826430393187, "lat": 37.718131153715113 }, "geometry": { "type": "Point", "coordinates": [ -122.408264303931873, 37.718131153715113 ] } },
{ "type": "Feature", "properties": { "id": "g545", "minutes": 45.0, "lon": -122.40599511058591, "lat": 37.718119742335979 }, "geometry": { "type": "Point", "coordinates": [ -122.405995110585906, 37.718119742335979 ] } },
{ "type": "Feature", "properties": { "id": "g546", "minutes": 41.0, "lon": -122.40372591852288, "lat": 37.718108287284636 }, "geometry": { "type": "Point", "coordinates": [ -122.403725918522881, 37.718108287284636 ] } },
{ "type": "Feature", "properties": { "id": "g547", "minutes": 40.0, "lon": -122.4014567277477, "lat": 37.718096788561141 }, "geometry": { "type": "Point", "coordinates": [ -122.4014567277477, 37.718096788561141 ] } },
{ "type": "Feature", "properties": { "id": "g548", "minutes": 50.0, "lon": -122.39918753826528, "lat": 37.718085246165607 }, "geometry": { "type": "Point", "coordinates": [ -122.399187538265281, 37.718085246165607 ] } },
{ "type": "Feature", "properties": { "id": "g549", "minutes": 48.0, "lon": -122.3969183500805, "lat": 37.718073660098085 }, "geometry": { "type": "Point", "coordinates": [ -122.396918350080497, 37.718073660098085 ] } },
{ "type": "Feature", "properties": { "id": "g550", "minutes": 51.0, "lon": -122.39464916319827, "lat": 37.718062030358652 }, "geometry": { "type": "Point", "coordinates": [ -122.394649163198267, 37.718062030358652 ] } },
{ "type": "Feature", "properties": { "id": "g551", "minutes": 53.0, "lon": -122.39237997762346, "lat": 37.718050356947394 }, "geometry": { "type": "Point", "coordinates": [ -122.392379977623463, 37.718050356947394 ] } },
{ "type": "Feature", "properties": { "id": "g552", "minutes": 56.0, "lon": -122.39011079336105, "lat": 37.718038639864382 }, "geometry": { "type": "Point", "coordinates": [ -122.390110793361046, 37.718038639864382 ] } },
{ "type": "Feature", "properties": { "id": "g553", "minutes": 55.0, "lon": -122.38784161041583, "lat": 37.718026879109708 }, "geometry": { "type": "Point", "coordinates": [ -122.387841610415833, 37.718026879109708 ] } },
{ "type": "Feature", "properties": { "id": "g554", "minutes": 57.0, "lon": -122.38557242879278, "lat": 37.718015074683429 }, "geometry": { "type": "Point", "coordinates": [ -122.385572428792784, 37.718015074683429 ] } },
{ "type": "Feature", "properties": { "id": "g555", "minutes": 59.0, "lon": -122.38330324849676, "lat": 37.718003226585644 }, "geometry": { "type": "Point", "coordinates": [ -122.383303248496759, 37.718003226585644 ] } },
{ "type": "Feature", "properties": { "id": "g556", "minutes": 66.0, "lon": -122.38103406953272, "lat": 37.717991334816411 }, "geometry": { "type": "Point", "coordinates": [ -122.381034069532717, 37.717991334816411 ] } },
{ "type": "Feature", "properties": { "id": "g563", "minutes": 48.0, "lon": -122.36514985449024, "lat": 37.717906869638249 }, "geometry": { "type": "Point", "coordinates": [ -122.365149854490241, 37.717906869638249 ] } },
{ "type": "Feature", "properties": { "id": "g564", "minutes": 48.0, "lon": -122.36288068635811, "lat": 37.717894628500389 }, "geometry": { "type": "Point", "coordinates": [ -122.36288068635811, 37.717894628500389 ] } },
{ "type": "Feature", "properties": { "id": "g565", "minutes": 51.0, "lon": -122.36061151960202, "lat": 37.717882343691826 }, "geometry": { "type": "Point", "coordinates": [ -122.360611519602017, 37.717882343691826 ] } },
{ "type": "Feature", "properties": { "id": "g566", "minutes": 51.0, "lon": -122.35834235422688, "lat": 37.717870015212618 }, "geometry": { "type": "Point", "coordinates": [ -122.358342354226878, 37.717870015212618 ] } },
{ "type": "Feature", "properties": { "id": "g572", "minutes": 67.0, "lon": -122.50582878755056, "lat": 37.720383126976934 }, "geometry": { "type": "Point", "coordinates": [ -122.505828787550556, 37.720383126976934 ] } },
{ "type": "Feature", "properties": { "id": "g573", "minutes": 63.0, "lon": -122.5035594886908, "lat": 37.720373592954964 }, "geometry": { "type": "Point", "coordinates": [ -122.503559488690797, 37.720373592954964 ] } },
{ "type": "Feature", "properties": { "id": "g574", "minutes": 60.0, "lon": -122.50129019090336, "lat": 37.720364015254951 }, "geometry": { "type": "Point", "coordinates": [ -122.501290190903362, 37.720364015254951 ] } },
{ "type": "Feature", "properties": { "id": "g575", "minutes": 57.0, "lon": -122.49902089419318, "lat": 37.720354393876988 }, "geometry": { "type": "Point", "coordinates": [ -122.49902089419318, 37.720354393876988 ] } },
{ "type": "Feature", "properties": { "id": "g576", "minutes": 57.0, "lon": -122.49675159856514, "lat": 37.720344728821104 }, "geometry": { "type": "Point", "coordinates": [ -122.49675159856514, 37.720344728821104 ] } },
{ "type": "Feature", "properties": { "id": "g577", "minutes": 71.0, "lon": -122.49448230402413, "lat": 37.720335020087376 }, "geometry": { "type": "Point", "coordinates": [ -122.494482304024132, 37.720335020087376 ] } },
{ "type": "Feature", "properties": { "id": "g581", "minutes": 59.0, "lon": -122.48540513682862, "lat": 37.720295748375356 }, "geometry": { "type": "Point", "coordinates": [ -122.485405136828618, 37.720295748375356 ] } },
{ "type": "Feature", "properties": { "id": "g582", "minutes": 51.0, "lon": -122.48313584779636, "lat": 37.720285821253384 }, "geometry": { "type": "Point", "coordinates": [ -122.483135847796362, 37.720285821253384 ] } },
{ "type": "Feature", "properties": { "id": "g583", "minutes": 48.0, "lon": -122.48086655988055, "lat": 37.720275850453966 }, "geometry": { "type": "Point", "coordinates": [ -122.480866559880553, 37.720275850453966 ] } },
{ "type": "Feature", "properties": { "id": "g584", "minutes": 46.0, "lon": -122.47859727308611, "lat": 37.720265835977173 }, "geometry": { "type": "Point", "coordinates": [ -122.478597273086109, 37.720265835977173 ] } },
{ "type": "Feature", "properties": { "id": "g585", "minutes": 43.0, "lon": -122.4763279874179, "lat": 37.720255777823063 }, "geometry": { "type": "Point", "coordinates": [ -122.476327987417903, 37.720255777823063 ] } },
{ "type": "Feature", "properties": { "id": "g586", "minutes": 43.0, "lon": -122.47405870288084, "lat": 37.720245675991698 }, "geometry": { "type": "Point", "coordinates": [ -122.474058702880839, 37.720245675991698 ] } },
{ "type": "Feature", "properties": { "id": "g587", "minutes": 45.0, "lon": -122.47178941947986, "lat": 37.720235530483144 }, "geometry": { "type": "Point", "coordinates": [ -122.471789419479862, 37.720235530483144 ] } },
{ "type": "Feature", "properties": { "id": "g588", "minutes": 45.0, "lon": -122.46952013721982, "lat": 37.720225341297478 }, "geometry": { "type": "Point", "coordinates": [ -122.469520137219817, 37.720225341297478 ] } },
{ "type": "Feature", "properties": { "id": "g589", "minutes": 46.0, "lon": -122.46725085610561, "lat": 37.720215108434765 }, "geometry": { "type": "Point", "coordinates": [ -122.467250856105608, 37.720215108434765 ] } },
{ "type": "Feature", "properties": { "id": "g590", "minutes": 44.0, "lon": -122.46498157614218, "lat": 37.720204831895067 }, "geometry": { "type": "Point", "coordinates": [ -122.464981576142179, 37.720204831895067 ] } },
{ "type": "Feature", "properties": { "id": "g591", "minutes": 43.0, "lon": -122.46271229733441, "lat": 37.720194511678457 }, "geometry": { "type": "Point", "coordinates": [ -122.462712297334406, 37.720194511678457 ] } },
{ "type": "Feature", "properties": { "id": "g592", "minutes": 41.0, "lon": -122.46044301968719, "lat": 37.720184147785005 }, "geometry": { "type": "Point", "coordinates": [ -122.46044301968719, 37.720184147785005 ] } },
{ "type": "Feature", "properties": { "id": "g593", "minutes": 40.0, "lon": -122.45817374320542, "lat": 37.72017374021479 }, "geometry": { "type": "Point", "coordinates": [ -122.458173743205421, 37.72017374021479 ] } },
{ "type": "Feature", "properties": { "id": "g594", "minutes": 37.0, "lon": -122.45590446789403, "lat": 37.720163288967854 }, "geometry": { "type": "Point", "coordinates": [ -122.45590446789403, 37.720163288967854 ] } },
{ "type": "Feature", "properties": { "id": "g595", "minutes": 37.0, "lon": -122.45363519375788, "lat": 37.720152794044289 }, "geometry": { "type": "Point", "coordinates": [ -122.453635193757876, 37.720152794044289 ] } },
{ "type": "Feature", "properties": { "id": "g596", "minutes": 34.0, "lon": -122.45136592080189, "lat": 37.720142255444152 }, "geometry": { "type": "Point", "coordinates": [ -122.451365920801891, 37.720142255444152 ] } },
{ "type": "Feature", "properties": { "id": "g597", "minutes": 30.0, "lon": -122.44909664903099, "lat": 37.720131673167522 }, "geometry": { "type": "Point", "coordinates": [ -122.449096649030992, 37.720131673167522 ] } },
{ "type": "Feature", "properties": { "id": "g598", "minutes": 29.0, "lon": -122.44682737845002, "lat": 37.720121047214469 }, "geometry": { "type": "Point", "coordinates": [ -122.446827378450024, 37.720121047214469 ] } },
{ "type": "Feature", "properties": { "id": "g599", "minutes": 31.0, "lon": -122.44455810906392, "lat": 37.720110377585051 }, "geometry": { "type": "Point", "coordinates": [ -122.444558109063919, 37.720110377585051 ] } },
{ "type": "Feature", "properties": { "id": "g600", "minutes": 35.0, "lon": -122.44228884087757, "lat": 37.720099664279367 }, "geometry": { "type": "Point", "coordinates": [ -122.442288840877566, 37.720099664279367 ] } },
{ "type": "Feature", "properties": { "id": "g601", "minutes": 38.0, "lon": -122.4400195738959, "lat": 37.720088907297459 }, "geometry": { "type": "Point", "coordinates": [ -122.440019573895896, 37.720088907297459 ] } },
{ "type": "Feature", "properties": { "id": "g602", "minutes": 41.0, "lon": -122.4377503081238, "lat": 37.720078106639413 }, "geometry": { "type": "Point", "coordinates": [ -122.437750308123796, 37.720078106639413 ] } },
{ "type": "Feature", "properties": { "id": "g603", "minutes": 42.0, "lon": -122.43548104356613, "lat": 37.720067262305307 }, "geometry": { "type": "Point", "coordinates": [ -122.435481043566128, 37.720067262305307 ] } },
{ "type": "Feature", "properties": { "id": "g604", "minutes": 42.0, "lon": -122.43321178022784, "lat": 37.72005637429519 }, "geometry": { "type": "Point", "coordinates": [ -122.433211780227836, 37.72005637429519 ] } },
{ "type": "Feature", "properties": { "id": "g605", "minutes": 41.0, "lon": -122.43094251811384, "lat": 37.720045442609155 }, "geometry": { "type": "Point", "coordinates": [ -122.430942518113838, 37.720045442609155 ] } },
{ "type": "Feature", "properties": { "id": "g606", "minutes": 39.0, "lon": -122.42867325722898, "lat": 37.720034467247253 }, "geometry": { "type": "Point", "coordinates": [ -122.428673257228979, 37.720034467247253 ] } },
{ "type": "Feature", "properties": { "id": "g607", "minutes": 40.0, "lon": -122.42640399757818, "lat": 37.720023448209595 }, "geometry": { "type": "Point", "coordinates": [ -122.426403997578177, 37.720023448209595 ] } },
{ "type": "Feature", "properties": { "id": "g608", "minutes": 44.0, "lon": -122.42413473916636, "lat": 37.720012385496211 }, "geometry": { "type": "Point", "coordinates": [ -122.424134739166362, 37.720012385496211 ] } },
{ "type": "Feature", "properties": { "id": "g609", "minutes": 47.0, "lon": -122.4218654819984, "lat": 37.720001279107215 }, "geometry": { "type": "Point", "coordinates": [ -122.421865481998395, 37.720001279107215 ] } },
{ "type": "Feature", "properties": { "id": "g610", "minutes": 48.0, "lon": -122.41959622607919, "lat": 37.71999012904265 }, "geometry": { "type": "Point", "coordinates": [ -122.419596226079193, 37.71999012904265 ] } },
{ "type": "Feature", "properties": { "id": "g611", "minutes": 51.0, "lon": -122.41732697141367, "lat": 37.719978935302592 }, "geometry": { "type": "Point", "coordinates": [ -122.417326971413672, 37.719978935302592 ] } },
{ "type": "Feature", "properties": { "id": "g612", "minutes": 51.0, "lon": -122.41505771800672, "lat": 37.719967697887149 }, "geometry": { "type": "Point", "coordinates": [ -122.415057718006722, 37.719967697887149 ] } },
{ "type": "Feature", "properties": { "id": "g613", "minutes": 47.0, "lon": -122.41278846586323, "lat": 37.71995641679635 }, "geometry": { "type": "Point", "coordinates": [ -122.41278846586323, 37.71995641679635 ] } },
{ "type": "Feature", "properties": { "id": "g614", "minutes": 46.0, "lon": -122.4105192149881, "lat": 37.719945092030287 }, "geometry": { "type": "Point", "coordinates": [ -122.410519214988099, 37.719945092030287 ] } },
{ "type": "Feature", "properties": { "id": "g615", "minutes": 44.0, "lon": -122.40824996538625, "lat": 37.719933723589051 }, "geometry": { "type": "Point", "coordinates": [ -122.408249965386247, 37.719933723589051 ] } },
{ "type": "Feature", "properties": { "id": "g616", "minutes": 43.0, "lon": -122.40598071706255, "lat": 37.719922311472708 }, "geometry": { "type": "Point", "coordinates": [ -122.405980717062548, 37.719922311472708 ] } },
{ "type": "Feature", "properties": { "id": "g617", "minutes": 41.0, "lon": -122.40371147002192, "lat": 37.719910855681327 }, "geometry": { "type": "Point", "coordinates": [ -122.403711470021918, 37.719910855681327 ] } },
{ "type": "Feature", "properties": { "id": "g618", "minutes": 38.0, "lon": -122.40144222426927, "lat": 37.719899356214988 }, "geometry": { "type": "Point", "coordinates": [ -122.401442224269275, 37.719899356214988 ] } },
{ "type": "Feature", "properties": { "id": "g619", "minutes": 44.0, "lon": -122.39917297980949, "lat": 37.719887813073775 }, "geometry": { "type": "Point", "coordinates": [ -122.399172979809492, 37.719887813073775 ] } },
{ "type": "Feature", "properties": { "id": "g620", "minutes": 47.0, "lon": -122.39690373664749, "lat": 37.719876226257753 }, "geometry": { "type": "Point", "coordinates": [ -122.396903736647488, 37.719876226257753 ] } },
{ "type": "Feature", "properties": { "id": "g621", "minutes": 49.0, "lon": -122.39463449478815, "lat": 37.719864595767007 }, "geometry": { "type": "Point", "coordinates": [ -122.39463449478815, 37.719864595767007 ] } },
{ "type": "Feature", "properties": { "id": "g622", "minutes": 51.0, "lon": -122.39236525423638, "lat": 37.719852921601607 }, "geometry": { "type": "Point", "coordinates": [ -122.392365254236381, 37.719852921601607 ] } },
{ "type": "Feature", "properties": { "id": "g623", "minutes": 52.0, "lon": -122.39009601499707, "lat": 37.719841203761632 }, "geometry": { "type": "Point", "coordinates": [ -122.39009601499707, 37.719841203761632 ] } },
{ "type": "Feature", "properties": { "id": "g624", "minutes": 53.0, "lon": -122.38782677707513, "lat": 37.719829442247175 }, "geometry": { "type": "Point", "coordinates": [ -122.387826777075134, 37.719829442247175 ] } },
{ "type": "Feature", "properties": { "id": "g625", "minutes": 61.0, "lon": -122.38555754047549, "lat": 37.719817637058298 }, "geometry": { "type": "Point", "coordinates": [ -122.385557540475489, 37.719817637058298 ] } },
{ "type": "Feature", "properties": { "id": "g626", "minutes": 61.0, "lon": -122.383288305203, "lat": 37.719805788195082 }, "geometry": { "type": "Point", "coordinates": [ -122.383288305202996, 37.719805788195082 ] } },
{ "type": "Feature", "properties": { "id": "g627", "minutes": 61.0, "lon": -122.38101907126254, "lat": 37.71979389565761 }, "geometry": { "type": "Point", "coordinates": [ -122.381019071262543, 37.71979389565761 ] } },
{ "type": "Feature", "properties": { "id": "g633", "minutes": 48.0, "lon": -122.36740369586789, "lat": 37.719721623277799 }, "geometry": { "type": "Point", "coordinates": [ -122.367403695867893, 37.719721623277799 ] } },
{ "type": "Feature", "properties": { "id": "g634", "minutes": 48.0, "lon": -122.36513447138915, "lat": 37.719709425022749 }, "geometry": { "type": "Point", "coordinates": [ -122.365134471389155, 37.719709425022749 ] } },
{ "type": "Feature", "properties": { "id": "g635", "minutes": 51.0, "lon": -122.36286524828171, "lat": 37.719697183094084 }, "geometry": { "type": "Point", "coordinates": [ -122.362865248281707, 37.719697183094084 ] } },
{ "type": "Feature", "properties": { "id": "g636", "minutes": 51.0, "lon": -122.36059602655041, "lat": 37.719684897491874 }, "geometry": { "type": "Point", "coordinates": [ -122.360596026550411, 37.719684897491874 ] } },
{ "type": "Feature", "properties": { "id": "g637", "minutes": 51.0, "lon": -122.3583268062002, "lat": 37.719672568216225 }, "geometry": { "type": "Point", "coordinates": [ -122.358326806200196, 37.719672568216225 ] } },
{ "type": "Feature", "properties": { "id": "g642", "minutes": 67.0, "lon": -122.50808616700233, "lat": 37.722195216283261 }, "geometry": { "type": "Point", "coordinates": [ -122.508086167002332, 37.722195216283261 ] } },
{ "type": "Feature", "properties": { "id": "g643", "minutes": 66.0, "lon": -122.50581681208763, "lat": 37.722185725326284 }, "geometry": { "type": "Point", "coordinates": [ -122.50581681208763, 37.722185725326284 ] } },
{ "type": "Feature", "properties": { "id": "g644", "minutes": 64.0, "lon": -122.50354745824045, "lat": 37.722176190688387 }, "geometry": { "type": "Point", "coordinates": [ -122.503547458240448, 37.722176190688387 ] } },
{ "type": "Feature", "properties": { "id": "g645", "minutes": 61.0, "lon": -122.50127810546572, "lat": 37.722166612369648 }, "geometry": { "type": "Point", "coordinates": [ -122.501278105465715, 37.722166612369648 ] } },
{ "type": "Feature", "properties": { "id": "g646", "minutes": 59.0, "lon": -122.49900875376834, "lat": 37.722156990370095 }, "geometry": { "type": "Point", "coordinates": [ -122.499008753768337, 37.722156990370095 ] } },
{ "type": "Feature", "properties": { "id": "g647", "minutes": 68.0, "lon": -122.49673940315319, "lat": 37.722147324689821 }, "geometry": { "type": "Point", "coordinates": [ -122.496739403153185, 37.722147324689821 ] } },
{ "type": "Feature", "properties": { "id": "g648", "minutes": 71.0, "lon": -122.49447005362519, "lat": 37.72213761532889 }, "geometry": { "type": "Point", "coordinates": [ -122.494470053625193, 37.72213761532889 ] } },
{ "type": "Feature", "properties": { "id": "g649", "minutes": 82.0, "lon": -122.49220070518926, "lat": 37.722127862287351 }, "geometry": { "type": "Point", "coordinates": [ -122.492200705189262, 37.722127862287351 ] } },
{ "type": "Feature", "properties": { "id": "g650", "minutes": 68.0, "lon": -122.48993135785028, "lat": 37.722118065565283 }, "geometry": { "type": "Point", "coordinates": [ -122.489931357850281, 37.722118065565283 ] } },
{ "type": "Feature", "properties": { "id": "g652", "minutes": 54.0, "lon": -122.48539266648275, "lat": 37.722098341079793 }, "geometry": { "type": "Point", "coordinates": [ -122.485392666482753, 37.722098341079793 ] } },
{ "type": "Feature", "properties": { "id": "g653", "minutes": 50.0, "lon": -122.48312332246402, "lat": 37.722088413316513 }, "geometry": { "type": "Point", "coordinates": [ -122.483123322464024, 37.722088413316513 ] } },
{ "type": "Feature", "properties": { "id": "g654", "minutes": 49.0, "lon": -122.48085397956187, "lat": 37.722078441872966 }, "geometry": { "type": "Point", "coordinates": [ -122.480853979561871, 37.722078441872966 ] } },
{ "type": "Feature", "properties": { "id": "g655", "minutes": 45.0, "lon": -122.47858463778115, "lat": 37.722068426749189 }, "geometry": { "type": "Point", "coordinates": [ -122.478584637781154, 37.722068426749189 ] } },
{ "type": "Feature", "properties": { "id": "g656", "minutes": 43.0, "lon": -122.47631529712677, "lat": 37.722058367945294 }, "geometry": { "type": "Point", "coordinates": [ -122.476315297126774, 37.722058367945294 ] } },
{ "type": "Feature", "properties": { "id": "g657", "minutes": 42.0, "lon": -122.47404595760369, "lat": 37.722048265461318 }, "geometry": { "type": "Point", "coordinates": [ -122.474045957603693, 37.722048265461318 ] } },
{ "type": "Feature", "properties": { "id": "g658", "minutes": 45.0, "lon": -122.47177661921675, "lat": 37.722038119297345 }, "geometry": { "type": "Point", "coordinates": [ -122.471776619216755, 37.722038119297345 ] } },
{ "type": "Feature", "properties": { "id": "g659", "minutes": 48.0, "lon": -122.46950728197088, "lat": 37.722027929453432 }, "geometry": { "type": "Point", "coordinates": [ -122.469507281970877, 37.722027929453432 ] } },
{ "type": "Feature", "properties": { "id": "g660", "minutes": 48.0, "lon": -122.46723794587096, "lat": 37.722017695929637 }, "geometry": { "type": "Point", "coordinates": [ -122.467237945870963, 37.722017695929637 ] } },
{ "type": "Feature", "properties": { "id": "g661", "minutes": 46.0, "lon": -122.46496861092193, "lat": 37.722007418726044 }, "geometry": { "type": "Point", "coordinates": [ -122.464968610921929, 37.722007418726044 ] } },
{ "type": "Feature", "properties": { "id": "g662", "minutes": 45.0, "lon": -122.46269927712865, "lat": 37.721997097842738 }, "geometry": { "type": "Point", "coordinates": [ -122.46269927712865, 37.721997097842738 ] } },
{ "type": "Feature", "properties": { "id": "g663", "minutes": 44.0, "lon": -122.46042994449606, "lat": 37.721986733279749 }, "geometry": { "type": "Point", "coordinates": [ -122.460429944496056, 37.721986733279749 ] } },
{ "type": "Feature", "properties": { "id": "g664", "minutes": 40.0, "lon": -122.45816061302901, "lat": 37.721976325037161 }, "geometry": { "type": "Point", "coordinates": [ -122.458160613029008, 37.721976325037161 ] } },
{ "type": "Feature", "properties": { "id": "g665", "minutes": 38.0, "lon": -122.45589128273244, "lat": 37.721965873115053 }, "geometry": { "type": "Point", "coordinates": [ -122.455891282732438, 37.721965873115053 ] } },
{ "type": "Feature", "properties": { "id": "g666", "minutes": 38.0, "lon": -122.45362195361122, "lat": 37.721955377513488 }, "geometry": { "type": "Point", "coordinates": [ -122.453621953611218, 37.721955377513488 ] } },
{ "type": "Feature", "properties": { "id": "g667", "minutes": 37.0, "lon": -122.45135262567028, "lat": 37.721944838232545 }, "geometry": { "type": "Point", "coordinates": [ -122.451352625670282, 37.721944838232545 ] } },
{ "type": "Feature", "properties": { "id": "g668", "minutes": 28.0, "lon": -122.44908329891454, "lat": 37.721934255272267 }, "geometry": { "type": "Point", "coordinates": [ -122.449083298914545, 37.721934255272267 ] } },
{ "type": "Feature", "properties": { "id": "g669", "minutes": 30.0, "lon": -122.44681397334885, "lat": 37.721923628632752 }, "geometry": { "type": "Point", "coordinates": [ -122.446813973348853, 37.721923628632752 ] } },
{ "type": "Feature", "properties": { "id": "g670", "minutes": 32.0, "lon": -122.44454464897814, "lat": 37.721912958314057 }, "geometry": { "type": "Point", "coordinates": [ -122.444544648978138, 37.721912958314057 ] } },
{ "type": "Feature", "properties": { "id": "g671", "minutes": 36.0, "lon": -122.4422753258073, "lat": 37.721902244316254 }, "geometry": { "type": "Point", "coordinates": [ -122.442275325807302, 37.721902244316254 ] } },
{ "type": "Feature", "properties": { "id": "g672", "minutes": 38.0, "lon": -122.44000600384123, "lat": 37.721891486639429 }, "geometry": { "type": "Point", "coordinates": [ -122.440006003841233, 37.721891486639429 ] } },
{ "type": "Feature", "properties": { "id": "g673", "minutes": 38.0, "lon": -122.43773668308485, "lat": 37.721880685283637 }, "geometry": { "type": "Point", "coordinates": [ -122.43773668308485, 37.721880685283637 ] } },
{ "type": "Feature", "properties": { "id": "g674", "minutes": 37.0, "lon": -122.43546736354305, "lat": 37.721869840248949 }, "geometry": { "type": "Point", "coordinates": [ -122.435467363543054, 37.721869840248949 ] } },
{ "type": "Feature", "properties": { "id": "g675", "minutes": 38.0, "lon": -122.43319804522071, "lat": 37.721858951535445 }, "geometry": { "type": "Point", "coordinates": [ -122.433198045220706, 37.721858951535445 ] } },
{ "type": "Feature", "properties": { "id": "g676", "minutes": 39.0, "lon": -122.43092872812278, "lat": 37.721848019143195 }, "geometry": { "type": "Point", "coordinates": [ -122.43092872812278, 37.721848019143195 ] } },
{ "type": "Feature", "properties": { "id": "g677", "minutes": 40.0, "lon": -122.42865941225412, "lat": 37.72183704307227 }, "geometry": { "type": "Point", "coordinates": [ -122.42865941225412, 37.72183704307227 ] } },
{ "type": "Feature", "properties": { "id": "g678", "minutes": 43.0, "lon": -122.42639009761963, "lat": 37.721826023322741 }, "geometry": { "type": "Point", "coordinates": [ -122.426390097619631, 37.721826023322741 ] } },
{ "type": "Feature", "properties": { "id": "g679", "minutes": 45.0, "lon": -122.42412078422423, "lat": 37.721814959894687 }, "geometry": { "type": "Point", "coordinates": [ -122.424120784224229, 37.721814959894687 ] } },
{ "type": "Feature", "properties": { "id": "g680", "minutes": 49.0, "lon": -122.42185147207282, "lat": 37.721803852788192 }, "geometry": { "type": "Point", "coordinates": [ -122.421851472072817, 37.721803852788192 ] } },
{ "type": "Feature", "properties": { "id": "g681", "minutes": 50.0, "lon": -122.41958216117028, "lat": 37.721792702003299 }, "geometry": { "type": "Point", "coordinates": [ -122.419582161170283, 37.721792702003299 ] } },
{ "type": "Feature", "properties": { "id": "g682", "minutes": 53.0, "lon": -122.41731285152153, "lat": 37.721781507540108 }, "geometry": { "type": "Point", "coordinates": [ -122.41731285152153, 37.721781507540108 ] } },
{ "type": "Feature", "properties": { "id": "g683", "minutes": 51.0, "lon": -122.41504354313147, "lat": 37.721770269398689 }, "geometry": { "type": "Point", "coordinates": [ -122.415043543131475, 37.721770269398689 ] } },
{ "type": "Feature", "properties": { "id": "g684", "minutes": 50.0, "lon": -122.41277423600502, "lat": 37.721758987579108 }, "geometry": { "type": "Point", "coordinates": [ -122.412774236005021, 37.721758987579108 ] } },
{ "type": "Feature", "properties": { "id": "g685", "minutes": 47.0, "lon": -122.41050493014704, "lat": 37.721747662081448 }, "geometry": { "type": "Point", "coordinates": [ -122.410504930147042, 37.721747662081448 ] } },
{ "type": "Feature", "properties": { "id": "g686", "minutes": 46.0, "lon": -122.40823562556243, "lat": 37.721736292905788 }, "geometry": { "type": "Point", "coordinates": [ -122.408235625562426, 37.721736292905788 ] } },
{ "type": "Feature", "properties": { "id": "g687", "minutes": 42.0, "lon": -122.40596632225612, "lat": 37.721724880052186 }, "geometry": { "type": "Point", "coordinates": [ -122.40596632225612, 37.721724880052186 ] } },
{ "type": "Feature", "properties": { "id": "g688", "minutes": 39.0, "lon": -122.40369702023301, "lat": 37.721713423520733 }, "geometry": { "type": "Point", "coordinates": [ -122.403697020233011, 37.721713423520733 ] } },
{ "type": "Feature", "properties": { "id": "g689", "minutes": 35.0, "lon": -122.40142771949799, "lat": 37.721701923311514 }, "geometry": { "type": "Point", "coordinates": [ -122.401427719497988, 37.721701923311514 ] } },
{ "type": "Feature", "properties": { "id": "g690", "minutes": 43.0, "lon": -122.39915842005595, "lat": 37.721690379424594 }, "geometry": { "type": "Point", "coordinates": [ -122.399158420055954, 37.721690379424594 ] } },
{ "type": "Feature", "properties": { "id": "g691", "minutes": 44.0, "lon": -122.39688912191181, "lat": 37.721678791860036 }, "geometry": { "type": "Point", "coordinates": [ -122.396889121911812, 37.721678791860036 ] } },
{ "type": "Feature", "properties": { "id": "g692", "minutes": 45.0, "lon": -122.39461982507045, "lat": 37.72166716061794 }, "geometry": { "type": "Point", "coordinates": [ -122.39461982507045, 37.72166716061794 ] } },
{ "type": "Feature", "properties": { "id": "g693", "minutes": 48.0, "lon": -122.39235052953681, "lat": 37.721655485698363 }, "geometry": { "type": "Point", "coordinates": [ -122.392350529536813, 37.721655485698363 ] } },
{ "type": "Feature", "properties": { "id": "g694", "minutes": 52.0, "lon": -122.39008123531573, "lat": 37.721643767101391 }, "geometry": { "type": "Point", "coordinates": [ -122.390081235315733, 37.721643767101391 ] } },
{ "type": "Feature", "properties": { "id": "g695", "minutes": 57.0, "lon": -122.38781194241218, "lat": 37.721632004827114 }, "geometry": { "type": "Point", "coordinates": [ -122.387811942412185, 37.721632004827114 ] } },
{ "type": "Feature", "properties": { "id": "g696", "minutes": 61.0, "lon": -122.385542650831, "lat": 37.721620198875598 }, "geometry": { "type": "Point", "coordinates": [ -122.385542650830999, 37.721620198875598 ] } },
{ "type": "Feature", "properties": { "id": "g697", "minutes": 62.0, "lon": -122.38327336057714, "lat": 37.721608349246921 }, "geometry": { "type": "Point", "coordinates": [ -122.383273360577135, 37.721608349246921 ] } },
{ "type": "Feature", "properties": { "id": "g698", "minutes": 61.0, "lon": -122.38100407165545, "lat": 37.721596455941174 }, "geometry": { "type": "Point", "coordinates": [ -122.381004071655454, 37.721596455941174 ] } },
{ "type": "Feature", "properties": { "id": "g699", "minutes": 61.0, "lon": -122.37873478407086, "lat": 37.721584518958416 }, "geometry": { "type": "Point", "coordinates": [ -122.378734784070858, 37.721584518958416 ] } },
{ "type": "Feature", "properties": { "id": "g700", "minutes": 64.0, "lon": -122.37646549782826, "lat": 37.721572538298737 }, "geometry": { "type": "Point", "coordinates": [ -122.376465497828264, 37.721572538298737 ] } },
{ "type": "Feature", "properties": { "id": "g701", "minutes": 67.0, "lon": -122.37419621293259, "lat": 37.721560513962224 }, "geometry": { "type": "Point", "coordinates": [ -122.374196212932588, 37.721560513962224 ] } },
{ "type": "Feature", "properties": { "id": "g702", "minutes": 43.0, "lon": -122.37192692938869, "lat": 37.721548445948947 }, "geometry": { "type": "Point", "coordinates": [ -122.371926929388692, 37.721548445948947 ] } },
{ "type": "Feature", "properties": { "id": "g703", "minutes": 48.0, "lon": -122.36965764720152, "lat": 37.721536334258985 }, "geometry": { "type": "Point", "coordinates": [ -122.369657647201521, 37.721536334258985 ] } },
{ "type": "Feature", "properties": { "id": "g704", "minutes": 48.0, "lon": -122.36738836637591, "lat": 37.721524178892423 }, "geometry": { "type": "Point", "coordinates": [ -122.367388366375906, 37.721524178892423 ] } },
{ "type": "Feature", "properties": { "id": "g705", "minutes": 48.0, "lon": -122.36511908691683, "lat": 37.721511979849346 }, "geometry": { "type": "Point", "coordinates": [ -122.365119086916835, 37.721511979849346 ] } },
{ "type": "Feature", "properties": { "id": "g706", "minutes": 51.0, "lon": -122.36284980882914, "lat": 37.721499737129825 }, "geometry": { "type": "Point", "coordinates": [ -122.362849808829139, 37.721499737129825 ] } },
{ "type": "Feature", "properties": { "id": "g707", "minutes": 51.0, "lon": -122.36058053211774, "lat": 37.72148745073396 }, "geometry": { "type": "Point", "coordinates": [ -122.360580532117737, 37.72148745073396 ] } },
{ "type": "Feature", "properties": { "id": "g708", "minutes": 52.0, "lon": -122.35831125678754, "lat": 37.7214751206618 }, "geometry": { "type": "Point", "coordinates": [ -122.358311256787545, 37.7214751206618 ] } },
{ "type": "Feature", "properties": { "id": "g713", "minutes": 69.0, "lon": -122.50807424546424, "lat": 37.723997814689923 }, "geometry": { "type": "Point", "coordinates": [ -122.508074245464243, 37.723997814689923 ] } },
{ "type": "Feature", "properties": { "id": "g714", "minutes": 69.0, "lon": -122.50580483555711, "lat": 37.723988323119812 }, "geometry": { "type": "Point", "coordinates": [ -122.505804835557115, 37.723988323119812 ] } },
{ "type": "Feature", "properties": { "id": "g715", "minutes": 67.0, "lon": -122.50353542671763, "lat": 37.72397878786596 }, "geometry": { "type": "Point", "coordinates": [ -122.503535426717633, 37.72397878786596 ] } },
{ "type": "Feature", "properties": { "id": "g716", "minutes": 61.0, "lon": -122.50126601895072, "lat": 37.72396920892843 }, "geometry": { "type": "Point", "coordinates": [ -122.501266018950716, 37.72396920892843 ] } },
{ "type": "Feature", "properties": { "id": "g717", "minutes": 62.0, "lon": -122.49899661226124, "lat": 37.723959586307288 }, "geometry": { "type": "Point", "coordinates": [ -122.498996612261237, 37.723959586307288 ] } },
{ "type": "Feature", "properties": { "id": "g718", "minutes": 62.0, "lon": -122.4967272066541, "lat": 37.723949920002596 }, "geometry": { "type": "Point", "coordinates": [ -122.4967272066541, 37.723949920002596 ] } },
{ "type": "Feature", "properties": { "id": "g719", "minutes": 62.0, "lon": -122.49445780213422, "lat": 37.723940210014419 }, "geometry": { "type": "Point", "coordinates": [ -122.494457802134221, 37.723940210014419 ] } },
{ "type": "Feature", "properties": { "id": "g720", "minutes": 61.0, "lon": -122.49218839870649, "lat": 37.723930456342813 }, "geometry": { "type": "Point", "coordinates": [ -122.492188398706489, 37.723930456342813 ] } },
{ "type": "Feature", "properties": { "id": "g721", "minutes": 67.0, "lon": -122.48991899637582, "lat": 37.723920658987858 }, "geometry": { "type": "Point", "coordinates": [ -122.48991899637582, 37.723920658987858 ] } },
{ "type": "Feature", "properties": { "id": "g722", "minutes": 70.0, "lon": -122.4876495951471, "lat": 37.723910817949616 }, "geometry": { "type": "Point", "coordinates": [ -122.487649595147104, 37.723910817949616 ] } },
{ "type": "Feature", "properties": { "id": "g723", "minutes": 51.0, "lon": -122.48538019502524, "lat": 37.723900933228144 }, "geometry": { "type": "Point", "coordinates": [ -122.485380195025243, 37.723900933228144 ] } },
{ "type": "Feature", "properties": { "id": "g724", "minutes": 51.0, "lon": -122.48311079601515, "lat": 37.723891004823507 }, "geometry": { "type": "Point", "coordinates": [ -122.483110796015154, 37.723891004823507 ] } },
{ "type": "Feature", "properties": { "id": "g725", "minutes": 51.0, "lon": -122.48084139812168, "lat": 37.723881032735775 }, "geometry": { "type": "Point", "coordinates": [ -122.480841398121683, 37.723881032735775 ] } },
{ "type": "Feature", "properties": { "id": "g726", "minutes": 48.0, "lon": -122.47857200134982, "lat": 37.72387101696502 }, "geometry": { "type": "Point", "coordinates": [ -122.478572001349818, 37.72387101696502 ] } },
{ "type": "Feature", "properties": { "id": "g727", "minutes": 48.0, "lon": -122.47630260570442, "lat": 37.723860957511299 }, "geometry": { "type": "Point", "coordinates": [ -122.476302605704419, 37.723860957511299 ] } },
{ "type": "Feature", "properties": { "id": "g728", "minutes": 44.0, "lon": -122.47403321119036, "lat": 37.723850854374696 }, "geometry": { "type": "Point", "coordinates": [ -122.47403321119036, 37.723850854374696 ] } },
{ "type": "Feature", "properties": { "id": "g729", "minutes": 46.0, "lon": -122.4717638178126, "lat": 37.723840707555254 }, "geometry": { "type": "Point", "coordinates": [ -122.471763817812601, 37.723840707555254 ] } },
{ "type": "Feature", "properties": { "id": "g730", "minutes": 48.0, "lon": -122.469494425576, "lat": 37.723830517053059 }, "geometry": { "type": "Point", "coordinates": [ -122.469494425576002, 37.723830517053059 ] } },
{ "type": "Feature", "properties": { "id": "g731", "minutes": 48.0, "lon": -122.46722503448547, "lat": 37.723820282868175 }, "geometry": { "type": "Point", "coordinates": [ -122.467225034485466, 37.723820282868175 ] } },
{ "type": "Feature", "properties": { "id": "g732", "minutes": 44.0, "lon": -122.46495564454591, "lat": 37.723810005000665 }, "geometry": { "type": "Point", "coordinates": [ -122.46495564454591, 37.723810005000665 ] } },
{ "type": "Feature", "properties": { "id": "g733", "minutes": 43.0, "lon": -122.46268625576222, "lat": 37.723799683450601 }, "geometry": { "type": "Point", "coordinates": [ -122.462686255762222, 37.723799683450601 ] } },
{ "type": "Feature", "properties": { "id": "g734", "minutes": 42.0, "lon": -122.46041686813933, "lat": 37.723789318218046 }, "geometry": { "type": "Point", "coordinates": [ -122.460416868139333, 37.723789318218046 ] } },
{ "type": "Feature", "properties": { "id": "g735", "minutes": 40.0, "lon": -122.4581474816821, "lat": 37.723778909303071 }, "geometry": { "type": "Point", "coordinates": [ -122.458147481682104, 37.723778909303071 ] } },
{ "type": "Feature", "properties": { "id": "g736", "minutes": 38.0, "lon": -122.45587809639544, "lat": 37.723768456705763 }, "geometry": { "type": "Point", "coordinates": [ -122.455878096395438, 37.723768456705763 ] } },
{ "type": "Feature", "properties": { "id": "g737", "minutes": 35.0, "lon": -122.45360871228429, "lat": 37.723757960426155 }, "geometry": { "type": "Point", "coordinates": [ -122.453608712284293, 37.723757960426155 ] } },
{ "type": "Feature", "properties": { "id": "g738", "minutes": 33.0, "lon": -122.4513393293535, "lat": 37.723747420464349 }, "geometry": { "type": "Point", "coordinates": [ -122.451339329353502, 37.723747420464349 ] } },
{ "type": "Feature", "properties": { "id": "g739", "minutes": 33.0, "lon": -122.449069947608, "lat": 37.723736836820407 }, "geometry": { "type": "Point", "coordinates": [ -122.449069947607995, 37.723736836820407 ] } },
{ "type": "Feature", "properties": { "id": "g740", "minutes": 28.0, "lon": -122.44680056705268, "lat": 37.723726209494401 }, "geometry": { "type": "Point", "coordinates": [ -122.446800567052676, 37.723726209494401 ] } },
{ "type": "Feature", "properties": { "id": "g741", "minutes": 32.0, "lon": -122.44453118769246, "lat": 37.723715538486388 }, "geometry": { "type": "Point", "coordinates": [ -122.444531187692462, 37.723715538486388 ] } },
{ "type": "Feature", "properties": { "id": "g742", "minutes": 35.0, "lon": -122.44226180953223, "lat": 37.723704823796446 }, "geometry": { "type": "Point", "coordinates": [ -122.442261809532226, 37.723704823796446 ] } },
{ "type": "Feature", "properties": { "id": "g743", "minutes": 36.0, "lon": -122.4399924325769, "lat": 37.723694065424652 }, "geometry": { "type": "Point", "coordinates": [ -122.439992432576901, 37.723694065424652 ] } },
{ "type": "Feature", "properties": { "id": "g744", "minutes": 36.0, "lon": -122.43772305683135, "lat": 37.723683263371072 }, "geometry": { "type": "Point", "coordinates": [ -122.437723056831345, 37.723683263371072 ] } },
{ "type": "Feature", "properties": { "id": "g745", "minutes": 36.0, "lon": -122.43545368230048, "lat": 37.723672417635797 }, "geometry": { "type": "Point", "coordinates": [ -122.435453682300476, 37.723672417635797 ] } },
{ "type": "Feature", "properties": { "id": "g746", "minutes": 39.0, "lon": -122.43318430898923, "lat": 37.723661528218855 }, "geometry": { "type": "Point", "coordinates": [ -122.433184308989226, 37.723661528218855 ] } },
{ "type": "Feature", "properties": { "id": "g747", "minutes": 39.0, "lon": -122.43091493690245, "lat": 37.723650595120361 }, "geometry": { "type": "Point", "coordinates": [ -122.430914936902454, 37.723650595120361 ] } },
{ "type": "Feature", "properties": { "id": "g748", "minutes": 40.0, "lon": -122.42864556604508, "lat": 37.723639618340364 }, "geometry": { "type": "Point", "coordinates": [ -122.428645566045077, 37.723639618340364 ] } },
{ "type": "Feature", "properties": { "id": "g749", "minutes": 43.0, "lon": -122.42637619642198, "lat": 37.723628597878957 }, "geometry": { "type": "Point", "coordinates": [ -122.426376196421984, 37.723628597878957 ] } },
{ "type": "Feature", "properties": { "id": "g750", "minutes": 46.0, "lon": -122.42410682803812, "lat": 37.723617533736196 }, "geometry": { "type": "Point", "coordinates": [ -122.42410682803812, 37.723617533736196 ] } },
{ "type": "Feature", "properties": { "id": "g751", "minutes": 49.0, "lon": -122.42183746089836, "lat": 37.723606425912159 }, "geometry": { "type": "Point", "coordinates": [ -122.421837460898359, 37.723606425912159 ] } },
{ "type": "Feature", "properties": { "id": "g752", "minutes": 48.0, "lon": -122.41956809500759, "lat": 37.723595274406918 }, "geometry": { "type": "Point", "coordinates": [ -122.419568095007591, 37.723595274406918 ] } },
{ "type": "Feature", "properties": { "id": "g753", "minutes": 48.0, "lon": -122.41729873037072, "lat": 37.723584079220551 }, "geometry": { "type": "Point", "coordinates": [ -122.417298730370717, 37.723584079220551 ] } },
{ "type": "Feature", "properties": { "id": "g754", "minutes": 51.0, "lon": -122.41502936699266, "lat": 37.723572840353128 }, "geometry": { "type": "Point", "coordinates": [ -122.415029366992655, 37.723572840353128 ] } },
{ "type": "Feature", "properties": { "id": "g755", "minutes": 49.0, "lon": -122.41276000487829, "lat": 37.723561557804736 }, "geometry": { "type": "Point", "coordinates": [ -122.412760004878294, 37.723561557804736 ] } },
{ "type": "Feature", "properties": { "id": "g756", "minutes": 51.0, "lon": -122.41049064403258, "lat": 37.723550231575437 }, "geometry": { "type": "Point", "coordinates": [ -122.410490644032578, 37.723550231575437 ] } },
{ "type": "Feature", "properties": { "id": "g757", "minutes": 44.0, "lon": -122.40822128446032, "lat": 37.723538861665318 }, "geometry": { "type": "Point", "coordinates": [ -122.408221284460325, 37.723538861665318 ] } },
{ "type": "Feature", "properties": { "id": "g758", "minutes": 44.0, "lon": -122.40595192616649, "lat": 37.723527448074428 }, "geometry": { "type": "Point", "coordinates": [ -122.405951926166495, 37.723527448074428 ] } },
{ "type": "Feature", "properties": { "id": "g759", "minutes": 37.0, "lon": -122.40368256915599, "lat": 37.723515990802881 }, "geometry": { "type": "Point", "coordinates": [ -122.40368256915599, 37.723515990802881 ] } },
{ "type": "Feature", "properties": { "id": "g760", "minutes": 36.0, "lon": -122.4014132134337, "lat": 37.723504489850733 }, "geometry": { "type": "Point", "coordinates": [ -122.401413213433699, 37.723504489850733 ] } },
{ "type": "Feature", "properties": { "id": "g761", "minutes": 39.0, "lon": -122.39914385900451, "lat": 37.723492945218048 }, "geometry": { "type": "Point", "coordinates": [ -122.399143859004511, 37.723492945218048 ] } },
{ "type": "Feature", "properties": { "id": "g762", "minutes": 46.0, "lon": -122.39687450587333, "lat": 37.723481356904934 }, "geometry": { "type": "Point", "coordinates": [ -122.396874505873328, 37.723481356904934 ] } },
{ "type": "Feature", "properties": { "id": "g763", "minutes": 46.0, "lon": -122.39460515404507, "lat": 37.723469724911432 }, "geometry": { "type": "Point", "coordinates": [ -122.394605154045067, 37.723469724911432 ] } },
{ "type": "Feature", "properties": { "id": "g764", "minutes": 49.0, "lon": -122.39233580352465, "lat": 37.723458049237657 }, "geometry": { "type": "Point", "coordinates": [ -122.392335803524645, 37.723458049237657 ] } },
{ "type": "Feature", "properties": { "id": "g765", "minutes": 53.0, "lon": -122.39006645431692, "lat": 37.723446329883657 }, "geometry": { "type": "Point", "coordinates": [ -122.390066454316923, 37.723446329883657 ] } },
{ "type": "Feature", "properties": { "id": "g766", "minutes": 54.0, "lon": -122.38779710642682, "lat": 37.723434566849519 }, "geometry": { "type": "Point", "coordinates": [ -122.387797106426817, 37.723434566849519 ] } },
{ "type": "Feature", "properties": { "id": "g767", "minutes": 65.0, "lon": -122.38552775985924, "lat": 37.723422760135328 }, "geometry": { "type": "Point", "coordinates": [ -122.385527759859244, 37.723422760135328 ] } },
{ "type": "Feature", "properties": { "id": "g768", "minutes": 60.0, "lon": -122.38325841461906, "lat": 37.723410909741162 }, "geometry": { "type": "Point", "coordinates": [ -122.383258414619064, 37.723410909741162 ] } },
{ "type": "Feature", "properties": { "id": "g769", "minutes": 62.0, "lon": -122.38098907071122, "lat": 37.723399015667084 }, "geometry": { "type": "Point", "coordinates": [ -122.380989070711223, 37.723399015667084 ] } },
{ "type": "Feature", "properties": { "id": "g770", "minutes": 64.0, "lon": -122.37871972814061, "lat": 37.723387077913188 }, "geometry": { "type": "Point", "coordinates": [ -122.378719728140609, 37.723387077913188 ] } },
{ "type": "Feature", "properties": { "id": "g771", "minutes": 67.0, "lon": -122.37645038691214, "lat": 37.723375096479558 }, "geometry": { "type": "Point", "coordinates": [ -122.37645038691214, 37.723375096479558 ] } },
{ "type": "Feature", "properties": { "id": "g772", "minutes": 53.0, "lon": -122.37418104703067, "lat": 37.723363071366258 }, "geometry": { "type": "Point", "coordinates": [ -122.374181047030675, 37.723363071366258 ] } },
{ "type": "Feature", "properties": { "id": "g773", "minutes": 43.0, "lon": -122.37191170850112, "lat": 37.723351002573374 }, "geometry": { "type": "Point", "coordinates": [ -122.371911708501116, 37.723351002573374 ] } },
{ "type": "Feature", "properties": { "id": "g774", "minutes": 43.0, "lon": -122.36964237132841, "lat": 37.72333889010099 }, "geometry": { "type": "Point", "coordinates": [ -122.36964237132841, 37.72333889010099 ] } },
{ "type": "Feature", "properties": { "id": "g775", "minutes": 48.0, "lon": -122.36737303551742, "lat": 37.723326733949193 }, "geometry": { "type": "Point", "coordinates": [ -122.367373035517417, 37.723326733949193 ] } },
{ "type": "Feature", "properties": { "id": "g776", "minutes": 48.0, "lon": -122.36510370107308, "lat": 37.723314534118039 }, "geometry": { "type": "Point", "coordinates": [ -122.365103701073082, 37.723314534118039 ] } },
{ "type": "Feature", "properties": { "id": "g777", "minutes": 51.0, "lon": -122.36283436800026, "lat": 37.723302290607641 }, "geometry": { "type": "Point", "coordinates": [ -122.362834368000264, 37.723302290607641 ] } },
{ "type": "Feature", "properties": { "id": "g778", "minutes": 52.0, "lon": -122.36056503630387, "lat": 37.723290003418057 }, "geometry": { "type": "Point", "coordinates": [ -122.360565036303868, 37.723290003418057 ] } },
{ "type": "Feature", "properties": { "id": "g779", "minutes": 57.0, "lon": -122.35829570598879, "lat": 37.723277672549372 }, "geometry": { "type": "Point", "coordinates": [ -122.358295705988795, 37.723277672549372 ] } },
{ "type": "Feature", "properties": { "id": "g784", "minutes": 79.0, "lon": -122.50806232286341, "lat": 37.725800412540778 }, "geometry": { "type": "Point", "coordinates": [ -122.50806232286341, 37.725800412540778 ] } },
{ "type": "Feature", "properties": { "id": "g785", "minutes": 72.0, "lon": -122.50579285795899, "lat": 37.725790920357525 }, "geometry": { "type": "Point", "coordinates": [ -122.505792857958994, 37.725790920357525 ] } },
{ "type": "Feature", "properties": { "id": "g787", "minutes": 57.0, "lon": -122.50125393135828, "lat": 37.725771804931348 }, "geometry": { "type": "Point", "coordinates": [ -122.501253931358278, 37.725771804931348 ] } },
{ "type": "Feature", "properties": { "id": "g788", "minutes": 61.0, "lon": -122.49898446967178, "lat": 37.725762181688573 }, "geometry": { "type": "Point", "coordinates": [ -122.498984469671782, 37.725762181688573 ] } },
{ "type": "Feature", "properties": { "id": "g789", "minutes": 63.0, "lon": -122.49671500906776, "lat": 37.725752514759435 }, "geometry": { "type": "Point", "coordinates": [ -122.496715009067756, 37.725752514759435 ] } },
{ "type": "Feature", "properties": { "id": "g790", "minutes": 57.0, "lon": -122.49444554955107, "lat": 37.725742804143977 }, "geometry": { "type": "Point", "coordinates": [ -122.494445549551074, 37.725742804143977 ] } },
{ "type": "Feature", "properties": { "id": "g791", "minutes": 57.0, "lon": -122.49217609112665, "lat": 37.725733049842283 }, "geometry": { "type": "Point", "coordinates": [ -122.492176091126652, 37.725733049842283 ] } },
{ "type": "Feature", "properties": { "id": "g792", "minutes": 61.0, "lon": -122.48990663379941, "lat": 37.725723251854404 }, "geometry": { "type": "Point", "coordinates": [ -122.489906633799407, 37.725723251854404 ] } },
{ "type": "Feature", "properties": { "id": "g793", "minutes": 68.0, "lon": -122.4876371775742, "lat": 37.725713410180425 }, "geometry": { "type": "Point", "coordinates": [ -122.4876371775742, 37.725713410180425 ] } },
{ "type": "Feature", "properties": { "id": "g795", "minutes": 55.0, "lon": -122.48309826844958, "lat": 37.725693595774381 }, "geometry": { "type": "Point", "coordinates": [ -122.483098268449581, 37.725693595774381 ] } },
{ "type": "Feature", "properties": { "id": "g796", "minutes": 51.0, "lon": -122.48082881555997, "lat": 37.72568362304245 }, "geometry": { "type": "Point", "coordinates": [ -122.480828815559974, 37.72568362304245 ] } },
{ "type": "Feature", "properties": { "id": "g797", "minutes": 45.0, "lon": -122.47855936379204, "lat": 37.725673606624675 }, "geometry": { "type": "Point", "coordinates": [ -122.478559363792044, 37.725673606624675 ] } },
{ "type": "Feature", "properties": { "id": "g798", "minutes": 42.0, "lon": -122.47628991315068, "lat": 37.725663546521105 }, "geometry": { "type": "Point", "coordinates": [ -122.47628991315068, 37.725663546521105 ] } },
{ "type": "Feature", "properties": { "id": "g799", "minutes": 42.0, "lon": -122.47402046364078, "lat": 37.725653442731826 }, "geometry": { "type": "Point", "coordinates": [ -122.474020463640784, 37.725653442731826 ] } },
{ "type": "Feature", "properties": { "id": "g800", "minutes": 43.0, "lon": -122.47175101526729, "lat": 37.725643295256901 }, "geometry": { "type": "Point", "coordinates": [ -122.471751015267287, 37.725643295256901 ] } },
{ "type": "Feature", "properties": { "id": "g801", "minutes": 44.0, "lon": -122.46948156803505, "lat": 37.725633104096396 }, "geometry": { "type": "Point", "coordinates": [ -122.46948156803505, 37.725633104096396 ] } },
{ "type": "Feature", "properties": { "id": "g802", "minutes": 45.0, "lon": -122.46721212194899, "lat": 37.725622869250373 }, "geometry": { "type": "Point", "coordinates": [ -122.46721212194899, 37.725622869250373 ] } },
{ "type": "Feature", "properties": { "id": "g803", "minutes": 42.0, "lon": -122.46494267701404, "lat": 37.725612590718903 }, "geometry": { "type": "Point", "coordinates": [ -122.464942677014037, 37.725612590718903 ] } },
{ "type": "Feature", "properties": { "id": "g804", "minutes": 41.0, "lon": -122.46267323323504, "lat": 37.725602268502072 }, "geometry": { "type": "Point", "coordinates": [ -122.462673233235037, 37.725602268502072 ] } },
{ "type": "Feature", "properties": { "id": "g805", "minutes": 43.0, "lon": -122.46040379061692, "lat": 37.725591902599909 }, "geometry": { "type": "Point", "coordinates": [ -122.460403790616922, 37.725591902599909 ] } },
{ "type": "Feature", "properties": { "id": "g806", "minutes": 44.0, "lon": -122.45813434916462, "lat": 37.72558149301252 }, "geometry": { "type": "Point", "coordinates": [ -122.458134349164624, 37.72558149301252 ] } },
{ "type": "Feature", "properties": { "id": "g807", "minutes": 42.0, "lon": -122.45586490888299, "lat": 37.725571039739954 }, "geometry": { "type": "Point", "coordinates": [ -122.455864908882987, 37.725571039739954 ] } },
{ "type": "Feature", "properties": { "id": "g808", "minutes": 39.0, "lon": -122.45359546977697, "lat": 37.725560542782297 }, "geometry": { "type": "Point", "coordinates": [ -122.453595469776971, 37.725560542782297 ] } },
{ "type": "Feature", "properties": { "id": "g809", "minutes": 38.0, "lon": -122.45132603185144, "lat": 37.725550002139613 }, "geometry": { "type": "Point", "coordinates": [ -122.451326031851437, 37.725550002139613 ] } },
{ "type": "Feature", "properties": { "id": "g810", "minutes": 36.0, "lon": -122.4490565951113, "lat": 37.725539417811952 }, "geometry": { "type": "Point", "coordinates": [ -122.449056595111301, 37.725539417811952 ] } },
{ "type": "Feature", "properties": { "id": "g811", "minutes": 38.0, "lon": -122.44678715956147, "lat": 37.725528789799412 }, "geometry": { "type": "Point", "coordinates": [ -122.446787159561467, 37.725528789799412 ] } },
{ "type": "Feature", "properties": { "id": "g812", "minutes": 36.0, "lon": -122.44451772520681, "lat": 37.725518118102059 }, "geometry": { "type": "Point", "coordinates": [ -122.444517725206808, 37.725518118102059 ] } },
{ "type": "Feature", "properties": { "id": "g813", "minutes": 36.0, "lon": -122.44224829205227, "lat": 37.725507402719941 }, "geometry": { "type": "Point", "coordinates": [ -122.44224829205227, 37.725507402719941 ] } },
{ "type": "Feature", "properties": { "id": "g814", "minutes": 39.0, "lon": -122.43997886010276, "lat": 37.725496643653152 }, "geometry": { "type": "Point", "coordinates": [ -122.439978860102755, 37.725496643653152 ] } },
{ "type": "Feature", "properties": { "id": "g815", "minutes": 39.0, "lon": -122.43770942936312, "lat": 37.725485840901769 }, "geometry": { "type": "Point", "coordinates": [ -122.437709429363125, 37.725485840901769 ] } },
{ "type": "Feature", "properties": { "id": "g816", "minutes": 39.0, "lon": -122.43543999983831, "lat": 37.725474994465834 }, "geometry": { "type": "Point", "coordinates": [ -122.435439999838309, 37.725474994465834 ] } },
{ "type": "Feature", "properties": { "id": "g817", "minutes": 37.0, "lon": -122.4331705715332, "lat": 37.725464104345448 }, "geometry": { "type": "Point", "coordinates": [ -122.433170571533196, 37.725464104345448 ] } },
{ "type": "Feature", "properties": { "id": "g818", "minutes": 39.0, "lon": -122.43090114445272, "lat": 37.725453170540661 }, "geometry": { "type": "Point", "coordinates": [ -122.430901144452719, 37.725453170540661 ] } },
{ "type": "Feature", "properties": { "id": "g819", "minutes": 40.0, "lon": -122.42863171860172, "lat": 37.72544219305157 }, "geometry": { "type": "Point", "coordinates": [ -122.428631718601721, 37.72544219305157 ] } },
{ "type": "Feature", "properties": { "id": "g820", "minutes": 42.0, "lon": -122.42636229398516, "lat": 37.725431171878235 }, "geometry": { "type": "Point", "coordinates": [ -122.426362293985164, 37.725431171878235 ] } },
{ "type": "Feature", "properties": { "id": "g821", "minutes": 43.0, "lon": -122.42409287060791, "lat": 37.725420107020717 }, "geometry": { "type": "Point", "coordinates": [ -122.424092870607907, 37.725420107020717 ] } },
{ "type": "Feature", "properties": { "id": "g822", "minutes": 43.0, "lon": -122.42182344847488, "lat": 37.725408998479125 }, "geometry": { "type": "Point", "coordinates": [ -122.421823448474882, 37.725408998479125 ] } },
{ "type": "Feature", "properties": { "id": "g823", "minutes": 45.0, "lon": -122.41955402759099, "lat": 37.725397846253493 }, "geometry": { "type": "Point", "coordinates": [ -122.419554027590991, 37.725397846253493 ] } },
{ "type": "Feature", "properties": { "id": "g824", "minutes": 46.0, "lon": -122.41728460796108, "lat": 37.725386650343921 }, "geometry": { "type": "Point", "coordinates": [ -122.417284607961079, 37.725386650343921 ] } },
{ "type": "Feature", "properties": { "id": "g825", "minutes": 47.0, "lon": -122.41501518959015, "lat": 37.725375410750466 }, "geometry": { "type": "Point", "coordinates": [ -122.41501518959015, 37.725375410750466 ] } },
{ "type": "Feature", "properties": { "id": "g826", "minutes": 47.0, "lon": -122.41274577248301, "lat": 37.72536412747322 }, "geometry": { "type": "Point", "coordinates": [ -122.412745772483007, 37.72536412747322 ] } },
{ "type": "Feature", "properties": { "id": "g827", "minutes": 45.0, "lon": -122.41047635664459, "lat": 37.725352800512248 }, "geometry": { "type": "Point", "coordinates": [ -122.410476356644594, 37.725352800512248 ] } },
{ "type": "Feature", "properties": { "id": "g828", "minutes": 43.0, "lon": -122.40820694207981, "lat": 37.725341429867626 }, "geometry": { "type": "Point", "coordinates": [ -122.408206942079815, 37.725341429867626 ] } },
{ "type": "Feature", "properties": { "id": "g829", "minutes": 41.0, "lon": -122.40593752879359, "lat": 37.725330015539434 }, "geometry": { "type": "Point", "coordinates": [ -122.405937528793586, 37.725330015539434 ] } },
{ "type": "Feature", "properties": { "id": "g830", "minutes": 39.0, "lon": -122.40366811679075, "lat": 37.725318557527736 }, "geometry": { "type": "Point", "coordinates": [ -122.403668116790755, 37.725318557527736 ] } },
{ "type": "Feature", "properties": { "id": "g831", "minutes": 40.0, "lon": -122.40139870607629, "lat": 37.725307055832623 }, "geometry": { "type": "Point", "coordinates": [ -122.401398706076293, 37.725307055832623 ] } },
{ "type": "Feature", "properties": { "id": "g832", "minutes": 42.0, "lon": -122.39912929665505, "lat": 37.72529551045416 }, "geometry": { "type": "Point", "coordinates": [ -122.399129296655047, 37.72529551045416 ] } },
{ "type": "Feature", "properties": { "id": "g833", "minutes": 46.0, "lon": -122.39685988853194, "lat": 37.725283921392439 }, "geometry": { "type": "Point", "coordinates": [ -122.396859888531935, 37.725283921392439 ] } },
{ "type": "Feature", "properties": { "id": "g834", "minutes": 47.0, "lon": -122.39459048171187, "lat": 37.725272288647524 }, "geometry": { "type": "Point", "coordinates": [ -122.394590481711873, 37.725272288647524 ] } },
{ "type": "Feature", "properties": { "id": "g835", "minutes": 50.0, "lon": -122.39232107619974, "lat": 37.725260612219486 }, "geometry": { "type": "Point", "coordinates": [ -122.392321076199735, 37.725260612219486 ] } },
{ "type": "Feature", "properties": { "id": "g836", "minutes": 51.0, "lon": -122.39005167200047, "lat": 37.725248892108425 }, "geometry": { "type": "Point", "coordinates": [ -122.390051672000467, 37.725248892108425 ] } },
{ "type": "Feature", "properties": { "id": "g837", "minutes": 52.0, "lon": -122.38778226911893, "lat": 37.725237128314397 }, "geometry": { "type": "Point", "coordinates": [ -122.387782269118929, 37.725237128314397 ] } },
{ "type": "Feature", "properties": { "id": "g838", "minutes": 52.0, "lon": -122.38551286756004, "lat": 37.725225320837502 }, "geometry": { "type": "Point", "coordinates": [ -122.385512867560038, 37.725225320837502 ] } },
{ "type": "Feature", "properties": { "id": "g839", "minutes": 52.0, "lon": -122.3832434673287, "lat": 37.72521346967779 }, "geometry": { "type": "Point", "coordinates": [ -122.383243467328697, 37.72521346967779 ] } },
{ "type": "Feature", "properties": { "id": "g840", "minutes": 53.0, "lon": -122.38097406842979, "lat": 37.725201574835353 }, "geometry": { "type": "Point", "coordinates": [ -122.380974068429794, 37.725201574835353 ] } },
{ "type": "Feature", "properties": { "id": "g841", "minutes": 54.0, "lon": -122.37870467086825, "lat": 37.725189636310297 }, "geometry": { "type": "Point", "coordinates": [ -122.378704670868245, 37.725189636310297 ] } },
{ "type": "Feature", "properties": { "id": "g842", "minutes": 53.0, "lon": -122.37643527464895, "lat": 37.725177654102659 }, "geometry": { "type": "Point", "coordinates": [ -122.376435274648955, 37.725177654102659 ] } },
{ "type": "Feature", "properties": { "id": "g843", "minutes": 44.0, "lon": -122.37416587977683, "lat": 37.725165628212544 }, "geometry": { "type": "Point", "coordinates": [ -122.374165879776825, 37.725165628212544 ] } },
{ "type": "Feature", "properties": { "id": "g844", "minutes": 42.0, "lon": -122.37189648625672, "lat": 37.725153558640017 }, "geometry": { "type": "Point", "coordinates": [ -122.371896486256716, 37.725153558640017 ] } },
{ "type": "Feature", "properties": { "id": "g845", "minutes": 43.0, "lon": -122.3696270940936, "lat": 37.725141445385177 }, "geometry": { "type": "Point", "coordinates": [ -122.369627094093602, 37.725141445385177 ] } },
{ "type": "Feature", "properties": { "id": "g846", "minutes": 48.0, "lon": -122.36735770329233, "lat": 37.72512928844808 }, "geometry": { "type": "Point", "coordinates": [ -122.367357703292328, 37.72512928844808 ] } },
{ "type": "Feature", "properties": { "id": "g847", "minutes": 51.0, "lon": -122.36508831385781, "lat": 37.725117087828828 }, "geometry": { "type": "Point", "coordinates": [ -122.365088313857811, 37.725117087828828 ] } },
{ "type": "Feature", "properties": { "id": "g848", "minutes": 52.0, "lon": -122.36281892579494, "lat": 37.725104843527504 }, "geometry": { "type": "Point", "coordinates": [ -122.36281892579494, 37.725104843527504 ] } },
{ "type": "Feature", "properties": { "id": "g849", "minutes": 57.0, "lon": -122.36054953910866, "lat": 37.725092555544173 }, "geometry": { "type": "Point", "coordinates": [ -122.360549539108661, 37.725092555544173 ] } },
{ "type": "Feature", "properties": { "id": "g850", "minutes": 57.0, "lon": -122.3582801538038, "lat": 37.725080223878919 }, "geometry": { "type": "Point", "coordinates": [ -122.358280153803804, 37.725080223878919 ] } },
{ "type": "Feature", "properties": { "id": "g856", "minutes": 64.0, "lon": -122.50578087929308, "lat": 37.727593517039367 }, "geometry": { "type": "Point", "coordinates": [ -122.505780879293084, 37.727593517039367 ] } },
{ "type": "Feature", "properties": { "id": "g857", "minutes": 55.0, "lon": -122.5035113604543, "lat": 37.727583980553518 }, "geometry": { "type": "Point", "coordinates": [ -122.503511360454297, 37.727583980553518 ] } },
{ "type": "Feature", "properties": { "id": "g858", "minutes": 54.0, "lon": -122.50124184268827, "lat": 37.727574400378337 }, "geometry": { "type": "Point", "coordinates": [ -122.501241842688273, 37.727574400378337 ] } },
{ "type": "Feature", "properties": { "id": "g859", "minutes": 60.0, "lon": -122.4989723259999, "lat": 37.727564776513915 }, "geometry": { "type": "Point", "coordinates": [ -122.498972325999901, 37.727564776513915 ] } },
{ "type": "Feature", "properties": { "id": "g860", "minutes": 54.0, "lon": -122.49670281039405, "lat": 37.727555108960281 }, "geometry": { "type": "Point", "coordinates": [ -122.496702810394055, 37.727555108960281 ] } },
{ "type": "Feature", "properties": { "id": "g861", "minutes": 52.0, "lon": -122.49443329587569, "lat": 37.727545397717527 }, "geometry": { "type": "Point", "coordinates": [ -122.494433295875695, 37.727545397717527 ] } },
{ "type": "Feature", "properties": { "id": "g862", "minutes": 52.0, "lon": -122.49216378244968, "lat": 37.72753564278571 }, "geometry": { "type": "Point", "coordinates": [ -122.49216378244968, 37.72753564278571 ] } },
{ "type": "Feature", "properties": { "id": "g863", "minutes": 50.0, "lon": -122.48989427012093, "lat": 37.727525844164894 }, "geometry": { "type": "Point", "coordinates": [ -122.489894270120928, 37.727525844164894 ] } },
{ "type": "Feature", "properties": { "id": "g864", "minutes": 49.0, "lon": -122.48762475889433, "lat": 37.727516001855143 }, "geometry": { "type": "Point", "coordinates": [ -122.487624758894327, 37.727516001855143 ] } },
{ "type": "Feature", "properties": { "id": "g865", "minutes": 48.0, "lon": -122.48535524877481, "lat": 37.727506115856521 }, "geometry": { "type": "Point", "coordinates": [ -122.485355248774809, 37.727506115856521 ] } },
{ "type": "Feature", "properties": { "id": "g866", "minutes": 48.0, "lon": -122.48308573976728, "lat": 37.727496186169098 }, "geometry": { "type": "Point", "coordinates": [ -122.483085739767276, 37.727496186169098 ] } },
{ "type": "Feature", "properties": { "id": "g867", "minutes": 46.0, "lon": -122.48081623187659, "lat": 37.727486212792932 }, "geometry": { "type": "Point", "coordinates": [ -122.480816231876588, 37.727486212792932 ] } },
{ "type": "Feature", "properties": { "id": "g868", "minutes": 43.0, "lon": -122.47854672510768, "lat": 37.727476195728102 }, "geometry": { "type": "Point", "coordinates": [ -122.478546725107677, 37.727476195728102 ] } },
{ "type": "Feature", "properties": { "id": "g869", "minutes": 41.0, "lon": -122.47627721946547, "lat": 37.727466134974662 }, "geometry": { "type": "Point", "coordinates": [ -122.476277219465473, 37.727466134974662 ] } },
{ "type": "Feature", "properties": { "id": "g870", "minutes": 40.0, "lon": -122.47400771495484, "lat": 37.727456030532672 }, "geometry": { "type": "Point", "coordinates": [ -122.474007714954837, 37.727456030532672 ] } },
{ "type": "Feature", "properties": { "id": "g871", "minutes": 41.0, "lon": -122.47173821158067, "lat": 37.727445882402229 }, "geometry": { "type": "Point", "coordinates": [ -122.471738211580671, 37.727445882402229 ] } },
{ "type": "Feature", "properties": { "id": "g872", "minutes": 42.0, "lon": -122.46946870934791, "lat": 37.727435690583377 }, "geometry": { "type": "Point", "coordinates": [ -122.469468709347908, 37.727435690583377 ] } },
{ "type": "Feature", "properties": { "id": "g873", "minutes": 39.0, "lon": -122.46719920826143, "lat": 37.727425455076194 }, "geometry": { "type": "Point", "coordinates": [ -122.467199208261434, 37.727425455076194 ] } },
{ "type": "Feature", "properties": { "id": "g874", "minutes": 42.0, "lon": -122.46492970832614, "lat": 37.727415175880743 }, "geometry": { "type": "Point", "coordinates": [ -122.464929708326139, 37.727415175880743 ] } },
{ "type": "Feature", "properties": { "id": "g875", "minutes": 43.0, "lon": -122.46266020954695, "lat": 37.72740485299709 }, "geometry": { "type": "Point", "coordinates": [ -122.462660209546954, 37.72740485299709 ] } },
{ "type": "Feature", "properties": { "id": "g876", "minutes": 46.0, "lon": -122.46039071192875, "lat": 37.727394486425304 }, "geometry": { "type": "Point", "coordinates": [ -122.460390711928753, 37.727394486425304 ] } },
{ "type": "Feature", "properties": { "id": "g877", "minutes": 44.0, "lon": -122.45812121547644, "lat": 37.727384076165457 }, "geometry": { "type": "Point", "coordinates": [ -122.458121215476439, 37.727384076165457 ] } },
{ "type": "Feature", "properties": { "id": "g878", "minutes": 44.0, "lon": -122.45585172019496, "lat": 37.727373622217627 }, "geometry": { "type": "Point", "coordinates": [ -122.455851720194957, 37.727373622217627 ] } },
{ "type": "Feature", "properties": { "id": "g879", "minutes": 41.0, "lon": -122.45358222608915, "lat": 37.727363124581878 }, "geometry": { "type": "Point", "coordinates": [ -122.453582226089154, 37.727363124581878 ] } },
{ "type": "Feature", "properties": { "id": "g880", "minutes": 40.0, "lon": -122.45131273316397, "lat": 37.727352583258259 }, "geometry": { "type": "Point", "coordinates": [ -122.451312733163974, 37.727352583258259 ] } },
{ "type": "Feature", "properties": { "id": "g881", "minutes": 41.0, "lon": -122.44904324142428, "lat": 37.727341998246864 }, "geometry": { "type": "Point", "coordinates": [ -122.449043241424278, 37.727341998246864 ] } },
{ "type": "Feature", "properties": { "id": "g882", "minutes": 41.0, "lon": -122.44677375087502, "lat": 37.727331369547755 }, "geometry": { "type": "Point", "coordinates": [ -122.446773750875025, 37.727331369547755 ] } },
{ "type": "Feature", "properties": { "id": "g883", "minutes": 39.0, "lon": -122.44450426152108, "lat": 37.727320697161019 }, "geometry": { "type": "Point", "coordinates": [ -122.444504261521075, 37.727320697161019 ] } },
{ "type": "Feature", "properties": { "id": "g884", "minutes": 40.0, "lon": -122.44223477336733, "lat": 37.727309981086705 }, "geometry": { "type": "Point", "coordinates": [ -122.442234773367332, 37.727309981086705 ] } },
{ "type": "Feature", "properties": { "id": "g885", "minutes": 39.0, "lon": -122.4399652864187, "lat": 37.727299221324891 }, "geometry": { "type": "Point", "coordinates": [ -122.439965286418698, 37.727299221324891 ] } },
{ "type": "Feature", "properties": { "id": "g886", "minutes": 39.0, "lon": -122.4376958006801, "lat": 37.727288417875648 }, "geometry": { "type": "Point", "coordinates": [ -122.437695800680103, 37.727288417875648 ] } },
{ "type": "Feature", "properties": { "id": "g887", "minutes": 38.0, "lon": -122.43542631615645, "lat": 37.727277570739055 }, "geometry": { "type": "Point", "coordinates": [ -122.435426316156452, 37.727277570739055 ] } },
{ "type": "Feature", "properties": { "id": "g888", "minutes": 36.0, "lon": -122.4331568328526, "lat": 37.727266679915168 }, "geometry": { "type": "Point", "coordinates": [ -122.433156832852603, 37.727266679915168 ] } },
{ "type": "Feature", "properties": { "id": "g889", "minutes": 37.0, "lon": -122.43088735077346, "lat": 37.727255745404079 }, "geometry": { "type": "Point", "coordinates": [ -122.43088735077346, 37.727255745404079 ] } },
{ "type": "Feature", "properties": { "id": "g890", "minutes": 38.0, "lon": -122.42861786992397, "lat": 37.727244767205846 }, "geometry": { "type": "Point", "coordinates": [ -122.428617869923968, 37.727244767205846 ] } },
{ "type": "Feature", "properties": { "id": "g891", "minutes": 39.0, "lon": -122.42634839030903, "lat": 37.72723374532054 }, "geometry": { "type": "Point", "coordinates": [ -122.42634839030903, 37.72723374532054 ] } },
{ "type": "Feature", "properties": { "id": "g892", "minutes": 42.0, "lon": -122.42407891193348, "lat": 37.727222679748266 }, "geometry": { "type": "Point", "coordinates": [ -122.424078911933478, 37.727222679748266 ] } },
{ "type": "Feature", "properties": { "id": "g893", "minutes": 41.0, "lon": -122.4218094348023, "lat": 37.727211570489054 }, "geometry": { "type": "Point", "coordinates": [ -122.421809434802299, 37.727211570489054 ] } },
{ "type": "Feature", "properties": { "id": "g894", "minutes": 44.0, "lon": -122.41953995892034, "lat": 37.727200417543003 }, "geometry": { "type": "Point", "coordinates": [ -122.419539958920339, 37.727200417543003 ] } },
{ "type": "Feature", "properties": { "id": "g895", "minutes": 43.0, "lon": -122.41727048429254, "lat": 37.727189220910184 }, "geometry": { "type": "Point", "coordinates": [ -122.417270484292544, 37.727189220910184 ] } },
{ "type": "Feature", "properties": { "id": "g896", "minutes": 43.0, "lon": -122.41500101092377, "lat": 37.727177980590668 }, "geometry": { "type": "Point", "coordinates": [ -122.415001010923774, 37.727177980590668 ] } },
{ "type": "Feature", "properties": { "id": "g897", "minutes": 47.0, "lon": -122.41273153881897, "lat": 37.72716669658454 }, "geometry": { "type": "Point", "coordinates": [ -122.412731538818974, 37.72716669658454 ] } },
{ "type": "Feature", "properties": { "id": "g898", "minutes": 45.0, "lon": -122.41046206798299, "lat": 37.72715536889185 }, "geometry": { "type": "Point", "coordinates": [ -122.410462067982991, 37.72715536889185 ] } },
{ "type": "Feature", "properties": { "id": "g899", "minutes": 41.0, "lon": -122.40819259842077, "lat": 37.727143997512691 }, "geometry": { "type": "Point", "coordinates": [ -122.408192598420769, 37.727143997512691 ] } },
{ "type": "Feature", "properties": { "id": "g900", "minutes": 37.0, "lon": -122.40592313013721, "lat": 37.72713258244714 }, "geometry": { "type": "Point", "coordinates": [ -122.405923130137211, 37.72713258244714 ] } },
{ "type": "Feature", "properties": { "id": "g901", "minutes": 34.0, "lon": -122.40365366313719, "lat": 37.727121123695277 }, "geometry": { "type": "Point", "coordinates": [ -122.403653663137192, 37.727121123695277 ] } },
{ "type": "Feature", "properties": { "id": "g902", "minutes": 38.0, "lon": -122.40138419742566, "lat": 37.727109621257171 }, "geometry": { "type": "Point", "coordinates": [ -122.401384197425656, 37.727109621257171 ] } },
{ "type": "Feature", "properties": { "id": "g903", "minutes": 42.0, "lon": -122.39911473300745, "lat": 37.727098075132886 }, "geometry": { "type": "Point", "coordinates": [ -122.399114733007451, 37.727098075132886 ] } },
{ "type": "Feature", "properties": { "id": "g904", "minutes": 46.0, "lon": -122.39684526988751, "lat": 37.727086485322523 }, "geometry": { "type": "Point", "coordinates": [ -122.396845269887507, 37.727086485322523 ] } },
{ "type": "Feature", "properties": { "id": "g905", "minutes": 50.0, "lon": -122.39457580807073, "lat": 37.727074851826146 }, "geometry": { "type": "Point", "coordinates": [ -122.394575808070726, 37.727074851826146 ] } },
{ "type": "Feature", "properties": { "id": "g906", "minutes": 50.0, "lon": -122.39230634756201, "lat": 37.727063174643831 }, "geometry": { "type": "Point", "coordinates": [ -122.392306347562013, 37.727063174643831 ] } },
{ "type": "Feature", "properties": { "id": "g907", "minutes": 51.0, "lon": -122.39003688836628, "lat": 37.727051453775651 }, "geometry": { "type": "Point", "coordinates": [ -122.390036888366282, 37.727051453775651 ] } },
{ "type": "Feature", "properties": { "id": "g908", "minutes": 51.0, "lon": -122.3877674304884, "lat": 37.727039689221712 }, "geometry": { "type": "Point", "coordinates": [ -122.387767430488395, 37.727039689221712 ] } },
{ "type": "Feature", "properties": { "id": "g909", "minutes": 49.0, "lon": -122.3854979739333, "lat": 37.72702788098205 }, "geometry": { "type": "Point", "coordinates": [ -122.385497973933298, 37.72702788098205 ] } },
{ "type": "Feature", "properties": { "id": "g910", "minutes": 50.0, "lon": -122.38322851870586, "lat": 37.727016029056777 }, "geometry": { "type": "Point", "coordinates": [ -122.383228518705863, 37.727016029056777 ] } },
{ "type": "Feature", "properties": { "id": "g911", "minutes": 50.0, "lon": -122.38095906481102, "lat": 37.727004133445966 }, "geometry": { "type": "Point", "coordinates": [ -122.380959064811023, 37.727004133445966 ] } },
{ "type": "Feature", "properties": { "id": "g912", "minutes": 49.0, "lon": -122.37868961225362, "lat": 37.72699219414968 }, "geometry": { "type": "Point", "coordinates": [ -122.378689612253623, 37.72699219414968 ] } },
{ "type": "Feature", "properties": { "id": "g913", "minutes": 53.0, "lon": -122.37642016103865, "lat": 37.726980211168012 }, "geometry": { "type": "Point", "coordinates": [ -122.376420161038652, 37.726980211168012 ] } },
{ "type": "Feature", "properties": { "id": "g914", "minutes": 43.0, "lon": -122.3741507111709, "lat": 37.726968184501033 }, "geometry": { "type": "Point", "coordinates": [ -122.374150711170898, 37.726968184501033 ] } },
{ "type": "Feature", "properties": { "id": "g915", "minutes": 42.0, "lon": -122.37188126265538, "lat": 37.726956114148841 }, "geometry": { "type": "Point", "coordinates": [ -122.371881262655378, 37.726956114148841 ] } },
{ "type": "Feature", "properties": { "id": "g916", "minutes": 44.0, "lon": -122.36961181549692, "lat": 37.726944000111502 }, "geometry": { "type": "Point", "coordinates": [ -122.369611815496924, 37.726944000111502 ] } },
{ "type": "Feature", "properties": { "id": "g917", "minutes": 47.0, "lon": -122.36734236970044, "lat": 37.726931842389085 }, "geometry": { "type": "Point", "coordinates": [ -122.367342369700438, 37.726931842389085 ] } },
{ "type": "Feature", "properties": { "id": "g918", "minutes": 52.0, "lon": -122.36507292527087, "lat": 37.726919640981691 }, "geometry": { "type": "Point", "coordinates": [ -122.365072925270866, 37.726919640981691 ] } },
{ "type": "Feature", "properties": { "id": "g919", "minutes": 57.0, "lon": -122.36280348221307, "lat": 37.726907395889391 }, "geometry": { "type": "Point", "coordinates": [ -122.362803482213067, 37.726907395889391 ] } },
{ "type": "Feature", "properties": { "id": "g920", "minutes": 57.0, "lon": -122.36053404053197, "lat": 37.726895107112277 }, "geometry": { "type": "Point", "coordinates": [ -122.360534040531974, 37.726895107112277 ] } },
{ "type": "Feature", "properties": { "id": "g921", "minutes": 57.0, "lon": -122.35826460023247, "lat": 37.72688277465042 }, "geometry": { "type": "Point", "coordinates": [ -122.358264600232474, 37.72688277465042 ] } },
{ "type": "Feature", "properties": { "id": "g922", "minutes": 57.0, "lon": -122.35599516131946, "lat": 37.726870398503905 }, "geometry": { "type": "Point", "coordinates": [ -122.355995161319456, 37.726870398503905 ] } },
{ "type": "Feature", "properties": { "id": "g927", "minutes": 60.0, "lon": -122.50576889955936, "lat": 37.729396113165357 }, "geometry": { "type": "Point", "coordinates": [ -122.505768899559357, 37.729396113165357 ] } },
{ "type": "Feature", "properties": { "id": "g928", "minutes": 54.0, "lon": -122.50349932571356, "lat": 37.729386576063469 }, "geometry": { "type": "Point", "coordinates": [ -122.503499325713562, 37.729386576063469 ] } },
{ "type": "Feature", "properties": { "id": "g929", "minutes": 54.0, "lon": -122.50122975294063, "lat": 37.729376995269426 }, "geometry": { "type": "Point", "coordinates": [ -122.501229752940631, 37.729376995269426 ] } },
{ "type": "Feature", "properties": { "id": "g930", "minutes": 52.0, "lon": -122.49896018124544, "lat": 37.729367370783315 }, "geometry": { "type": "Point", "coordinates": [ -122.498960181245437, 37.729367370783315 ] } },
{ "type": "Feature", "properties": { "id": "g931", "minutes": 52.0, "lon": -122.49669061063291, "lat": 37.729357702605178 }, "geometry": { "type": "Point", "coordinates": [ -122.496690610632911, 37.729357702605178 ] } },
{ "type": "Feature", "properties": { "id": "g932", "minutes": 49.0, "lon": -122.49442104110793, "lat": 37.729347990735086 }, "geometry": { "type": "Point", "coordinates": [ -122.494421041107927, 37.729347990735086 ] } },
{ "type": "Feature", "properties": { "id": "g933", "minutes": 52.0, "lon": -122.49215147267543, "lat": 37.729338235173117 }, "geometry": { "type": "Point", "coordinates": [ -122.492151472675431, 37.729338235173117 ] } },
{ "type": "Feature", "properties": { "id": "g934", "minutes": 51.0, "lon": -122.48988190534028, "lat": 37.729328435919321 }, "geometry": { "type": "Point", "coordinates": [ -122.489881905340283, 37.729328435919321 ] } },
{ "type": "Feature", "properties": { "id": "g935", "minutes": 47.0, "lon": -122.4876123391074, "lat": 37.729318592973769 }, "geometry": { "type": "Point", "coordinates": [ -122.4876123391074, 37.729318592973769 ] } },
{ "type": "Feature", "properties": { "id": "g936", "minutes": 47.0, "lon": -122.48534277398169, "lat": 37.729308706336525 }, "geometry": { "type": "Point", "coordinates": [ -122.485342773981685, 37.729308706336525 ] } },
{ "type": "Feature", "properties": { "id": "g938", "minutes": 46.0, "lon": -122.48080364707141, "lat": 37.729288801987238 }, "geometry": { "type": "Point", "coordinates": [ -122.480803647071411, 37.729288801987238 ] } },
{ "type": "Feature", "properties": { "id": "g939", "minutes": 44.0, "lon": -122.47853408529667, "lat": 37.729278784275301 }, "geometry": { "type": "Point", "coordinates": [ -122.478534085296673, 37.729278784275301 ] } },
{ "type": "Feature", "properties": { "id": "g940", "minutes": 40.0, "lon": -122.47626452464868, "lat": 37.729268722871957 }, "geometry": { "type": "Point", "coordinates": [ -122.476264524648684, 37.729268722871957 ] } },
{ "type": "Feature", "properties": { "id": "g941", "minutes": 40.0, "lon": -122.47399496513238, "lat": 37.729258617777248 }, "geometry": { "type": "Point", "coordinates": [ -122.473994965132377, 37.729258617777248 ] } },
{ "type": "Feature", "properties": { "id": "g942", "minutes": 38.0, "lon": -122.47172540675268, "lat": 37.729248468991251 }, "geometry": { "type": "Point", "coordinates": [ -122.471725406752682, 37.729248468991251 ] } },
{ "type": "Feature", "properties": { "id": "g943", "minutes": 39.0, "lon": -122.46945584951447, "lat": 37.729238276514025 }, "geometry": { "type": "Point", "coordinates": [ -122.469455849514475, 37.729238276514025 ] } },
{ "type": "Feature", "properties": { "id": "g944", "minutes": 39.0, "lon": -122.46718629342267, "lat": 37.729228040345646 }, "geometry": { "type": "Point", "coordinates": [ -122.467186293422671, 37.729228040345646 ] } },
{ "type": "Feature", "properties": { "id": "g945", "minutes": 42.0, "lon": -122.46491673848216, "lat": 37.729217760486172 }, "geometry": { "type": "Point", "coordinates": [ -122.46491673848216, 37.729217760486172 ] } },
{ "type": "Feature", "properties": { "id": "g946", "minutes": 43.0, "lon": -122.46264718469786, "lat": 37.729207436935688 }, "geometry": { "type": "Point", "coordinates": [ -122.462647184697857, 37.729207436935688 ] } },
{ "type": "Feature", "properties": { "id": "g947", "minutes": 43.0, "lon": -122.46037763207467, "lat": 37.72919706969423 }, "geometry": { "type": "Point", "coordinates": [ -122.460377632074668, 37.72919706969423 ] } },
{ "type": "Feature", "properties": { "id": "g948", "minutes": 42.0, "lon": -122.45810808061748, "lat": 37.729186658761897 }, "geometry": { "type": "Point", "coordinates": [ -122.458108080617478, 37.729186658761897 ] } },
{ "type": "Feature", "properties": { "id": "g949", "minutes": 42.0, "lon": -122.45583853033121, "lat": 37.729176204138767 }, "geometry": { "type": "Point", "coordinates": [ -122.455838530331206, 37.729176204138767 ] } },
{ "type": "Feature", "properties": { "id": "g950", "minutes": 41.0, "lon": -122.45356898122074, "lat": 37.729165705824869 }, "geometry": { "type": "Point", "coordinates": [ -122.453568981220741, 37.729165705824869 ] } },
{ "type": "Feature", "properties": { "id": "g951", "minutes": 39.0, "lon": -122.451299433291, "lat": 37.729155163820323 }, "geometry": { "type": "Point", "coordinates": [ -122.451299433290998, 37.729155163820323 ] } },
{ "type": "Feature", "properties": { "id": "g952", "minutes": 39.0, "lon": -122.44902988654687, "lat": 37.729144578125158 }, "geometry": { "type": "Point", "coordinates": [ -122.449029886546867, 37.729144578125158 ] } },
{ "type": "Feature", "properties": { "id": "g953", "minutes": 39.0, "lon": -122.44676034099328, "lat": 37.729133948739445 }, "geometry": { "type": "Point", "coordinates": [ -122.446760340993279, 37.729133948739445 ] } },
{ "type": "Feature", "properties": { "id": "g954", "minutes": 39.0, "lon": -122.44449079663509, "lat": 37.729123275663291 }, "geometry": { "type": "Point", "coordinates": [ -122.444490796635094, 37.729123275663291 ] } },
{ "type": "Feature", "properties": { "id": "g955", "minutes": 37.0, "lon": -122.44222125347726, "lat": 37.729112558896738 }, "geometry": { "type": "Point", "coordinates": [ -122.442221253477257, 37.729112558896738 ] } },
{ "type": "Feature", "properties": { "id": "g956", "minutes": 35.0, "lon": -122.43995171152464, "lat": 37.729101798439856 }, "geometry": { "type": "Point", "coordinates": [ -122.439951711524643, 37.729101798439856 ] } },
{ "type": "Feature", "properties": { "id": "g957", "minutes": 36.0, "lon": -122.43768217078215, "lat": 37.72909099429274 }, "geometry": { "type": "Point", "coordinates": [ -122.437682170782153, 37.72909099429274 ] } },
{ "type": "Feature", "properties": { "id": "g958", "minutes": 35.0, "lon": -122.43541263125474, "lat": 37.729080146455431 }, "geometry": { "type": "Point", "coordinates": [ -122.435412631254735, 37.729080146455431 ] } },
{ "type": "Feature", "properties": { "id": "g959", "minutes": 34.0, "lon": -122.43314309294723, "lat": 37.729069254928028 }, "geometry": { "type": "Point", "coordinates": [ -122.433143092947233, 37.729069254928028 ] } },
{ "type": "Feature", "properties": { "id": "g960", "minutes": 33.0, "lon": -122.43087355586458, "lat": 37.729058319710596 }, "geometry": { "type": "Point", "coordinates": [ -122.430873555864579, 37.729058319710596 ] } },
{ "type": "Feature", "properties": { "id": "g961", "minutes": 35.0, "lon": -122.42860402001169, "lat": 37.729047340803184 }, "geometry": { "type": "Point", "coordinates": [ -122.42860402001169, 37.729047340803184 ] } },
{ "type": "Feature", "properties": { "id": "g962", "minutes": 37.0, "lon": -122.42633448539343, "lat": 37.7290363182059 }, "geometry": { "type": "Point", "coordinates": [ -122.426334485393426, 37.7290363182059 ] } },
{ "type": "Feature", "properties": { "id": "g963", "minutes": 39.0, "lon": -122.42406495201473, "lat": 37.729025251918792 }, "geometry": { "type": "Point", "coordinates": [ -122.424064952014731, 37.729025251918792 ] } },
{ "type": "Feature", "properties": { "id": "g964", "minutes": 39.0, "lon": -122.42179541988048, "lat": 37.72901414194196 }, "geometry": { "type": "Point", "coordinates": [ -122.421795419880482, 37.72901414194196 ] } },
{ "type": "Feature", "properties": { "id": "g965", "minutes": 39.0, "lon": -122.41952588899559, "lat": 37.729002988275454 }, "geometry": { "type": "Point", "coordinates": [ -122.419525888995594, 37.729002988275454 ] } },
{ "type": "Feature", "properties": { "id": "g966", "minutes": 42.0, "lon": -122.41725635936496, "lat": 37.728991790919352 }, "geometry": { "type": "Point", "coordinates": [ -122.417256359364956, 37.728991790919352 ] } },
{ "type": "Feature", "properties": { "id": "g967", "minutes": 41.0, "lon": -122.41498683099348, "lat": 37.728980549873732 }, "geometry": { "type": "Point", "coordinates": [ -122.414986830993485, 37.728980549873732 ] } },
{ "type": "Feature", "properties": { "id": "g968", "minutes": 43.0, "lon": -122.41271730388607, "lat": 37.728969265138673 }, "geometry": { "type": "Point", "coordinates": [ -122.412717303886069, 37.728969265138673 ] } },
{ "type": "Feature", "properties": { "id": "g969", "minutes": 43.0, "lon": -122.41044777804765, "lat": 37.728957936714238 }, "geometry": { "type": "Point", "coordinates": [ -122.410447778047654, 37.728957936714238 ] } },
{ "type": "Feature", "properties": { "id": "g970", "minutes": 39.0, "lon": -122.40817825348307, "lat": 37.72894656460052 }, "geometry": { "type": "Point", "coordinates": [ -122.408178253483072, 37.72894656460052 ] } },
{ "type": "Feature", "properties": { "id": "g971", "minutes": 38.0, "lon": -122.40590873019728, "lat": 37.728935148797589 }, "geometry": { "type": "Point", "coordinates": [ -122.405908730197282, 37.728935148797589 ] } },
{ "type": "Feature", "properties": { "id": "g972", "minutes": 36.0, "lon": -122.40363920819517, "lat": 37.72892368930551 }, "geometry": { "type": "Point", "coordinates": [ -122.403639208195173, 37.72892368930551 ] } },
{ "type": "Feature", "properties": { "id": "g973", "minutes": 38.0, "lon": -122.40136968748163, "lat": 37.728912186124361 }, "geometry": { "type": "Point", "coordinates": [ -122.401369687481633, 37.728912186124361 ] } },
{ "type": "Feature", "properties": { "id": "g974", "minutes": 42.0, "lon": -122.39910016806158, "lat": 37.728900639254235 }, "geometry": { "type": "Point", "coordinates": [ -122.39910016806158, 37.728900639254235 ] } },
{ "type": "Feature", "properties": { "id": "g975", "minutes": 47.0, "lon": -122.39683064993991, "lat": 37.728889048695201 }, "geometry": { "type": "Point", "coordinates": [ -122.396830649939915, 37.728889048695201 ] } },
{ "type": "Feature", "properties": { "id": "g976", "minutes": 49.0, "lon": -122.39456113312151, "lat": 37.728877414447318 }, "geometry": { "type": "Point", "coordinates": [ -122.394561133121513, 37.728877414447318 ] } },
{ "type": "Feature", "properties": { "id": "g977", "minutes": 47.0, "lon": -122.39229161761132, "lat": 37.728865736510691 }, "geometry": { "type": "Point", "coordinates": [ -122.39229161761132, 37.728865736510691 ] } },
{ "type": "Feature", "properties": { "id": "g978", "minutes": 49.0, "lon": -122.39002210341421, "lat": 37.728854014885371 }, "geometry": { "type": "Point", "coordinates": [ -122.390022103414211, 37.728854014885371 ] } },
{ "type": "Feature", "properties": { "id": "g979", "minutes": 51.0, "lon": -122.3877525905351, "lat": 37.728842249571457 }, "geometry": { "type": "Point", "coordinates": [ -122.387752590535101, 37.728842249571457 ] } },
{ "type": "Feature", "properties": { "id": "g980", "minutes": 48.0, "lon": -122.38548307897889, "lat": 37.728830440569013 }, "geometry": { "type": "Point", "coordinates": [ -122.385483078978893, 37.728830440569013 ] } },
{ "type": "Feature", "properties": { "id": "g981", "minutes": 47.0, "lon": -122.38321356875048, "lat": 37.728818587878152 }, "geometry": { "type": "Point", "coordinates": [ -122.383213568750477, 37.728818587878152 ] } },
{ "type": "Feature", "properties": { "id": "g982", "minutes": 45.0, "lon": -122.38094405985474, "lat": 37.728806691498896 }, "geometry": { "type": "Point", "coordinates": [ -122.380944059854741, 37.728806691498896 ] } },
{ "type": "Feature", "properties": { "id": "g983", "minutes": 47.0, "lon": -122.37867455229664, "lat": 37.728794751431366 }, "geometry": { "type": "Point", "coordinates": [ -122.378674552296644, 37.728794751431366 ] } },
{ "type": "Feature", "properties": { "id": "g984", "minutes": 43.0, "lon": -122.37640504608103, "lat": 37.728782767675625 }, "geometry": { "type": "Point", "coordinates": [ -122.376405046081032, 37.728782767675625 ] } },
{ "type": "Feature", "properties": { "id": "g985", "minutes": 42.0, "lon": -122.37413554121284, "lat": 37.728770740231752 }, "geometry": { "type": "Point", "coordinates": [ -122.374135541212837, 37.728770740231752 ] } },
{ "type": "Feature", "properties": { "id": "g986", "minutes": 41.0, "lon": -122.37186603769695, "lat": 37.72875866909984 }, "geometry": { "type": "Point", "coordinates": [ -122.371866037696947, 37.72875866909984 ] } },
{ "type": "Feature", "properties": { "id": "g987", "minutes": 42.0, "lon": -122.36959653553826, "lat": 37.728746554279958 }, "geometry": { "type": "Point", "coordinates": [ -122.369596535538264, 37.728746554279958 ] } },
{ "type": "Feature", "properties": { "id": "g988", "minutes": 46.0, "lon": -122.36732703474169, "lat": 37.7287343957722 }, "geometry": { "type": "Point", "coordinates": [ -122.367327034741692, 37.7287343957722 ] } },
{ "type": "Feature", "properties": { "id": "g989", "minutes": 55.0, "lon": -122.36505753531216, "lat": 37.728722193576615 }, "geometry": { "type": "Point", "coordinates": [ -122.365057535312161, 37.728722193576615 ] } },
{ "type": "Feature", "properties": { "id": "g990", "minutes": 56.0, "lon": -122.3627880372545, "lat": 37.728709947693325 }, "geometry": { "type": "Point", "coordinates": [ -122.362788037254504, 37.728709947693325 ] } },
{ "type": "Feature", "properties": { "id": "g991", "minutes": 56.0, "lon": -122.36051854057369, "lat": 37.728697658122385 }, "geometry": { "type": "Point", "coordinates": [ -122.360518540573693, 37.728697658122385 ] } },
{ "type": "Feature", "properties": { "id": "g992", "minutes": 56.0, "lon": -122.35824904527463, "lat": 37.728685324863882 }, "geometry": { "type": "Point", "coordinates": [ -122.358249045274633, 37.728685324863882 ] } },
{ "type": "Feature", "properties": { "id": "g993", "minutes": 56.0, "lon": -122.35597955136215, "lat": 37.7286729479179 }, "geometry": { "type": "Point", "coordinates": [ -122.355979551362154, 37.7286729479179 ] } },
{ "type": "Feature", "properties": { "id": "g997", "minutes": 56.0, "lon": -122.50802654868343, "lat": 37.731208202758424 }, "geometry": { "type": "Point", "coordinates": [ -122.508026548683432, 37.731208202758424 ] } },
{ "type": "Feature", "properties": { "id": "g998", "minutes": 56.0, "lon": -122.5057569187577, "lat": 37.731198708735491 }, "geometry": { "type": "Point", "coordinates": [ -122.505756918757697, 37.731198708735491 ] } },
{ "type": "Feature", "properties": { "id": "g999", "minutes": 54.0, "lon": -122.50348728989999, "lat": 37.731189171017526 }, "geometry": { "type": "Point", "coordinates": [ -122.503487289899994, 37.731189171017526 ] } },
{ "type": "Feature", "properties": { "id": "g1000", "minutes": 53.0, "lon": -122.50121766211522, "lat": 37.731179589604594 }, "geometry": { "type": "Point", "coordinates": [ -122.501217662115224, 37.731179589604594 ] } },
{ "type": "Feature", "properties": { "id": "g1001", "minutes": 52.0, "lon": -122.49894803540833, "lat": 37.73116996449675 }, "geometry": { "type": "Point", "coordinates": [ -122.498948035408333, 37.73116996449675 ] } },
{ "type": "Feature", "properties": { "id": "g1002", "minutes": 53.0, "lon": -122.4966784097842, "lat": 37.731160295694067 }, "geometry": { "type": "Point", "coordinates": [ -122.496678409784195, 37.731160295694067 ] } },
{ "type": "Feature", "properties": { "id": "g1003", "minutes": 49.0, "lon": -122.49440878524771, "lat": 37.73115058319663 }, "geometry": { "type": "Point", "coordinates": [ -122.494408785247714, 37.73115058319663 ] } },
{ "type": "Feature", "properties": { "id": "g1004", "minutes": 49.0, "lon": -122.49213916180379, "lat": 37.731140827004474 }, "geometry": { "type": "Point", "coordinates": [ -122.492139161803792, 37.731140827004474 ] } },
{ "type": "Feature", "properties": { "id": "g1005", "minutes": 49.0, "lon": -122.48986953945737, "lat": 37.731131027117669 }, "geometry": { "type": "Point", "coordinates": [ -122.489869539457374, 37.731131027117669 ] } },
{ "type": "Feature", "properties": { "id": "g1006", "minutes": 47.0, "lon": -122.48759991821329, "lat": 37.731121183536295 }, "geometry": { "type": "Point", "coordinates": [ -122.487599918213292, 37.731121183536295 ] } },
{ "type": "Feature", "properties": { "id": "g1007", "minutes": 46.0, "lon": -122.48533029807652, "lat": 37.731111296260394 }, "geometry": { "type": "Point", "coordinates": [ -122.485330298076519, 37.731111296260394 ] } },
{ "type": "Feature", "properties": { "id": "g1008", "minutes": 46.0, "lon": -122.48306067905192, "lat": 37.731101365290051 }, "geometry": { "type": "Point", "coordinates": [ -122.483060679051917, 37.731101365290051 ] } },
{ "type": "Feature", "properties": { "id": "g1009", "minutes": 44.0, "lon": -122.48079106114437, "lat": 37.731091390625338 }, "geometry": { "type": "Point", "coordinates": [ -122.480791061144373, 37.731091390625338 ] } },
{ "type": "Feature", "properties": { "id": "g1010", "minutes": 42.0, "lon": -122.47852144435885, "lat": 37.731081372266296 }, "geometry": { "type": "Point", "coordinates": [ -122.478521444358847, 37.731081372266296 ] } },
{ "type": "Feature", "properties": { "id": "g1011", "minutes": 38.0, "lon": -122.47625182870021, "lat": 37.731071310213011 }, "geometry": { "type": "Point", "coordinates": [ -122.476251828700214, 37.731071310213011 ] } },
{ "type": "Feature", "properties": { "id": "g1012", "minutes": 36.0, "lon": -122.47398221417335, "lat": 37.731061204465533 }, "geometry": { "type": "Point", "coordinates": [ -122.473982214173347, 37.731061204465533 ] } },
{ "type": "Feature", "properties": { "id": "g1013", "minutes": 35.0, "lon": -122.47171260078321, "lat": 37.731051055023947 }, "geometry": { "type": "Point", "coordinates": [ -122.471712600783206, 37.731051055023947 ] } },
{ "type": "Feature", "properties": { "id": "g1014", "minutes": 38.0, "lon": -122.46944298853467, "lat": 37.731040861888317 }, "geometry": { "type": "Point", "coordinates": [ -122.469442988534666, 37.731040861888317 ] } },
{ "type": "Feature", "properties": { "id": "g1015", "minutes": 40.0, "lon": -122.46717337743262, "lat": 37.731030625058708 }, "geometry": { "type": "Point", "coordinates": [ -122.467173377432616, 37.731030625058708 ] } },
{ "type": "Feature", "properties": { "id": "g1016", "minutes": 43.0, "lon": -122.46490376748199, "lat": 37.731020344535182 }, "geometry": { "type": "Point", "coordinates": [ -122.464903767481985, 37.731020344535182 ] } },
{ "type": "Feature", "properties": { "id": "g1017", "minutes": 43.0, "lon": -122.46263415868766, "lat": 37.731010020317818 }, "geometry": { "type": "Point", "coordinates": [ -122.462634158687663, 37.731010020317818 ] } },
{ "type": "Feature", "properties": { "id": "g1018", "minutes": 40.0, "lon": -122.46036455105457, "lat": 37.73099965240668 }, "geometry": { "type": "Point", "coordinates": [ -122.460364551054568, 37.73099965240668 ] } },
{ "type": "Feature", "properties": { "id": "g1019", "minutes": 38.0, "lon": -122.45809494458757, "lat": 37.730989240801833 }, "geometry": { "type": "Point", "coordinates": [ -122.458094944587572, 37.730989240801833 ] } },
{ "type": "Feature", "properties": { "id": "g1020", "minutes": 38.0, "lon": -122.45582533929162, "lat": 37.73097878550336 }, "geometry": { "type": "Point", "coordinates": [ -122.455825339291621, 37.73097878550336 ] } },
{ "type": "Feature", "properties": { "id": "g1021", "minutes": 39.0, "lon": -122.45355573517161, "lat": 37.730968286511306 }, "geometry": { "type": "Point", "coordinates": [ -122.453555735171605, 37.730968286511306 ] } },
{ "type": "Feature", "properties": { "id": "g1022", "minutes": 38.0, "lon": -122.45128613223238, "lat": 37.730957743825769 }, "geometry": { "type": "Point", "coordinates": [ -122.451286132232383, 37.730957743825769 ] } },
{ "type": "Feature", "properties": { "id": "g1023", "minutes": 37.0, "lon": -122.44901653047893, "lat": 37.730947157446799 }, "geometry": { "type": "Point", "coordinates": [ -122.449016530478929, 37.730947157446799 ] } },
{ "type": "Feature", "properties": { "id": "g1024", "minutes": 36.0, "lon": -122.4467469299161, "lat": 37.730936527374475 }, "geometry": { "type": "Point", "coordinates": [ -122.446746929916102, 37.730936527374475 ] } },
{ "type": "Feature", "properties": { "id": "g1025", "minutes": 36.0, "lon": -122.44447733054879, "lat": 37.730925853608852 }, "geometry": { "type": "Point", "coordinates": [ -122.444477330548793, 37.730925853608852 ] } },
{ "type": "Feature", "properties": { "id": "g1026", "minutes": 35.0, "lon": -122.44220773238195, "lat": 37.730915136150031 }, "geometry": { "type": "Point", "coordinates": [ -122.442207732381945, 37.730915136150031 ] } },
{ "type": "Feature", "properties": { "id": "g1027", "minutes": 33.0, "lon": -122.43993813542043, "lat": 37.730904374998069 }, "geometry": { "type": "Point", "coordinates": [ -122.439938135420434, 37.730904374998069 ] } },
{ "type": "Feature", "properties": { "id": "g1028", "minutes": 31.0, "lon": -122.4376685396692, "lat": 37.730893570153029 }, "geometry": { "type": "Point", "coordinates": [ -122.437668539669204, 37.730893570153029 ] } },
{ "type": "Feature", "properties": { "id": "g1029", "minutes": 33.0, "lon": -122.43539894513309, "lat": 37.730882721614982 }, "geometry": { "type": "Point", "coordinates": [ -122.435398945133088, 37.730882721614982 ] } },
{ "type": "Feature", "properties": { "id": "g1030", "minutes": 30.0, "lon": -122.43312935181706, "lat": 37.730871829384014 }, "geometry": { "type": "Point", "coordinates": [ -122.433129351817058, 37.730871829384014 ] } },
{ "type": "Feature", "properties": { "id": "g1031", "minutes": 30.0, "lon": -122.43085975972598, "lat": 37.730860893460189 }, "geometry": { "type": "Point", "coordinates": [ -122.430859759725976, 37.730860893460189 ] } },
{ "type": "Feature", "properties": { "id": "g1032", "minutes": 34.0, "lon": -122.42859016886474, "lat": 37.730849913843592 }, "geometry": { "type": "Point", "coordinates": [ -122.428590168864744, 37.730849913843592 ] } },
{ "type": "Feature", "properties": { "id": "g1033", "minutes": 37.0, "lon": -122.42632057923829, "lat": 37.73083889053428 }, "geometry": { "type": "Point", "coordinates": [ -122.426320579238293, 37.73083889053428 ] } },
{ "type": "Feature", "properties": { "id": "g1034", "minutes": 40.0, "lon": -122.42405099085151, "lat": 37.730827823532323 }, "geometry": { "type": "Point", "coordinates": [ -122.424050990851512, 37.730827823532323 ] } },
{ "type": "Feature", "properties": { "id": "g1035", "minutes": 44.0, "lon": -122.42178140370929, "lat": 37.730816712837822 }, "geometry": { "type": "Point", "coordinates": [ -122.421781403709289, 37.730816712837822 ] } },
{ "type": "Feature", "properties": { "id": "g1036", "minutes": 42.0, "lon": -122.41951181781656, "lat": 37.730805558450818 }, "geometry": { "type": "Point", "coordinates": [ -122.419511817816556, 37.730805558450818 ] } },
{ "type": "Feature", "properties": { "id": "g1037", "minutes": 45.0, "lon": -122.4172422331782, "lat": 37.730794360371405 }, "geometry": { "type": "Point", "coordinates": [ -122.4172422331782, 37.730794360371405 ] } },
{ "type": "Feature", "properties": { "id": "g1038", "minutes": 44.0, "lon": -122.41497264979911, "lat": 37.730783118599653 }, "geometry": { "type": "Point", "coordinates": [ -122.414972649799111, 37.730783118599653 ] } },
{ "type": "Feature", "properties": { "id": "g1039", "minutes": 42.0, "lon": -122.41270306768423, "lat": 37.730771833135634 }, "geometry": { "type": "Point", "coordinates": [ -122.412703067684234, 37.730771833135634 ] } },
{ "type": "Feature", "properties": { "id": "g1040", "minutes": 41.0, "lon": -122.41043348683843, "lat": 37.730760503979425 }, "geometry": { "type": "Point", "coordinates": [ -122.410433486838429, 37.730760503979425 ] } },
{ "type": "Feature", "properties": { "id": "g1041", "minutes": 40.0, "lon": -122.40816390726661, "lat": 37.730749131131105 }, "geometry": { "type": "Point", "coordinates": [ -122.408163907266612, 37.730749131131105 ] } },
{ "type": "Feature", "properties": { "id": "g1042", "minutes": 37.0, "lon": -122.40589432897369, "lat": 37.730737714590745 }, "geometry": { "type": "Point", "coordinates": [ -122.405894328973687, 37.730737714590745 ] } },
{ "type": "Feature", "properties": { "id": "g1043", "minutes": 42.0, "lon": -122.40362475196457, "lat": 37.730726254358416 }, "geometry": { "type": "Point", "coordinates": [ -122.403624751964571, 37.730726254358416 ] } },
{ "type": "Feature", "properties": { "id": "g1044", "minutes": 43.0, "lon": -122.40135517624417, "lat": 37.730714750434203 }, "geometry": { "type": "Point", "coordinates": [ -122.401355176244167, 37.730714750434203 ] } },
{ "type": "Feature", "properties": { "id": "g1045", "minutes": 44.0, "lon": -122.39908560181735, "lat": 37.730703202818191 }, "geometry": { "type": "Point", "coordinates": [ -122.399085601817347, 37.730703202818191 ] } },
{ "type": "Feature", "properties": { "id": "g1046", "minutes": 47.0, "lon": -122.39681602868903, "lat": 37.73069161151043 }, "geometry": { "type": "Point", "coordinates": [ -122.396816028689031, 37.73069161151043 ] } },
{ "type": "Feature", "properties": { "id": "g1047", "minutes": 48.0, "lon": -122.39454645686415, "lat": 37.730679976511027 }, "geometry": { "type": "Point", "coordinates": [ -122.394546456864148, 37.730679976511027 ] } },
{ "type": "Feature", "properties": { "id": "g1048", "minutes": 47.0, "lon": -122.39227688634755, "lat": 37.730668297820039 }, "geometry": { "type": "Point", "coordinates": [ -122.392276886347545, 37.730668297820039 ] } },
{ "type": "Feature", "properties": { "id": "g1049", "minutes": 48.0, "lon": -122.39000731714417, "lat": 37.73065657543755 }, "geometry": { "type": "Point", "coordinates": [ -122.390007317144168, 37.73065657543755 ] } },
{ "type": "Feature", "properties": { "id": "g1050", "minutes": 47.0, "lon": -122.38773774925892, "lat": 37.730644809363632 }, "geometry": { "type": "Point", "coordinates": [ -122.387737749258918, 37.730644809363632 ] } },
{ "type": "Feature", "properties": { "id": "g1051", "minutes": 47.0, "lon": -122.38546818269667, "lat": 37.730632999598377 }, "geometry": { "type": "Point", "coordinates": [ -122.38546818269667, 37.730632999598377 ] } },
{ "type": "Feature", "properties": { "id": "g1052", "minutes": 44.0, "lon": -122.38319861746237, "lat": 37.73062114614185 }, "geometry": { "type": "Point", "coordinates": [ -122.383198617462369, 37.73062114614185 ] } },
{ "type": "Feature", "properties": { "id": "g1053", "minutes": 40.0, "lon": -122.38092905356091, "lat": 37.730609248994135 }, "geometry": { "type": "Point", "coordinates": [ -122.380929053560905, 37.730609248994135 ] } },
{ "type": "Feature", "properties": { "id": "g1054", "minutes": 39.0, "lon": -122.37865949099715, "lat": 37.730597308155325 }, "geometry": { "type": "Point", "coordinates": [ -122.378659490997151, 37.730597308155325 ] } },
{ "type": "Feature", "properties": { "id": "g1055", "minutes": 38.0, "lon": -122.37638992977602, "lat": 37.730585323625483 }, "geometry": { "type": "Point", "coordinates": [ -122.376389929776025, 37.730585323625483 ] } },
{ "type": "Feature", "properties": { "id": "g1056", "minutes": 40.0, "lon": -122.37412036990243, "lat": 37.730573295404682 }, "geometry": { "type": "Point", "coordinates": [ -122.374120369902428, 37.730573295404682 ] } },
{ "type": "Feature", "properties": { "id": "g1057", "minutes": 44.0, "lon": -122.37185081138129, "lat": 37.730561223493019 }, "geometry": { "type": "Point", "coordinates": [ -122.371850811381293, 37.730561223493019 ] } },
{ "type": "Feature", "properties": { "id": "g1058", "minutes": 44.0, "lon": -122.36958125421748, "lat": 37.73054910789056 }, "geometry": { "type": "Point", "coordinates": [ -122.369581254217479, 37.73054910789056 ] } },
{ "type": "Feature", "properties": { "id": "g1059", "minutes": 46.0, "lon": -122.36731169841592, "lat": 37.73053694859739 }, "geometry": { "type": "Point", "coordinates": [ -122.367311698415918, 37.73053694859739 ] } },
{ "type": "Feature", "properties": { "id": "g1060", "minutes": 56.0, "lon": -122.36504214398151, "lat": 37.7305247456136 }, "geometry": { "type": "Point", "coordinates": [ -122.365042143981512, 37.7305247456136 ] } },
{ "type": "Feature", "properties": { "id": "g1061", "minutes": 56.0, "lon": -122.36277259091914, "lat": 37.730512498939262 }, "geometry": { "type": "Point", "coordinates": [ -122.362772590919135, 37.730512498939262 ] } },
{ "type": "Feature", "properties": { "id": "g1062", "minutes": 56.0, "lon": -122.36050303923372, "lat": 37.730500208574462 }, "geometry": { "type": "Point", "coordinates": [ -122.36050303923372, 37.730500208574462 ] } },
{ "type": "Feature", "properties": { "id": "g1063", "minutes": 56.0, "lon": -122.35823348893017, "lat": 37.730487874519277 }, "geometry": { "type": "Point", "coordinates": [ -122.358233488930168, 37.730487874519277 ] } },
{ "type": "Feature", "properties": { "id": "g1068", "minutes": 53.0, "lon": -122.50801462183063, "lat": 37.733010798385983 }, "geometry": { "type": "Point", "coordinates": [ -122.508014621830625, 37.733010798385983 ] } },
{ "type": "Feature", "properties": { "id": "g1069", "minutes": 56.0, "lon": -122.50574493688795, "lat": 37.733001303749759 }, "geometry": { "type": "Point", "coordinates": [ -122.50574493688795, 37.733001303749759 ] } },
{ "type": "Feature", "properties": { "id": "g1070", "minutes": 56.0, "lon": -122.50347525301345, "lat": 37.732991765415683 }, "geometry": { "type": "Point", "coordinates": [ -122.503475253013448, 37.732991765415683 ] } },
{ "type": "Feature", "properties": { "id": "g1071", "minutes": 59.0, "lon": -122.50120557021198, "lat": 37.732982183383832 }, "geometry": { "type": "Point", "coordinates": [ -122.50120557021198, 37.732982183383832 ] } },
{ "type": "Feature", "properties": { "id": "g1072", "minutes": 57.0, "lon": -122.49893588848846, "lat": 37.73297255765425 }, "geometry": { "type": "Point", "coordinates": [ -122.498935888488461, 37.73297255765425 ] } },
{ "type": "Feature", "properties": { "id": "g1073", "minutes": 47.0, "lon": -122.49666620784781, "lat": 37.732962888227007 }, "geometry": { "type": "Point", "coordinates": [ -122.496666207847809, 37.732962888227007 ] } },
{ "type": "Feature", "properties": { "id": "g1074", "minutes": 48.0, "lon": -122.49439652829493, "lat": 37.732953175102175 }, "geometry": { "type": "Point", "coordinates": [ -122.494396528294928, 37.732953175102175 ] } },
{ "type": "Feature", "properties": { "id": "g1075", "minutes": 48.0, "lon": -122.49212684983472, "lat": 37.732943418279795 }, "geometry": { "type": "Point", "coordinates": [ -122.492126849834719, 37.732943418279795 ] } },
{ "type": "Feature", "properties": { "id": "g1076", "minutes": 47.0, "lon": -122.48985717247207, "lat": 37.732933617759961 }, "geometry": { "type": "Point", "coordinates": [ -122.489857172472071, 37.732933617759961 ] } },
{ "type": "Feature", "properties": { "id": "g1077", "minutes": 48.0, "lon": -122.48758749621192, "lat": 37.732923773542716 }, "geometry": { "type": "Point", "coordinates": [ -122.487587496211916, 37.732923773542716 ] } },
{ "type": "Feature", "properties": { "id": "g1078", "minutes": 47.0, "lon": -122.48531782105914, "lat": 37.732913885628143 }, "geometry": { "type": "Point", "coordinates": [ -122.485317821059141, 37.732913885628143 ] } },
{ "type": "Feature", "properties": { "id": "g1079", "minutes": 46.0, "lon": -122.48304814701865, "lat": 37.732903954016301 }, "geometry": { "type": "Point", "coordinates": [ -122.48304814701865, 37.732903954016301 ] } },
{ "type": "Feature", "properties": { "id": "g1080", "minutes": 44.0, "lon": -122.48077847409535, "lat": 37.732893978707246 }, "geometry": { "type": "Point", "coordinates": [ -122.480778474095345, 37.732893978707246 ] } },
{ "type": "Feature", "properties": { "id": "g1081", "minutes": 41.0, "lon": -122.47850880229414, "lat": 37.732883959701063 }, "geometry": { "type": "Point", "coordinates": [ -122.478508802294144, 37.732883959701063 ] } },
{ "type": "Feature", "properties": { "id": "g1082", "minutes": 38.0, "lon": -122.47623913161993, "lat": 37.732873896997795 }, "geometry": { "type": "Point", "coordinates": [ -122.476239131619934, 37.732873896997795 ] } },
{ "type": "Feature", "properties": { "id": "g1083", "minutes": 36.0, "lon": -122.47396946207763, "lat": 37.732863790597541 }, "geometry": { "type": "Point", "coordinates": [ -122.473969462077633, 37.732863790597541 ] } },
{ "type": "Feature", "properties": { "id": "g1084", "minutes": 36.0, "lon": -122.47169979367212, "lat": 37.732853640500338 }, "geometry": { "type": "Point", "coordinates": [ -122.471699793672116, 37.732853640500338 ] } },
{ "type": "Feature", "properties": { "id": "g1085", "minutes": 38.0, "lon": -122.46943012640833, "lat": 37.732843446706269 }, "geometry": { "type": "Point", "coordinates": [ -122.469430126408326, 37.732843446706269 ] } },
{ "type": "Feature", "properties": { "id": "g1086", "minutes": 40.0, "lon": -122.46716046029115, "lat": 37.732833209215393 }, "geometry": { "type": "Point", "coordinates": [ -122.467160460291154, 37.732833209215393 ] } },
{ "type": "Feature", "properties": { "id": "g1087", "minutes": 41.0, "lon": -122.4648907953255, "lat": 37.732822928027794 }, "geometry": { "type": "Point", "coordinates": [ -122.464890795325502, 37.732822928027794 ] } },
{ "type": "Feature", "properties": { "id": "g1088", "minutes": 42.0, "lon": -122.46262113151627, "lat": 37.732812603143529 }, "geometry": { "type": "Point", "coordinates": [ -122.462621131516272, 37.732812603143529 ] } },
{ "type": "Feature", "properties": { "id": "g1089", "minutes": 42.0, "lon": -122.46035146886837, "lat": 37.732802234562662 }, "geometry": { "type": "Point", "coordinates": [ -122.460351468868367, 37.732802234562662 ] } },
{ "type": "Feature", "properties": { "id": "g1090", "minutes": 39.0, "lon": -122.45808180738666, "lat": 37.732791822285272 }, "geometry": { "type": "Point", "coordinates": [ -122.458081807386662, 37.732791822285272 ] } },
{ "type": "Feature", "properties": { "id": "g1091", "minutes": 40.0, "lon": -122.45581214707612, "lat": 37.732781366311407 }, "geometry": { "type": "Point", "coordinates": [ -122.455812147076117, 37.732781366311407 ] } },
{ "type": "Feature", "properties": { "id": "g1092", "minutes": 39.0, "lon": -122.45354248794162, "lat": 37.732770866641168 }, "geometry": { "type": "Point", "coordinates": [ -122.453542487941618, 37.732770866641168 ] } },
{ "type": "Feature", "properties": { "id": "g1093", "minutes": 39.0, "lon": -122.45127282998807, "lat": 37.732760323274618 }, "geometry": { "type": "Point", "coordinates": [ -122.451272829988071, 37.732760323274618 ] } },
{ "type": "Feature", "properties": { "id": "g1094", "minutes": 37.0, "lon": -122.44900317322033, "lat": 37.732749736211808 }, "geometry": { "type": "Point", "coordinates": [ -122.449003173220333, 37.732749736211808 ] } },
{ "type": "Feature", "properties": { "id": "g1095", "minutes": 40.0, "lon": -122.44673351764337, "lat": 37.732739105452822 }, "geometry": { "type": "Point", "coordinates": [ -122.446733517643366, 37.732739105452822 ] } },
{ "type": "Feature", "properties": { "id": "g1096", "minutes": 37.0, "lon": -122.44446386326206, "lat": 37.732728430997717 }, "geometry": { "type": "Point", "coordinates": [ -122.444463863262058, 37.732728430997717 ] } },
{ "type": "Feature", "properties": { "id": "g1097", "minutes": 35.0, "lon": -122.4421942100813, "lat": 37.732717712846593 }, "geometry": { "type": "Point", "coordinates": [ -122.442194210081297, 37.732717712846593 ] } },
{ "type": "Feature", "properties": { "id": "g1098", "minutes": 33.0, "lon": -122.439924558106, "lat": 37.732706950999507 }, "geometry": { "type": "Point", "coordinates": [ -122.439924558106, 37.732706950999507 ] } },
{ "type": "Feature", "properties": { "id": "g1099", "minutes": 30.0, "lon": -122.43765490734106, "lat": 37.732696145456508 }, "geometry": { "type": "Point", "coordinates": [ -122.437654907341056, 37.732696145456508 ] } },
{ "type": "Feature", "properties": { "id": "g1100", "minutes": 27.0, "lon": -122.4353852577914, "lat": 37.732685296217703 }, "geometry": { "type": "Point", "coordinates": [ -122.435385257791395, 37.732685296217703 ] } },
{ "type": "Feature", "properties": { "id": "g1101", "minutes": 27.0, "lon": -122.43311560946191, "lat": 37.732674403283141 }, "geometry": { "type": "Point", "coordinates": [ -122.433115609461908, 37.732674403283141 ] } },
{ "type": "Feature", "properties": { "id": "g1102", "minutes": 29.0, "lon": -122.43084596235748, "lat": 37.732663466652902 }, "geometry": { "type": "Point", "coordinates": [ -122.430845962357481, 37.732663466652902 ] } },
{ "type": "Feature", "properties": { "id": "g1103", "minutes": 33.0, "lon": -122.42857631648303, "lat": 37.732652486327062 }, "geometry": { "type": "Point", "coordinates": [ -122.428576316483031, 37.732652486327062 ] } },
{ "type": "Feature", "properties": { "id": "g1104", "minutes": 38.0, "lon": -122.42630667184349, "lat": 37.732641462305693 }, "geometry": { "type": "Point", "coordinates": [ -122.426306671843491, 37.732641462305693 ] } },
{ "type": "Feature", "properties": { "id": "g1105", "minutes": 37.0, "lon": -122.42403702844371, "lat": 37.732630394588853 }, "geometry": { "type": "Point", "coordinates": [ -122.424037028443706, 37.732630394588853 ] } },
{ "type": "Feature", "properties": { "id": "g1106", "minutes": 39.0, "lon": -122.42176738628862, "lat": 37.732619283176639 }, "geometry": { "type": "Point", "coordinates": [ -122.421767386288622, 37.732619283176639 ] } },
{ "type": "Feature", "properties": { "id": "g1107", "minutes": 43.0, "lon": -122.41949774538315, "lat": 37.732608128069117 }, "geometry": { "type": "Point", "coordinates": [ -122.419497745383154, 37.732608128069117 ] } },
{ "type": "Feature", "properties": { "id": "g1108", "minutes": 42.0, "lon": -122.41722810573216, "lat": 37.732596929266357 }, "geometry": { "type": "Point", "coordinates": [ -122.417228105732164, 37.732596929266357 ] } },
{ "type": "Feature", "properties": { "id": "g1109", "minutes": 42.0, "lon": -122.41495846734058, "lat": 37.732585686768438 }, "geometry": { "type": "Point", "coordinates": [ -122.414958467340583, 37.732585686768438 ] } },
{ "type": "Feature", "properties": { "id": "g1110", "minutes": 45.0, "lon": -122.41268883021328, "lat": 37.732574400575416 }, "geometry": { "type": "Point", "coordinates": [ -122.412688830213284, 37.732574400575416 ] } },
{ "type": "Feature", "properties": { "id": "g1111", "minutes": 45.0, "lon": -122.41041919435521, "lat": 37.732563070687391 }, "geometry": { "type": "Point", "coordinates": [ -122.410419194355214, 37.732563070687391 ] } },
{ "type": "Feature", "properties": { "id": "g1112", "minutes": 42.0, "lon": -122.40814955977126, "lat": 37.732551697104448 }, "geometry": { "type": "Point", "coordinates": [ -122.40814955977126, 37.732551697104448 ] } },
{ "type": "Feature", "properties": { "id": "g1113", "minutes": 38.0, "lon": -122.4058799264663, "lat": 37.732540279826615 }, "geometry": { "type": "Point", "coordinates": [ -122.405879926466298, 37.732540279826615 ] } },
{ "type": "Feature", "properties": { "id": "g1114", "minutes": 45.0, "lon": -122.40361029444529, "lat": 37.732528818854007 }, "geometry": { "type": "Point", "coordinates": [ -122.403610294445286, 37.732528818854007 ] } },
{ "type": "Feature", "properties": { "id": "g1115", "minutes": 46.0, "lon": -122.40134066371309, "lat": 37.732517314186694 }, "geometry": { "type": "Point", "coordinates": [ -122.401340663713086, 37.732517314186694 ] } },
{ "type": "Feature", "properties": { "id": "g1116", "minutes": 46.0, "lon": -122.39907103427458, "lat": 37.732505765824754 }, "geometry": { "type": "Point", "coordinates": [ -122.399071034274584, 37.732505765824754 ] } },
{ "type": "Feature", "properties": { "id": "g1117", "minutes": 48.0, "lon": -122.39680140613474, "lat": 37.732494173768252 }, "geometry": { "type": "Point", "coordinates": [ -122.396801406134742, 37.732494173768252 ] } },
{ "type": "Feature", "properties": { "id": "g1118", "minutes": 48.0, "lon": -122.39453177929843, "lat": 37.732482538017273 }, "geometry": { "type": "Point", "coordinates": [ -122.394531779298433, 37.732482538017273 ] } },
{ "type": "Feature", "properties": { "id": "g1119", "minutes": 45.0, "lon": -122.39226215377055, "lat": 37.732470858571894 }, "geometry": { "type": "Point", "coordinates": [ -122.392262153770545, 37.732470858571894 ] } },
{ "type": "Feature", "properties": { "id": "g1120", "minutes": 45.0, "lon": -122.38999252955601, "lat": 37.732459135432194 }, "geometry": { "type": "Point", "coordinates": [ -122.389992529556011, 37.732459135432194 ] } },
{ "type": "Feature", "properties": { "id": "g1121", "minutes": 44.0, "lon": -122.3877229066597, "lat": 37.732447368598251 }, "geometry": { "type": "Point", "coordinates": [ -122.387722906659704, 37.732447368598251 ] } },
{ "type": "Feature", "properties": { "id": "g1122", "minutes": 42.0, "lon": -122.38545328508656, "lat": 37.732435558070129 }, "geometry": { "type": "Point", "coordinates": [ -122.385453285086555, 37.732435558070129 ] } },
{ "type": "Feature", "properties": { "id": "g1123", "minutes": 37.0, "lon": -122.38318366484145, "lat": 37.732423703847928 }, "geometry": { "type": "Point", "coordinates": [ -122.383183664841454, 37.732423703847928 ] } },
{ "type": "Feature", "properties": { "id": "g1124", "minutes": 37.0, "lon": -122.38091404592929, "lat": 37.732411805931719 }, "geometry": { "type": "Point", "coordinates": [ -122.380914045929288, 37.732411805931719 ] } },
{ "type": "Feature", "properties": { "id": "g1125", "minutes": 40.0, "lon": -122.37864442835499, "lat": 37.732399864321572 }, "geometry": { "type": "Point", "coordinates": [ -122.378644428354988, 37.732399864321572 ] } },
{ "type": "Feature", "properties": { "id": "g1126", "minutes": 43.0, "lon": -122.37637481212347, "lat": 37.73238787901758 }, "geometry": { "type": "Point", "coordinates": [ -122.376374812123473, 37.73238787901758 ] } },
{ "type": "Feature", "properties": { "id": "g1127", "minutes": 44.0, "lon": -122.3741051972396, "lat": 37.732375850019814 }, "geometry": { "type": "Point", "coordinates": [ -122.374105197239601, 37.732375850019814 ] } },
{ "type": "Feature", "properties": { "id": "g1128", "minutes": 45.0, "lon": -122.37183558370829, "lat": 37.732363777328359 }, "geometry": { "type": "Point", "coordinates": [ -122.37183558370829, 37.732363777328359 ] } },
{ "type": "Feature", "properties": { "id": "g1129", "minutes": 47.0, "lon": -122.36956597153446, "lat": 37.732351660943287 }, "geometry": { "type": "Point", "coordinates": [ -122.369565971534456, 37.732351660943287 ] } },
{ "type": "Feature", "properties": { "id": "g1130", "minutes": 47.0, "lon": -122.36729636072299, "lat": 37.73233950086469 }, "geometry": { "type": "Point", "coordinates": [ -122.367296360722989, 37.73233950086469 ] } },
{ "type": "Feature", "properties": { "id": "g1131", "minutes": 46.0, "lon": -122.36502675127879, "lat": 37.732327297092645 }, "geometry": { "type": "Point", "coordinates": [ -122.365026751278791, 37.732327297092645 ] } },
{ "type": "Feature", "properties": { "id": "g1132", "minutes": 56.0, "lon": -122.36275714320679, "lat": 37.732315049627239 }, "geometry": { "type": "Point", "coordinates": [ -122.362757143206792, 37.732315049627239 ] } },
{ "type": "Feature", "properties": { "id": "g1133", "minutes": 56.0, "lon": -122.36048753651188, "lat": 37.732302758468535 }, "geometry": { "type": "Point", "coordinates": [ -122.360487536511883, 37.732302758468535 ] } },
{ "type": "Feature", "properties": { "id": "g1139", "minutes": 50.0, "lon": -122.50800269391459, "lat": 37.734813393457664 }, "geometry": { "type": "Point", "coordinates": [ -122.508002693914591, 37.734813393457664 ] } },
{ "type": "Feature", "properties": { "id": "g1140", "minutes": 49.0, "lon": -122.50573295395009, "lat": 37.734803898208135 }, "geometry": { "type": "Point", "coordinates": [ -122.505732953950087, 37.734803898208135 ] } },
{ "type": "Feature", "properties": { "id": "g1141", "minutes": 49.0, "lon": -122.50346321505386, "lat": 37.73479435925794 }, "geometry": { "type": "Point", "coordinates": [ -122.503463215053856, 37.73479435925794 ] } },
{ "type": "Feature", "properties": { "id": "g1142", "minutes": 53.0, "lon": -122.50119347723076, "lat": 37.734784776607128 }, "geometry": { "type": "Point", "coordinates": [ -122.501193477230757, 37.734784776607128 ] } },
{ "type": "Feature", "properties": { "id": "g1143", "minutes": 47.0, "lon": -122.49892374048572, "lat": 37.734775150255771 }, "geometry": { "type": "Point", "coordinates": [ -122.498923740485722, 37.734775150255771 ] } },
{ "type": "Feature", "properties": { "id": "g1144", "minutes": 47.0, "lon": -122.49665400482367, "lat": 37.734765480203933 }, "geometry": { "type": "Point", "coordinates": [ -122.496654004823668, 37.734765480203933 ] } },
{ "type": "Feature", "properties": { "id": "g1145", "minutes": 47.0, "lon": -122.49438427024948, "lat": 37.73475576645167 }, "geometry": { "type": "Point", "coordinates": [ -122.494384270249483, 37.73475576645167 ] } },
{ "type": "Feature", "properties": { "id": "g1146", "minutes": 46.0, "lon": -122.49211453676807, "lat": 37.734746008999039 }, "geometry": { "type": "Point", "coordinates": [ -122.492114536768071, 37.734746008999039 ] } },
{ "type": "Feature", "properties": { "id": "g1147", "minutes": 47.0, "lon": -122.48984480438432, "lat": 37.734736207846147 }, "geometry": { "type": "Point", "coordinates": [ -122.489844804384319, 37.734736207846147 ] } },
{ "type": "Feature", "properties": { "id": "g1148", "minutes": 45.0, "lon": -122.48757507310316, "lat": 37.734726362993008 }, "geometry": { "type": "Point", "coordinates": [ -122.487575073103159, 37.734726362993008 ] } },
{ "type": "Feature", "properties": { "id": "g1149", "minutes": 44.0, "lon": -122.48530534292949, "lat": 37.734716474439722 }, "geometry": { "type": "Point", "coordinates": [ -122.485305342929493, 37.734716474439722 ] } },
{ "type": "Feature", "properties": { "id": "g1150", "minutes": 44.0, "lon": -122.4830356138682, "lat": 37.734706542186352 }, "geometry": { "type": "Point", "coordinates": [ -122.483035613868196, 37.734706542186352 ] } },
{ "type": "Feature", "properties": { "id": "g1151", "minutes": 42.0, "lon": -122.4807658859242, "lat": 37.734696566232948 }, "geometry": { "type": "Point", "coordinates": [ -122.4807658859242, 37.734696566232948 ] } },
{ "type": "Feature", "properties": { "id": "g1152", "minutes": 40.0, "lon": -122.47849615910243, "lat": 37.734686546579567 }, "geometry": { "type": "Point", "coordinates": [ -122.478496159102434, 37.734686546579567 ] } },
{ "type": "Feature", "properties": { "id": "g1153", "minutes": 37.0, "lon": -122.47622643340775, "lat": 37.734676483226309 }, "geometry": { "type": "Point", "coordinates": [ -122.476226433407746, 37.734676483226309 ] } },
{ "type": "Feature", "properties": { "id": "g1154", "minutes": 35.0, "lon": -122.47395670884509, "lat": 37.734666376173223 }, "geometry": { "type": "Point", "coordinates": [ -122.473956708845094, 37.734666376173223 ] } },
{ "type": "Feature", "properties": { "id": "g1155", "minutes": 32.0, "lon": -122.47168698541934, "lat": 37.734656225420373 }, "geometry": { "type": "Point", "coordinates": [ -122.471686985419339, 37.734656225420373 ] } },
{ "type": "Feature", "properties": { "id": "g1156", "minutes": 35.0, "lon": -122.46941726313538, "lat": 37.734646030967838 }, "geometry": { "type": "Point", "coordinates": [ -122.469417263135384, 37.734646030967838 ] } },
{ "type": "Feature", "properties": { "id": "g1157", "minutes": 37.0, "lon": -122.46714754199817, "lat": 37.734635792815673 }, "geometry": { "type": "Point", "coordinates": [ -122.467147541998173, 37.734635792815673 ] } },
{ "type": "Feature", "properties": { "id": "g1158", "minutes": 39.0, "lon": -122.4648778220126, "lat": 37.734625510963959 }, "geometry": { "type": "Point", "coordinates": [ -122.464877822012596, 37.734625510963959 ] } },
{ "type": "Feature", "properties": { "id": "g1159", "minutes": 42.0, "lon": -122.46260810318353, "lat": 37.734615185412757 }, "geometry": { "type": "Point", "coordinates": [ -122.462608103183527, 37.734615185412757 ] } },
{ "type": "Feature", "properties": { "id": "g1160", "minutes": 40.0, "lon": -122.4603383855159, "lat": 37.734604816162125 }, "geometry": { "type": "Point", "coordinates": [ -122.460338385515897, 37.734604816162125 ] } },
{ "type": "Feature", "properties": { "id": "g1161", "minutes": 42.0, "lon": -122.45806866901462, "lat": 37.734594403212149 }, "geometry": { "type": "Point", "coordinates": [ -122.458068669014622, 37.734594403212149 ] } },
{ "type": "Feature", "properties": { "id": "g1162", "minutes": 45.0, "lon": -122.45579895368461, "lat": 37.7345839465629 }, "geometry": { "type": "Point", "coordinates": [ -122.455798953684607, 37.7345839465629 ] } },
{ "type": "Feature", "properties": { "id": "g1163", "minutes": 45.0, "lon": -122.45352923953071, "lat": 37.734573446214426 }, "geometry": { "type": "Point", "coordinates": [ -122.45352923953071, 37.734573446214426 ] } },
{ "type": "Feature", "properties": { "id": "g1164", "minutes": 45.0, "lon": -122.45125952655788, "lat": 37.734562902166829 }, "geometry": { "type": "Point", "coordinates": [ -122.451259526557877, 37.734562902166829 ] } },
{ "type": "Feature", "properties": { "id": "g1165", "minutes": 40.0, "lon": -122.448989814771, "lat": 37.734552314420142 }, "geometry": { "type": "Point", "coordinates": [ -122.448989814770997, 37.734552314420142 ] } },
{ "type": "Feature", "properties": { "id": "g1166", "minutes": 41.0, "lon": -122.446720104175, "lat": 37.734541682974459 }, "geometry": { "type": "Point", "coordinates": [ -122.446720104175, 37.734541682974459 ] } },
{ "type": "Feature", "properties": { "id": "g1167", "minutes": 38.0, "lon": -122.44445039477475, "lat": 37.734531007829858 }, "geometry": { "type": "Point", "coordinates": [ -122.444450394774748, 37.734531007829858 ] } },
{ "type": "Feature", "properties": { "id": "g1168", "minutes": 35.0, "lon": -122.44218068657518, "lat": 37.734520288986396 }, "geometry": { "type": "Point", "coordinates": [ -122.442180686575185, 37.734520288986396 ] } },
{ "type": "Feature", "properties": { "id": "g1169", "minutes": 31.0, "lon": -122.43991097958119, "lat": 37.734509526444135 }, "geometry": { "type": "Point", "coordinates": [ -122.439910979581185, 37.734509526444135 ] } },
{ "type": "Feature", "properties": { "id": "g1170", "minutes": 30.0, "lon": -122.43764127379767, "lat": 37.73449872020317 }, "geometry": { "type": "Point", "coordinates": [ -122.437641273797666, 37.73449872020317 ] } },
{ "type": "Feature", "properties": { "id": "g1171", "minutes": 28.0, "lon": -122.43537156922953, "lat": 37.73448787026355 }, "geometry": { "type": "Point", "coordinates": [ -122.435371569229531, 37.73448787026355 ] } },
{ "type": "Feature", "properties": { "id": "g1172", "minutes": 26.0, "lon": -122.43310186588168, "lat": 37.734476976625366 }, "geometry": { "type": "Point", "coordinates": [ -122.433101865881682, 37.734476976625366 ] } },
{ "type": "Feature", "properties": { "id": "g1173", "minutes": 29.0, "lon": -122.43083216375902, "lat": 37.734466039288677 }, "geometry": { "type": "Point", "coordinates": [ -122.430832163759021, 37.734466039288677 ] } },
{ "type": "Feature", "properties": { "id": "g1174", "minutes": 34.0, "lon": -122.42856246286647, "lat": 37.734455058253566 }, "geometry": { "type": "Point", "coordinates": [ -122.428562462866466, 37.734455058253566 ] } },
{ "type": "Feature", "properties": { "id": "g1175", "minutes": 34.0, "lon": -122.42629276320889, "lat": 37.734444033520099 }, "geometry": { "type": "Point", "coordinates": [ -122.426292763208892, 37.734444033520099 ] } },
{ "type": "Feature", "properties": { "id": "g1176", "minutes": 34.0, "lon": -122.42402306479123, "lat": 37.734432965088338 }, "geometry": { "type": "Point", "coordinates": [ -122.424023064791228, 37.734432965088338 ] } },
{ "type": "Feature", "properties": { "id": "g1177", "minutes": 38.0, "lon": -122.42175336761838, "lat": 37.734421852958391 }, "geometry": { "type": "Point", "coordinates": [ -122.421753367618379, 37.734421852958391 ] } },
{ "type": "Feature", "properties": { "id": "g1178", "minutes": 39.0, "lon": -122.41948367169525, "lat": 37.734410697130308 }, "geometry": { "type": "Point", "coordinates": [ -122.419483671695247, 37.734410697130308 ] } },
{ "type": "Feature", "properties": { "id": "g1179", "minutes": 41.0, "lon": -122.41721397702672, "lat": 37.734399497604166 }, "geometry": { "type": "Point", "coordinates": [ -122.417213977026719, 37.734399497604166 ] } },
{ "type": "Feature", "properties": { "id": "g1180", "minutes": 39.0, "lon": -122.41494428361771, "lat": 37.734388254380029 }, "geometry": { "type": "Point", "coordinates": [ -122.414944283617714, 37.734388254380029 ] } },
{ "type": "Feature", "properties": { "id": "g1181", "minutes": 39.0, "lon": -122.41267459147313, "lat": 37.73437696745799 }, "geometry": { "type": "Point", "coordinates": [ -122.412674591473134, 37.73437696745799 ] } },
{ "type": "Feature", "properties": { "id": "g1182", "minutes": 40.0, "lon": -122.41040490059788, "lat": 37.734365636838128 }, "geometry": { "type": "Point", "coordinates": [ -122.410404900597882, 37.734365636838128 ] } },
{ "type": "Feature", "properties": { "id": "g1183", "minutes": 44.0, "lon": -122.40813521099687, "lat": 37.734354262520483 }, "geometry": { "type": "Point", "coordinates": [ -122.408135210996875, 37.734354262520483 ] } },
{ "type": "Feature", "properties": { "id": "g1184", "minutes": 41.0, "lon": -122.40586552267501, "lat": 37.734342844505179 }, "geometry": { "type": "Point", "coordinates": [ -122.405865522675015, 37.734342844505179 ] } },
{ "type": "Feature", "properties": { "id": "g1185", "minutes": 43.0, "lon": -122.40359583563716, "lat": 37.734331382792256 }, "geometry": { "type": "Point", "coordinates": [ -122.403595835637162, 37.734331382792256 ] } },
{ "type": "Feature", "properties": { "id": "g1186", "minutes": 44.0, "lon": -122.40132614988826, "lat": 37.7343198773818 }, "geometry": { "type": "Point", "coordinates": [ -122.401326149888263, 37.7343198773818 ] } },
{ "type": "Feature", "properties": { "id": "g1187", "minutes": 47.0, "lon": -122.39905646543322, "lat": 37.734308328273904 }, "geometry": { "type": "Point", "coordinates": [ -122.399056465433219, 37.734308328273904 ] } },
{ "type": "Feature", "properties": { "id": "g1188", "minutes": 51.0, "lon": -122.39678678227692, "lat": 37.734296735468611 }, "geometry": { "type": "Point", "coordinates": [ -122.396786782276919, 37.734296735468611 ] } },
{ "type": "Feature", "properties": { "id": "g1189", "minutes": 48.0, "lon": -122.39451710042428, "lat": 37.734285098966033 }, "geometry": { "type": "Point", "coordinates": [ -122.394517100424281, 37.734285098966033 ] } },
{ "type": "Feature", "properties": { "id": "g1190", "minutes": 44.0, "lon": -122.39224741988021, "lat": 37.734273418766222 }, "geometry": { "type": "Point", "coordinates": [ -122.392247419880206, 37.734273418766222 ] } },
{ "type": "Feature", "properties": { "id": "g1191", "minutes": 44.0, "lon": -122.3899777406496, "lat": 37.734261694869268 }, "geometry": { "type": "Point", "coordinates": [ -122.389977740649599, 37.734261694869268 ] } },
{ "type": "Feature", "properties": { "id": "g1192", "minutes": 44.0, "lon": -122.38770806273735, "lat": 37.734249927275258 }, "geometry": { "type": "Point", "coordinates": [ -122.387708062737346, 37.734249927275258 ] } },
{ "type": "Feature", "properties": { "id": "g1193", "minutes": 42.0, "lon": -122.38543838614837, "lat": 37.734238115984247 }, "geometry": { "type": "Point", "coordinates": [ -122.385438386148365, 37.734238115984247 ] } },
{ "type": "Feature", "properties": { "id": "g1194", "minutes": 38.0, "lon": -122.38316871088756, "lat": 37.734226260996323 }, "geometry": { "type": "Point", "coordinates": [ -122.38316871088756, 37.734226260996323 ] } },
{ "type": "Feature", "properties": { "id": "g1195", "minutes": 40.0, "lon": -122.38089903695985, "lat": 37.734214362311576 }, "geometry": { "type": "Point", "coordinates": [ -122.380899036959846, 37.734214362311576 ] } },
{ "type": "Feature", "properties": { "id": "g1196", "minutes": 41.0, "lon": -122.37862936437011, "lat": 37.734202419930071 }, "geometry": { "type": "Point", "coordinates": [ -122.378629364370113, 37.734202419930071 ] } },
{ "type": "Feature", "properties": { "id": "g1197", "minutes": 44.0, "lon": -122.37635969312328, "lat": 37.7341904338519 }, "geometry": { "type": "Point", "coordinates": [ -122.376359693123277, 37.7341904338519 ] } },
{ "type": "Feature", "properties": { "id": "g1198", "minutes": 46.0, "lon": -122.3740900232242, "lat": 37.734178404077134 }, "geometry": { "type": "Point", "coordinates": [ -122.374090023224198, 37.734178404077134 ] } },
{ "type": "Feature", "properties": { "id": "g1199", "minutes": 46.0, "lon": -122.37182035467784, "lat": 37.734166330605845 }, "geometry": { "type": "Point", "coordinates": [ -122.371820354677837, 37.734166330605845 ] } },
{ "type": "Feature", "properties": { "id": "g1200", "minutes": 48.0, "lon": -122.36955068748905, "lat": 37.734154213438117 }, "geometry": { "type": "Point", "coordinates": [ -122.369550687489053, 37.734154213438117 ] } },
{ "type": "Feature", "properties": { "id": "g1202", "minutes": 47.0, "lon": -122.36501135720394, "lat": 37.734129848013723 }, "geometry": { "type": "Point", "coordinates": [ -122.36501135720394, 37.734129848013723 ] } },
{ "type": "Feature", "properties": { "id": "g1209", "minutes": 51.0, "lon": -122.51026056098985, "lat": 37.736625440132805 }, "geometry": { "type": "Point", "coordinates": [ -122.510260560989849, 37.736625440132805 ] } },
{ "type": "Feature", "properties": { "id": "g1210", "minutes": 51.0, "lon": -122.50799076493519, "lat": 37.736615987973494 }, "geometry": { "type": "Point", "coordinates": [ -122.507990764935187, 37.736615987973494 ] } },
{ "type": "Feature", "properties": { "id": "g1211", "minutes": 50.0, "lon": -122.50572096994398, "lat": 37.736606492110631 }, "geometry": { "type": "Point", "coordinates": [ -122.50572096994398, 37.736606492110631 ] } },
{ "type": "Feature", "properties": { "id": "g1212", "minutes": 49.0, "lon": -122.5034511760211, "lat": 37.736596952544268 }, "geometry": { "type": "Point", "coordinates": [ -122.503451176021102, 37.736596952544268 ] } },
{ "type": "Feature", "properties": { "id": "g1213", "minutes": 49.0, "lon": -122.5011813831715, "lat": 37.736587369274467 }, "geometry": { "type": "Point", "coordinates": [ -122.501181383171499, 37.736587369274467 ] } },
{ "type": "Feature", "properties": { "id": "g1214", "minutes": 50.0, "lon": -122.49891159140006, "lat": 37.7365777423013 }, "geometry": { "type": "Point", "coordinates": [ -122.498911591400059, 37.7365777423013 ] } },
{ "type": "Feature", "properties": { "id": "g1215", "minutes": 51.0, "lon": -122.49664180071166, "lat": 37.736568071624824 }, "geometry": { "type": "Point", "coordinates": [ -122.496641800711657, 37.736568071624824 ] } },
{ "type": "Feature", "properties": { "id": "g1216", "minutes": 49.0, "lon": -122.49437201111125, "lat": 37.736558357245116 }, "geometry": { "type": "Point", "coordinates": [ -122.494372011111253, 37.736558357245116 ] } },
{ "type": "Feature", "properties": { "id": "g1217", "minutes": 49.0, "lon": -122.49210222260372, "lat": 37.736548599162234 }, "geometry": { "type": "Point", "coordinates": [ -122.492102222603719, 37.736548599162234 ] } },
{ "type": "Feature", "properties": { "id": "g1218", "minutes": 54.0, "lon": -122.48983243519396, "lat": 37.73653879737622 }, "geometry": { "type": "Point", "coordinates": [ -122.489832435193961, 37.73653879737622 ] } },
{ "type": "Feature", "properties": { "id": "g1219", "minutes": 56.0, "lon": -122.48756264888691, "lat": 37.736528951887173 }, "geometry": { "type": "Point", "coordinates": [ -122.487562648886907, 37.736528951887173 ] } },
{ "type": "Feature", "properties": { "id": "g1220", "minutes": 52.0, "lon": -122.48529286368743, "lat": 37.736519062695145 }, "geometry": { "type": "Point", "coordinates": [ -122.485292863687434, 37.736519062695145 ] } },
{ "type": "Feature", "properties": { "id": "g1221", "minutes": 47.0, "lon": -122.48302307960046, "lat": 37.736509129800204 }, "geometry": { "type": "Point", "coordinates": [ -122.483023079600457, 37.736509129800204 ] } },
{ "type": "Feature", "properties": { "id": "g1222", "minutes": 46.0, "lon": -122.48075329663088, "lat": 37.736499153202402 }, "geometry": { "type": "Point", "coordinates": [ -122.48075329663088, 37.736499153202402 ] } },
{ "type": "Feature", "properties": { "id": "g1223", "minutes": 44.0, "lon": -122.4784835147836, "lat": 37.736489132901838 }, "geometry": { "type": "Point", "coordinates": [ -122.478483514783605, 37.736489132901838 ] } },
{ "type": "Feature", "properties": { "id": "g1224", "minutes": 40.0, "lon": -122.47621373406358, "lat": 37.736479068898539 }, "geometry": { "type": "Point", "coordinates": [ -122.476213734063577, 37.736479068898539 ] } },
{ "type": "Feature", "properties": { "id": "g1225", "minutes": 39.0, "lon": -122.47394395447564, "lat": 37.736468961192593 }, "geometry": { "type": "Point", "coordinates": [ -122.473943954475644, 37.736468961192593 ] } },
{ "type": "Feature", "properties": { "id": "g1226", "minutes": 34.0, "lon": -122.47167417602472, "lat": 37.736458809784068 }, "geometry": { "type": "Point", "coordinates": [ -122.47167417602472, 37.736458809784068 ] } },
{ "type": "Feature", "properties": { "id": "g1227", "minutes": 33.0, "lon": -122.46940439871574, "lat": 37.73644861467303 }, "geometry": { "type": "Point", "coordinates": [ -122.469404398715739, 37.73644861467303 ] } },
{ "type": "Feature", "properties": { "id": "g1228", "minutes": 34.0, "lon": -122.46713462255356, "lat": 37.736438375859542 }, "geometry": { "type": "Point", "coordinates": [ -122.467134622553559, 37.736438375859542 ] } },
{ "type": "Feature", "properties": { "id": "g1229", "minutes": 36.0, "lon": -122.46486484754315, "lat": 37.736428093343683 }, "geometry": { "type": "Point", "coordinates": [ -122.464864847543154, 37.736428093343683 ] } },
{ "type": "Feature", "properties": { "id": "g1230", "minutes": 38.0, "lon": -122.46259507368936, "lat": 37.736417767125509 }, "geometry": { "type": "Point", "coordinates": [ -122.462595073689357, 37.736417767125509 ] } },
{ "type": "Feature", "properties": { "id": "g1231", "minutes": 43.0, "lon": -122.46032530099714, "lat": 37.736407397205099 }, "geometry": { "type": "Point", "coordinates": [ -122.460325300997141, 37.736407397205099 ] } },
{ "type": "Feature", "properties": { "id": "g1232", "minutes": 46.0, "lon": -122.45805552947135, "lat": 37.736396983582509 }, "geometry": { "type": "Point", "coordinates": [ -122.458055529471352, 37.736396983582509 ] } },
{ "type": "Feature", "properties": { "id": "g1233", "minutes": 47.0, "lon": -122.45578575911692, "lat": 37.736386526257817 }, "geometry": { "type": "Point", "coordinates": [ -122.455785759116921, 37.736386526257817 ] } },
{ "type": "Feature", "properties": { "id": "g1234", "minutes": 46.0, "lon": -122.45351598993877, "lat": 37.736376025231081 }, "geometry": { "type": "Point", "coordinates": [ -122.453515989938765, 37.736376025231081 ] } },
{ "type": "Feature", "properties": { "id": "g1235", "minutes": 46.0, "lon": -122.45124622194176, "lat": 37.7363654805024 }, "geometry": { "type": "Point", "coordinates": [ -122.451246221941759, 37.7363654805024 ] } },
{ "type": "Feature", "properties": { "id": "g1236", "minutes": 43.0, "lon": -122.44897645513082, "lat": 37.736354892071823 }, "geometry": { "type": "Point", "coordinates": [ -122.448976455130818, 37.736354892071823 ] } },
{ "type": "Feature", "properties": { "id": "g1237", "minutes": 44.0, "lon": -122.44670668951086, "lat": 37.736344259939415 }, "geometry": { "type": "Point", "coordinates": [ -122.446706689510862, 37.736344259939415 ] } },
{ "type": "Feature", "properties": { "id": "g1238", "minutes": 40.0, "lon": -122.44443692508678, "lat": 37.736333584105267 }, "geometry": { "type": "Point", "coordinates": [ -122.444436925086777, 37.736333584105267 ] } },
{ "type": "Feature", "properties": { "id": "g1239", "minutes": 35.0, "lon": -122.44216716186351, "lat": 37.736322864569424 }, "geometry": { "type": "Point", "coordinates": [ -122.442167161863509, 37.736322864569424 ] } },
{ "type": "Feature", "properties": { "id": "g1240", "minutes": 34.0, "lon": -122.43989739984589, "lat": 37.736312101331976 }, "geometry": { "type": "Point", "coordinates": [ -122.43989739984589, 37.736312101331976 ] } },
{ "type": "Feature", "properties": { "id": "g1241", "minutes": 35.0, "lon": -122.43762763903888, "lat": 37.736301294392995 }, "geometry": { "type": "Point", "coordinates": [ -122.43762763903888, 37.736301294392995 ] } },
{ "type": "Feature", "properties": { "id": "g1242", "minutes": 32.0, "lon": -122.43535787944737, "lat": 37.736290443752537 }, "geometry": { "type": "Point", "coordinates": [ -122.435357879447366, 37.736290443752537 ] } },
{ "type": "Feature", "properties": { "id": "g1243", "minutes": 31.0, "lon": -122.43308812107625, "lat": 37.736279549410682 }, "geometry": { "type": "Point", "coordinates": [ -122.433088121076253, 37.736279549410682 ] } },
{ "type": "Feature", "properties": { "id": "g1244", "minutes": 32.0, "lon": -122.43081836393046, "lat": 37.736268611367507 }, "geometry": { "type": "Point", "coordinates": [ -122.430818363930456, 37.736268611367507 ] } },
{ "type": "Feature", "properties": { "id": "g1245", "minutes": 33.0, "lon": -122.42854860801486, "lat": 37.736257629623097 }, "geometry": { "type": "Point", "coordinates": [ -122.428548608014864, 37.736257629623097 ] } },
{ "type": "Feature", "properties": { "id": "g1246", "minutes": 34.0, "lon": -122.42627885333438, "lat": 37.736246604177495 }, "geometry": { "type": "Point", "coordinates": [ -122.426278853334381, 37.736246604177495 ] } },
{ "type": "Feature", "properties": { "id": "g1247", "minutes": 32.0, "lon": -122.42400909989394, "lat": 37.736235535030801 }, "geometry": { "type": "Point", "coordinates": [ -122.424009099893937, 37.736235535030801 ] } },
{ "type": "Feature", "properties": { "id": "g1248", "minutes": 35.0, "lon": -122.42173934769842, "lat": 37.736224422183078 }, "geometry": { "type": "Point", "coordinates": [ -122.42173934769842, 37.736224422183078 ] } },
{ "type": "Feature", "properties": { "id": "g1249", "minutes": 39.0, "lon": -122.41946959675272, "lat": 37.736213265634383 }, "geometry": { "type": "Point", "coordinates": [ -122.41946959675272, 37.736213265634383 ] } },
{ "type": "Feature", "properties": { "id": "g1250", "minutes": 41.0, "lon": -122.41719984706177, "lat": 37.736202065384823 }, "geometry": { "type": "Point", "coordinates": [ -122.417199847061767, 37.736202065384823 ] } },
{ "type": "Feature", "properties": { "id": "g1251", "minutes": 39.0, "lon": -122.41493009863045, "lat": 37.736190821434469 }, "geometry": { "type": "Point", "coordinates": [ -122.41493009863045, 37.736190821434469 ] } },
{ "type": "Feature", "properties": { "id": "g1252", "minutes": 41.0, "lon": -122.41266035146366, "lat": 37.736179533783364 }, "geometry": { "type": "Point", "coordinates": [ -122.412660351463657, 37.736179533783364 ] } },
{ "type": "Feature", "properties": { "id": "g1253", "minutes": 41.0, "lon": -122.41039060556635, "lat": 37.736168202431607 }, "geometry": { "type": "Point", "coordinates": [ -122.410390605566349, 37.736168202431607 ] } },
{ "type": "Feature", "properties": { "id": "g1254", "minutes": 43.0, "lon": -122.40812086094337, "lat": 37.736156827379268 }, "geometry": { "type": "Point", "coordinates": [ -122.40812086094337, 37.736156827379268 ] } },
{ "type": "Feature", "properties": { "id": "g1255", "minutes": 45.0, "lon": -122.40585111759967, "lat": 37.73614540862642 }, "geometry": { "type": "Point", "coordinates": [ -122.405851117599667, 37.73614540862642 ] } },
{ "type": "Feature", "properties": { "id": "g1256", "minutes": 48.0, "lon": -122.40358137554009, "lat": 37.736133946173155 }, "geometry": { "type": "Point", "coordinates": [ -122.403581375540085, 37.736133946173155 ] } },
{ "type": "Feature", "properties": { "id": "g1257", "minutes": 46.0, "lon": -122.4013116347696, "lat": 37.736122440019521 }, "geometry": { "type": "Point", "coordinates": [ -122.401311634769598, 37.736122440019521 ] } },
{ "type": "Feature", "properties": { "id": "g1258", "minutes": 44.0, "lon": -122.39904189529308, "lat": 37.736110890165619 }, "geometry": { "type": "Point", "coordinates": [ -122.399041895293081, 37.736110890165619 ] } },
{ "type": "Feature", "properties": { "id": "g1259", "minutes": 45.0, "lon": -122.39677215711544, "lat": 37.736099296611528 }, "geometry": { "type": "Point", "coordinates": [ -122.396772157115436, 37.736099296611528 ] } },
{ "type": "Feature", "properties": { "id": "g1260", "minutes": 43.0, "lon": -122.39450242024158, "lat": 37.736087659357295 }, "geometry": { "type": "Point", "coordinates": [ -122.394502420241579, 37.736087659357295 ] } },
{ "type": "Feature", "properties": { "id": "g1261", "minutes": 44.0, "lon": -122.3922326846764, "lat": 37.736075978403029 }, "geometry": { "type": "Point", "coordinates": [ -122.392232684676401, 37.736075978403029 ] } },
{ "type": "Feature", "properties": { "id": "g1262", "minutes": 41.0, "lon": -122.38996295042482, "lat": 37.736064253748786 }, "geometry": { "type": "Point", "coordinates": [ -122.389962950424817, 37.736064253748786 ] } },
{ "type": "Feature", "properties": { "id": "g1263", "minutes": 40.0, "lon": -122.3876932174917, "lat": 37.736052485394666 }, "geometry": { "type": "Point", "coordinates": [ -122.387693217491702, 37.736052485394666 ] } },
{ "type": "Feature", "properties": { "id": "g1264", "minutes": 41.0, "lon": -122.385423485882, "lat": 37.736040673340725 }, "geometry": { "type": "Point", "coordinates": [ -122.385423485882001, 37.736040673340725 ] } },
{ "type": "Feature", "properties": { "id": "g1265", "minutes": 37.0, "lon": -122.3831537556006, "lat": 37.736028817587048 }, "geometry": { "type": "Point", "coordinates": [ -122.383153755600603, 37.736028817587048 ] } },
{ "type": "Feature", "properties": { "id": "g1266", "minutes": 42.0, "lon": -122.38088402665242, "lat": 37.736016918133728 }, "geometry": { "type": "Point", "coordinates": [ -122.380884026652424, 37.736016918133728 ] } },
{ "type": "Feature", "properties": { "id": "g1267", "minutes": 42.0, "lon": -122.37861429904233, "lat": 37.73600497498083 }, "geometry": { "type": "Point", "coordinates": [ -122.378614299042326, 37.73600497498083 ] } },
{ "type": "Feature", "properties": { "id": "g1268", "minutes": 57.0, "lon": -122.37634457277527, "lat": 37.73599298812843 }, "geometry": { "type": "Point", "coordinates": [ -122.376344572775267, 37.73599298812843 ] } },
{ "type": "Feature", "properties": { "id": "g1269", "minutes": 54.0, "lon": -122.37407484785611, "lat": 37.735980957576622 }, "geometry": { "type": "Point", "coordinates": [ -122.374074847856107, 37.735980957576622 ] } },
{ "type": "Feature", "properties": { "id": "g1270", "minutes": 56.0, "lon": -122.37180512428978, "lat": 37.735968883325469 }, "geometry": { "type": "Point", "coordinates": [ -122.371805124289779, 37.735968883325469 ] } },
{ "type": "Feature", "properties": { "id": "g1280", "minutes": 51.0, "lon": -122.51024868597872, "lat": 37.738428034703304 }, "geometry": { "type": "Point", "coordinates": [ -122.510248685978723, 37.738428034703304 ] } },
{ "type": "Feature", "properties": { "id": "g1281", "minutes": 51.0, "lon": -122.50797883489233, "lat": 37.738418581933452 }, "geometry": { "type": "Point", "coordinates": [ -122.507978834892327, 37.738418581933452 ] } },
{ "type": "Feature", "properties": { "id": "g1282", "minutes": 49.0, "lon": -122.50570898486949, "lat": 37.738409085457221 }, "geometry": { "type": "Point", "coordinates": [ -122.505708984869486, 37.738409085457221 ] } },
{ "type": "Feature", "properties": { "id": "g1283", "minutes": 50.0, "lon": -122.5034391359151, "lat": 37.738399545274675 }, "geometry": { "type": "Point", "coordinates": [ -122.503439135915102, 37.738399545274675 ] } },
{ "type": "Feature", "properties": { "id": "g1284", "minutes": 52.0, "lon": -122.50116928803406, "lat": 37.738389961385863 }, "geometry": { "type": "Point", "coordinates": [ -122.501169288034063, 37.738389961385863 ] } },
{ "type": "Feature", "properties": { "id": "g1285", "minutes": 53.0, "lon": -122.49889944123129, "lat": 37.738380333790865 }, "geometry": { "type": "Point", "coordinates": [ -122.498899441231288, 37.738380333790865 ] } },
{ "type": "Feature", "properties": { "id": "g1286", "minutes": 52.0, "lon": -122.49662959551168, "lat": 37.738370662489721 }, "geometry": { "type": "Point", "coordinates": [ -122.496629595511678, 37.738370662489721 ] } },
{ "type": "Feature", "properties": { "id": "g1287", "minutes": 50.0, "lon": -122.49435975088015, "lat": 37.738360947482533 }, "geometry": { "type": "Point", "coordinates": [ -122.49435975088015, 37.738360947482533 ] } },
{ "type": "Feature", "properties": { "id": "g1288", "minutes": 52.0, "lon": -122.49208990734159, "lat": 37.738351188769329 }, "geometry": { "type": "Point", "coordinates": [ -122.492089907341594, 37.738351188769329 ] } },
{ "type": "Feature", "properties": { "id": "g1289", "minutes": 50.0, "lon": -122.48982006490094, "lat": 37.738341386350207 }, "geometry": { "type": "Point", "coordinates": [ -122.48982006490094, 37.738341386350207 ] } },
{ "type": "Feature", "properties": { "id": "g1290", "minutes": 51.0, "lon": -122.48755022356306, "lat": 37.738331540225204 }, "geometry": { "type": "Point", "coordinates": [ -122.487550223563062, 37.738331540225204 ] } },
{ "type": "Feature", "properties": { "id": "g1291", "minutes": 52.0, "lon": -122.48528038333289, "lat": 37.738321650394404 }, "geometry": { "type": "Point", "coordinates": [ -122.485280383332892, 37.738321650394404 ] } },
{ "type": "Feature", "properties": { "id": "g1292", "minutes": 51.0, "lon": -122.4830105442153, "lat": 37.738311716857865 }, "geometry": { "type": "Point", "coordinates": [ -122.483010544215304, 37.738311716857865 ] } },
{ "type": "Feature", "properties": { "id": "g1293", "minutes": 48.0, "lon": -122.48074070621526, "lat": 37.73830173961565 }, "geometry": { "type": "Point", "coordinates": [ -122.480740706215258, 37.73830173961565 ] } },
{ "type": "Feature", "properties": { "id": "g1294", "minutes": 46.0, "lon": -122.4784708693376, "lat": 37.738291718667838 }, "geometry": { "type": "Point", "coordinates": [ -122.478470869337599, 37.738291718667838 ] } },
{ "type": "Feature", "properties": { "id": "g1295", "minutes": 43.0, "lon": -122.47620103358727, "lat": 37.738281654014472 }, "geometry": { "type": "Point", "coordinates": [ -122.476201033587273, 37.738281654014472 ] } },
{ "type": "Feature", "properties": { "id": "g1296", "minutes": 39.0, "lon": -122.47393119896915, "lat": 37.73827154565565 }, "geometry": { "type": "Point", "coordinates": [ -122.473931198969154, 37.73827154565565 ] } },
{ "type": "Feature", "properties": { "id": "g1297", "minutes": 36.0, "lon": -122.47166136548817, "lat": 37.738261393591415 }, "geometry": { "type": "Point", "coordinates": [ -122.471661365488174, 37.738261393591415 ] } },
{ "type": "Feature", "properties": { "id": "g1298", "minutes": 30.0, "lon": -122.46939153314923, "lat": 37.738251197821839 }, "geometry": { "type": "Point", "coordinates": [ -122.469391533149235, 37.738251197821839 ] } },
{ "type": "Feature", "properties": { "id": "g1299", "minutes": 33.0, "lon": -122.46712170195723, "lat": 37.738240958347006 }, "geometry": { "type": "Point", "coordinates": [ -122.467121701957225, 37.738240958347006 ] } },
{ "type": "Feature", "properties": { "id": "g1300", "minutes": 35.0, "lon": -122.46485187191706, "lat": 37.73823067516696 }, "geometry": { "type": "Point", "coordinates": [ -122.464851871917062, 37.73823067516696 ] } },
{ "type": "Feature", "properties": { "id": "g1301", "minutes": 37.0, "lon": -122.46258204303363, "lat": 37.738220348281793 }, "geometry": { "type": "Point", "coordinates": [ -122.462582043033635, 37.738220348281793 ] } },
{ "type": "Feature", "properties": { "id": "g1302", "minutes": 43.0, "lon": -122.4603122153119, "lat": 37.738209977691554 }, "geometry": { "type": "Point", "coordinates": [ -122.460312215311902, 37.738209977691554 ] } },
{ "type": "Feature", "properties": { "id": "g1303", "minutes": 42.0, "lon": -122.45804238875671, "lat": 37.738199563396314 }, "geometry": { "type": "Point", "coordinates": [ -122.458042388756709, 37.738199563396314 ] } },
{ "type": "Feature", "properties": { "id": "g1304", "minutes": 48.0, "lon": -122.45577256337299, "lat": 37.738189105396152 }, "geometry": { "type": "Point", "coordinates": [ -122.455772563372989, 37.738189105396152 ] } },
{ "type": "Feature", "properties": { "id": "g1305", "minutes": 49.0, "lon": -122.45350273916561, "lat": 37.738178603691146 }, "geometry": { "type": "Point", "coordinates": [ -122.453502739165614, 37.738178603691146 ] } },
{ "type": "Feature", "properties": { "id": "g1306", "minutes": 45.0, "lon": -122.45123291613955, "lat": 37.738168058281339 }, "geometry": { "type": "Point", "coordinates": [ -122.451232916139546, 37.738168058281339 ] } },
{ "type": "Feature", "properties": { "id": "g1307", "minutes": 45.0, "lon": -122.44896309429964, "lat": 37.738157469166822 }, "geometry": { "type": "Point", "coordinates": [ -122.448963094299643, 37.738157469166822 ] } },
{ "type": "Feature", "properties": { "id": "g1308", "minutes": 44.0, "lon": -122.44669327365085, "lat": 37.738146836347667 }, "geometry": { "type": "Point", "coordinates": [ -122.446693273650851, 37.738146836347667 ] } },
{ "type": "Feature", "properties": { "id": "g1309", "minutes": 47.0, "lon": -122.44442345419802, "lat": 37.738136159823917 }, "geometry": { "type": "Point", "coordinates": [ -122.444423454198017, 37.738136159823917 ] } },
{ "type": "Feature", "properties": { "id": "g1310", "minutes": 37.0, "lon": -122.44215363594611, "lat": 37.738125439595677 }, "geometry": { "type": "Point", "coordinates": [ -122.442153635946113, 37.738125439595677 ] } },
{ "type": "Feature", "properties": { "id": "g1311", "minutes": 37.0, "lon": -122.4398838189, "lat": 37.738114675663006 }, "geometry": { "type": "Point", "coordinates": [ -122.4398838189, 37.738114675663006 ] } },
{ "type": "Feature", "properties": { "id": "g1312", "minutes": 38.0, "lon": -122.4376140030646, "lat": 37.738103868025966 }, "geometry": { "type": "Point", "coordinates": [ -122.437614003064596, 37.738103868025966 ] } },
{ "type": "Feature", "properties": { "id": "g1313", "minutes": 34.0, "lon": -122.43534418844482, "lat": 37.738093016684644 }, "geometry": { "type": "Point", "coordinates": [ -122.435344188444816, 37.738093016684644 ] } },
{ "type": "Feature", "properties": { "id": "g1314", "minutes": 40.0, "lon": -122.43307437504552, "lat": 37.738082121639103 }, "geometry": { "type": "Point", "coordinates": [ -122.433074375045521, 37.738082121639103 ] } },
{ "type": "Feature", "properties": { "id": "g1315", "minutes": 36.0, "lon": -122.43080456287169, "lat": 37.738071182889421 }, "geometry": { "type": "Point", "coordinates": [ -122.430804562871685, 37.738071182889421 ] } },
{ "type": "Feature", "properties": { "id": "g1316", "minutes": 35.0, "lon": -122.42853475192815, "lat": 37.738060200435662 }, "geometry": { "type": "Point", "coordinates": [ -122.428534751928154, 37.738060200435662 ] } },
{ "type": "Feature", "properties": { "id": "g1317", "minutes": 36.0, "lon": -122.42626494221986, "lat": 37.738049174277897 }, "geometry": { "type": "Point", "coordinates": [ -122.426264942219859, 37.738049174277897 ] } },
{ "type": "Feature", "properties": { "id": "g1318", "minutes": 33.0, "lon": -122.42399513375173, "lat": 37.738038104416219 }, "geometry": { "type": "Point", "coordinates": [ -122.423995133751731, 37.738038104416219 ] } },
{ "type": "Feature", "properties": { "id": "g1319", "minutes": 35.0, "lon": -122.42172532652862, "lat": 37.738026990850685 }, "geometry": { "type": "Point", "coordinates": [ -122.421725326528616, 37.738026990850685 ] } },
{ "type": "Feature", "properties": { "id": "g1320", "minutes": 38.0, "lon": -122.41945552055546, "lat": 37.738015833581379 }, "geometry": { "type": "Point", "coordinates": [ -122.419455520555459, 37.738015833581379 ] } },
{ "type": "Feature", "properties": { "id": "g1321", "minutes": 40.0, "lon": -122.41718571583716, "lat": 37.738004632608359 }, "geometry": { "type": "Point", "coordinates": [ -122.417185715837164, 37.738004632608359 ] } },
{ "type": "Feature", "properties": { "id": "g1322", "minutes": 38.0, "lon": -122.41491591237862, "lat": 37.737993387931716 }, "geometry": { "type": "Point", "coordinates": [ -122.414915912378618, 37.737993387931716 ] } },
{ "type": "Feature", "properties": { "id": "g1323", "minutes": 40.0, "lon": -122.41264611018474, "lat": 37.737982099551523 }, "geometry": { "type": "Point", "coordinates": [ -122.412646110184738, 37.737982099551523 ] } },
{ "type": "Feature", "properties": { "id": "g1324", "minutes": 41.0, "lon": -122.41037630926043, "lat": 37.737970767467836 }, "geometry": { "type": "Point", "coordinates": [ -122.410376309260428, 37.737970767467836 ] } },
{ "type": "Feature", "properties": { "id": "g1325", "minutes": 42.0, "lon": -122.40810650961059, "lat": 37.737959391680768 }, "geometry": { "type": "Point", "coordinates": [ -122.40810650961059, 37.737959391680768 ] } },
{ "type": "Feature", "properties": { "id": "g1326", "minutes": 41.0, "lon": -122.40583671124013, "lat": 37.737947972190355 }, "geometry": { "type": "Point", "coordinates": [ -122.405836711240127, 37.737947972190355 ] } },
{ "type": "Feature", "properties": { "id": "g1327", "minutes": 43.0, "lon": -122.40356691415396, "lat": 37.73793650899669 }, "geometry": { "type": "Point", "coordinates": [ -122.403566914153956, 37.73793650899669 ] } },
{ "type": "Feature", "properties": { "id": "g1328", "minutes": 46.0, "lon": -122.40129711835698, "lat": 37.737925002099864 }, "geometry": { "type": "Point", "coordinates": [ -122.401297118356979, 37.737925002099864 ] } },
{ "type": "Feature", "properties": { "id": "g1329", "minutes": 49.0, "lon": -122.39902732385409, "lat": 37.737913451499935 }, "geometry": { "type": "Point", "coordinates": [ -122.399027323854085, 37.737913451499935 ] } },
{ "type": "Feature", "properties": { "id": "g1330", "minutes": 45.0, "lon": -122.39675753065018, "lat": 37.737901857196967 }, "geometry": { "type": "Point", "coordinates": [ -122.396757530650177, 37.737901857196967 ] } },
{ "type": "Feature", "properties": { "id": "g1331", "minutes": 46.0, "lon": -122.39448773875019, "lat": 37.737890219191065 }, "geometry": { "type": "Point", "coordinates": [ -122.394487738750186, 37.737890219191065 ] } },
{ "type": "Feature", "properties": { "id": "g1332", "minutes": 44.0, "lon": -122.392217948159, "lat": 37.737878537482295 }, "geometry": { "type": "Point", "coordinates": [ -122.392217948159001, 37.737878537482295 ] } },
{ "type": "Feature", "properties": { "id": "g1333", "minutes": 40.0, "lon": -122.38994815888155, "lat": 37.737866812070735 }, "geometry": { "type": "Point", "coordinates": [ -122.389948158881552, 37.737866812070735 ] } },
{ "type": "Feature", "properties": { "id": "g1334", "minutes": 36.0, "lon": -122.3876783709227, "lat": 37.737855042956468 }, "geometry": { "type": "Point", "coordinates": [ -122.3876783709227, 37.737855042956468 ] } },
{ "type": "Feature", "properties": { "id": "g1335", "minutes": 37.0, "lon": -122.38540858428736, "lat": 37.737843230139553 }, "geometry": { "type": "Point", "coordinates": [ -122.385408584287362, 37.737843230139553 ] } },
{ "type": "Feature", "properties": { "id": "g1336", "minutes": 38.0, "lon": -122.38313879898047, "lat": 37.737831373620097 }, "geometry": { "type": "Point", "coordinates": [ -122.383138798980468, 37.737831373620097 ] } },
{ "type": "Feature", "properties": { "id": "g1337", "minutes": 40.0, "lon": -122.38086901500687, "lat": 37.737819473398162 }, "geometry": { "type": "Point", "coordinates": [ -122.380869015006866, 37.737819473398162 ] } },
{ "type": "Feature", "properties": { "id": "g1338", "minutes": 42.0, "lon": -122.37859923237153, "lat": 37.737807529473834 }, "geometry": { "type": "Point", "coordinates": [ -122.378599232371528, 37.737807529473834 ] } },
{ "type": "Feature", "properties": { "id": "g1339", "minutes": 53.0, "lon": -122.37632945107936, "lat": 37.737795541847177 }, "geometry": { "type": "Point", "coordinates": [ -122.376329451079357, 37.737795541847177 ] } },
{ "type": "Feature", "properties": { "id": "g1340", "minutes": 51.0, "lon": -122.3740596711352, "lat": 37.737783510518277 }, "geometry": { "type": "Point", "coordinates": [ -122.3740596711352, 37.737783510518277 ] } },
{ "type": "Feature", "properties": { "id": "g1341", "minutes": 54.0, "lon": -122.37178989254399, "lat": 37.73777143548724 }, "geometry": { "type": "Point", "coordinates": [ -122.371789892543987, 37.73777143548724 ] } },
{ "type": "Feature", "properties": { "id": "g1342", "minutes": 58.0, "lon": -122.36952011531064, "lat": 37.737759316754122 }, "geometry": { "type": "Point", "coordinates": [ -122.369520115310635, 37.737759316754122 ] } },
{ "type": "Feature", "properties": { "id": "g1351", "minutes": 53.0, "lon": -122.51023680990897, "lat": 37.740230628717967 }, "geometry": { "type": "Point", "coordinates": [ -122.510236809908974, 37.740230628717967 ] } },
{ "type": "Feature", "properties": { "id": "g1352", "minutes": 54.0, "lon": -122.50796690378594, "lat": 37.740221175337538 }, "geometry": { "type": "Point", "coordinates": [ -122.507966903785942, 37.740221175337538 ] } },
{ "type": "Feature", "properties": { "id": "g1353", "minutes": 49.0, "lon": -122.50569699872655, "lat": 37.740211678247896 }, "geometry": { "type": "Point", "coordinates": [ -122.505696998726549, 37.740211678247896 ] } },
{ "type": "Feature", "properties": { "id": "g1354", "minutes": 49.0, "lon": -122.50342709473573, "lat": 37.740202137449138 }, "geometry": { "type": "Point", "coordinates": [ -122.503427094735727, 37.740202137449138 ] } },
{ "type": "Feature", "properties": { "id": "g1355", "minutes": 51.0, "lon": -122.50115719181836, "lat": 37.740192552941288 }, "geometry": { "type": "Point", "coordinates": [ -122.501157191818365, 37.740192552941288 ] } },
{ "type": "Feature", "properties": { "id": "g1356", "minutes": 51.0, "lon": -122.49888728997935, "lat": 37.740182924724408 }, "geometry": { "type": "Point", "coordinates": [ -122.498887289979351, 37.740182924724408 ] } },
{ "type": "Feature", "properties": { "id": "g1357", "minutes": 51.0, "lon": -122.49661738922363, "lat": 37.740173252798584 }, "geometry": { "type": "Point", "coordinates": [ -122.49661738922363, 37.740173252798584 ] } },
{ "type": "Feature", "properties": { "id": "g1358", "minutes": 49.0, "lon": -122.49434748955606, "lat": 37.740163537163887 }, "geometry": { "type": "Point", "coordinates": [ -122.494347489556063, 37.740163537163887 ] } },
{ "type": "Feature", "properties": { "id": "g1359", "minutes": 51.0, "lon": -122.49207759098159, "lat": 37.740153777820353 }, "geometry": { "type": "Point", "coordinates": [ -122.492077590981594, 37.740153777820353 ] } },
{ "type": "Feature", "properties": { "id": "g1360", "minutes": 48.0, "lon": -122.4898076935051, "lat": 37.740143974768067 }, "geometry": { "type": "Point", "coordinates": [ -122.489807693505099, 37.740143974768067 ] } },
{ "type": "Feature", "properties": { "id": "g1361", "minutes": 47.0, "lon": -122.48753779713152, "lat": 37.740134128007078 }, "geometry": { "type": "Point", "coordinates": [ -122.487537797131523, 37.740134128007078 ] } },
{ "type": "Feature", "properties": { "id": "g1362", "minutes": 49.0, "lon": -122.48526790186574, "lat": 37.740124237537472 }, "geometry": { "type": "Point", "coordinates": [ -122.48526790186574, 37.740124237537472 ] } },
{ "type": "Feature", "properties": { "id": "g1363", "minutes": 46.0, "lon": -122.48299800771265, "lat": 37.740114303359313 }, "geometry": { "type": "Point", "coordinates": [ -122.482998007712652, 37.740114303359313 ] } },
{ "type": "Feature", "properties": { "id": "g1364", "minutes": 47.0, "lon": -122.48072811467721, "lat": 37.740104325472643 }, "geometry": { "type": "Point", "coordinates": [ -122.480728114677206, 37.740104325472643 ] } },
{ "type": "Feature", "properties": { "id": "g1365", "minutes": 46.0, "lon": -122.47845822276425, "lat": 37.740094303877555 }, "geometry": { "type": "Point", "coordinates": [ -122.478458222764246, 37.740094303877555 ] } },
{ "type": "Feature", "properties": { "id": "g1366", "minutes": 42.0, "lon": -122.47618833197875, "lat": 37.740084238574106 }, "geometry": { "type": "Point", "coordinates": [ -122.476188331978747, 37.740084238574106 ] } },
{ "type": "Feature", "properties": { "id": "g1367", "minutes": 40.0, "lon": -122.47391844232556, "lat": 37.740074129562366 }, "geometry": { "type": "Point", "coordinates": [ -122.473918442325555, 37.740074129562366 ] } },
{ "type": "Feature", "properties": { "id": "g1368", "minutes": 36.0, "lon": -122.4716485538096, "lat": 37.740063976842386 }, "geometry": { "type": "Point", "coordinates": [ -122.471648553809601, 37.740063976842386 ] } },
{ "type": "Feature", "properties": { "id": "g1369", "minutes": 34.0, "lon": -122.46937866643579, "lat": 37.74005378041425 }, "geometry": { "type": "Point", "coordinates": [ -122.469378666435787, 37.74005378041425 ] } },
{ "type": "Feature", "properties": { "id": "g1370", "minutes": 30.0, "lon": -122.46710878020903, "lat": 37.740043540278023 }, "geometry": { "type": "Point", "coordinates": [ -122.467108780209031, 37.740043540278023 ] } },
{ "type": "Feature", "properties": { "id": "g1371", "minutes": 30.0, "lon": -122.46483889513422, "lat": 37.740033256433776 }, "geometry": { "type": "Point", "coordinates": [ -122.464838895134221, 37.740033256433776 ] } },
{ "type": "Feature", "properties": { "id": "g1372", "minutes": 34.0, "lon": -122.46256901121629, "lat": 37.740022928881579 }, "geometry": { "type": "Point", "coordinates": [ -122.462569011216289, 37.740022928881579 ] } },
{ "type": "Feature", "properties": { "id": "g1373", "minutes": 38.0, "lon": -122.46029912846011, "lat": 37.740012557621476 }, "geometry": { "type": "Point", "coordinates": [ -122.460299128460107, 37.740012557621476 ] } },
{ "type": "Feature", "properties": { "id": "g1374", "minutes": 40.0, "lon": -122.45802924687059, "lat": 37.740002142653566 }, "geometry": { "type": "Point", "coordinates": [ -122.458029246870595, 37.740002142653566 ] } },
{ "type": "Feature", "properties": { "id": "g1375", "minutes": 47.0, "lon": -122.45575936645265, "lat": 37.739991683977912 }, "geometry": { "type": "Point", "coordinates": [ -122.455759366452654, 37.739991683977912 ] } },
{ "type": "Feature", "properties": { "id": "g1376", "minutes": 48.0, "lon": -122.45348948721123, "lat": 37.739981181594565 }, "geometry": { "type": "Point", "coordinates": [ -122.453489487211229, 37.739981181594565 ] } },
{ "type": "Feature", "properties": { "id": "g1377", "minutes": 48.0, "lon": -122.45121960915115, "lat": 37.739970635503624 }, "geometry": { "type": "Point", "coordinates": [ -122.451219609151153, 37.739970635503624 ] } },
{ "type": "Feature", "properties": { "id": "g1378", "minutes": 43.0, "lon": -122.44894973227741, "lat": 37.739960045705139 }, "geometry": { "type": "Point", "coordinates": [ -122.448949732277413, 37.739960045705139 ] } },
{ "type": "Feature", "properties": { "id": "g1379", "minutes": 45.0, "lon": -122.44667985659484, "lat": 37.739949412199174 }, "geometry": { "type": "Point", "coordinates": [ -122.446679856594841, 37.739949412199174 ] } },
{ "type": "Feature", "properties": { "id": "g1380", "minutes": 39.0, "lon": -122.44440998210838, "lat": 37.739938734985834 }, "geometry": { "type": "Point", "coordinates": [ -122.444409982108382, 37.739938734985834 ] } },
{ "type": "Feature", "properties": { "id": "g1381", "minutes": 43.0, "lon": -122.44214010882294, "lat": 37.73992801406515 }, "geometry": { "type": "Point", "coordinates": [ -122.44214010882294, 37.73992801406515 ] } },
{ "type": "Feature", "properties": { "id": "g1382", "minutes": 40.0, "lon": -122.4398702367434, "lat": 37.739917249437219 }, "geometry": { "type": "Point", "coordinates": [ -122.439870236743403, 37.739917249437219 ] } },
{ "type": "Feature", "properties": { "id": "g1383", "minutes": 42.0, "lon": -122.43760036587469, "lat": 37.7399064411021 }, "geometry": { "type": "Point", "coordinates": [ -122.437600365874687, 37.7399064411021 ] } },
{ "type": "Feature", "properties": { "id": "g1384", "minutes": 37.0, "lon": -122.43533049622172, "lat": 37.73989558905987 }, "geometry": { "type": "Point", "coordinates": [ -122.435330496221724, 37.73989558905987 ] } },
{ "type": "Feature", "properties": { "id": "g1385", "minutes": 39.0, "lon": -122.43306062778939, "lat": 37.7398846933106 }, "geometry": { "type": "Point", "coordinates": [ -122.433060627789388, 37.7398846933106 ] } },
{ "type": "Feature", "properties": { "id": "g1386", "minutes": 39.0, "lon": -122.43079076058257, "lat": 37.739873753854361 }, "geometry": { "type": "Point", "coordinates": [ -122.430790760582568, 37.739873753854361 ] } },
{ "type": "Feature", "properties": { "id": "g1387", "minutes": 38.0, "lon": -122.42852089460621, "lat": 37.739862770691232 }, "geometry": { "type": "Point", "coordinates": [ -122.428520894606208, 37.739862770691232 ] } },
{ "type": "Feature", "properties": { "id": "g1388", "minutes": 35.0, "lon": -122.42625102986521, "lat": 37.739851743821283 }, "geometry": { "type": "Point", "coordinates": [ -122.426251029865213, 37.739851743821283 ] } },
{ "type": "Feature", "properties": { "id": "g1389", "minutes": 32.0, "lon": -122.42398116636447, "lat": 37.739840673244586 }, "geometry": { "type": "Point", "coordinates": [ -122.42398116636447, 37.739840673244586 ] } },
{ "type": "Feature", "properties": { "id": "g1390", "minutes": 34.0, "lon": -122.42171130410888, "lat": 37.739829558961205 }, "geometry": { "type": "Point", "coordinates": [ -122.421711304108882, 37.739829558961205 ] } },
{ "type": "Feature", "properties": { "id": "g1391", "minutes": 35.0, "lon": -122.41944144310335, "lat": 37.739818400971231 }, "geometry": { "type": "Point", "coordinates": [ -122.419441443103352, 37.739818400971231 ] } },
{ "type": "Feature", "properties": { "id": "g1392", "minutes": 39.0, "lon": -122.41717158335281, "lat": 37.739807199274736 }, "geometry": { "type": "Point", "coordinates": [ -122.417171583352811, 37.739807199274736 ] } },
{ "type": "Feature", "properties": { "id": "g1393", "minutes": 39.0, "lon": -122.41490172486213, "lat": 37.739795953871777 }, "geometry": { "type": "Point", "coordinates": [ -122.414901724862133, 37.739795953871777 ] } },
{ "type": "Feature", "properties": { "id": "g1394", "minutes": 39.0, "lon": -122.41263186763625, "lat": 37.739784664762446 }, "geometry": { "type": "Point", "coordinates": [ -122.41263186763625, 37.739784664762446 ] } },
{ "type": "Feature", "properties": { "id": "g1395", "minutes": 39.0, "lon": -122.41036201168004, "lat": 37.739773331946822 }, "geometry": { "type": "Point", "coordinates": [ -122.410362011680036, 37.739773331946822 ] } },
{ "type": "Feature", "properties": { "id": "g1396", "minutes": 39.0, "lon": -122.40809215699845, "lat": 37.73976195542496 }, "geometry": { "type": "Point", "coordinates": [ -122.40809215699845, 37.73976195542496 ] } },
{ "type": "Feature", "properties": { "id": "g1397", "minutes": 42.0, "lon": -122.40582230359635, "lat": 37.739750535196947 }, "geometry": { "type": "Point", "coordinates": [ -122.405822303596352, 37.739750535196947 ] } },
{ "type": "Feature", "properties": { "id": "g1398", "minutes": 45.0, "lon": -122.40355245147863, "lat": 37.739739071262875 }, "geometry": { "type": "Point", "coordinates": [ -122.403552451478632, 37.739739071262875 ] } },
{ "type": "Feature", "properties": { "id": "g1399", "minutes": 44.0, "lon": -122.40128260065025, "lat": 37.739727563622786 }, "geometry": { "type": "Point", "coordinates": [ -122.401282600650248, 37.739727563622786 ] } },
{ "type": "Feature", "properties": { "id": "g1400", "minutes": 46.0, "lon": -122.39901275111609, "lat": 37.739716012276787 }, "geometry": { "type": "Point", "coordinates": [ -122.399012751116089, 37.739716012276787 ] } },
{ "type": "Feature", "properties": { "id": "g1401", "minutes": 48.0, "lon": -122.39674290288102, "lat": 37.739704417224942 }, "geometry": { "type": "Point", "coordinates": [ -122.396742902881016, 37.739704417224942 ] } },
{ "type": "Feature", "properties": { "id": "g1402", "minutes": 46.0, "lon": -122.39447305595, "lat": 37.73969277846733 }, "geometry": { "type": "Point", "coordinates": [ -122.394473055950002, 37.73969277846733 ] } },
{ "type": "Feature", "properties": { "id": "g1403", "minutes": 40.0, "lon": -122.39220321032789, "lat": 37.73968109600402 }, "geometry": { "type": "Point", "coordinates": [ -122.392203210327892, 37.73968109600402 ] } },
{ "type": "Feature", "properties": { "id": "g1404", "minutes": 37.0, "lon": -122.38993336601965, "lat": 37.739669369835106 }, "geometry": { "type": "Point", "coordinates": [ -122.389933366019648, 37.739669369835106 ] } },
{ "type": "Feature", "properties": { "id": "g1405", "minutes": 34.0, "lon": -122.38766352303014, "lat": 37.739657599960644 }, "geometry": { "type": "Point", "coordinates": [ -122.387663523030142, 37.739657599960644 ] } },
{ "type": "Feature", "properties": { "id": "g1406", "minutes": 35.0, "lon": -122.38539368136428, "lat": 37.739645786380734 }, "geometry": { "type": "Point", "coordinates": [ -122.385393681364278, 37.739645786380734 ] } },
{ "type": "Feature", "properties": { "id": "g1407", "minutes": 39.0, "lon": -122.38312384102696, "lat": 37.739633929095454 }, "geometry": { "type": "Point", "coordinates": [ -122.383123841026958, 37.739633929095454 ] } },
{ "type": "Feature", "properties": { "id": "g1408", "minutes": 42.0, "lon": -122.3808540020231, "lat": 37.739622028104868 }, "geometry": { "type": "Point", "coordinates": [ -122.380854002023099, 37.739622028104868 ] } },
{ "type": "Feature", "properties": { "id": "g1409", "minutes": 44.0, "lon": -122.3785841643576, "lat": 37.739610083409069 }, "geometry": { "type": "Point", "coordinates": [ -122.378584164357605, 37.739610083409069 ] } },
{ "type": "Feature", "properties": { "id": "g1410", "minutes": 47.0, "lon": -122.37631432803539, "lat": 37.73959809500812 }, "geometry": { "type": "Point", "coordinates": [ -122.376314328035392, 37.73959809500812 ] } },
{ "type": "Feature", "properties": { "id": "g1411", "minutes": 50.0, "lon": -122.37404449306132, "lat": 37.739586062902113 }, "geometry": { "type": "Point", "coordinates": [ -122.374044493061319, 37.739586062902113 ] } },
{ "type": "Feature", "properties": { "id": "g1412", "minutes": 55.0, "lon": -122.37177465944035, "lat": 37.739573987091127 }, "geometry": { "type": "Point", "coordinates": [ -122.371774659440348, 37.739573987091127 ] } },
{ "type": "Feature", "properties": { "id": "g1413", "minutes": 58.0, "lon": -122.36950482717737, "lat": 37.73956186757524 }, "geometry": { "type": "Point", "coordinates": [ -122.369504827177366, 37.73956186757524 ] } },
{ "type": "Feature", "properties": { "id": "g1422", "minutes": 53.0, "lon": -122.51022493278049, "lat": 37.742033222176765 }, "geometry": { "type": "Point", "coordinates": [ -122.510224932780488, 37.742033222176765 ] } },
{ "type": "Feature", "properties": { "id": "g1423", "minutes": 53.0, "lon": -122.5079549716159, "lat": 37.742023768185739 }, "geometry": { "type": "Point", "coordinates": [ -122.507954971615902, 37.742023768185739 ] } },
{ "type": "Feature", "properties": { "id": "g1424", "minutes": 49.0, "lon": -122.50568501151508, "lat": 37.74201427048267 }, "geometry": { "type": "Point", "coordinates": [ -122.505685011515084, 37.74201427048267 ] } },
{ "type": "Feature", "properties": { "id": "g1425", "minutes": 48.0, "lon": -122.50341505248289, "lat": 37.742004729067659 }, "geometry": { "type": "Point", "coordinates": [ -122.503415052482893, 37.742004729067659 ] } },
{ "type": "Feature", "properties": { "id": "g1426", "minutes": 49.0, "lon": -122.50114509452429, "lat": 37.741995143940727 }, "geometry": { "type": "Point", "coordinates": [ -122.50114509452429, 37.741995143940727 ] } },
{ "type": "Feature", "properties": { "id": "g1427", "minutes": 48.0, "lon": -122.49887513764415, "lat": 37.741985515101959 }, "geometry": { "type": "Point", "coordinates": [ -122.498875137644148, 37.741985515101959 ] } },
{ "type": "Feature", "properties": { "id": "g1428", "minutes": 49.0, "lon": -122.49660518184737, "lat": 37.741975842551426 }, "geometry": { "type": "Point", "coordinates": [ -122.496605181847372, 37.741975842551426 ] } },
{ "type": "Feature", "properties": { "id": "g1429", "minutes": 46.0, "lon": -122.49433522713889, "lat": 37.741966126289178 }, "geometry": { "type": "Point", "coordinates": [ -122.49433522713889, 37.741966126289178 ] } },
{ "type": "Feature", "properties": { "id": "g1430", "minutes": 48.0, "lon": -122.49206527352359, "lat": 37.741956366315279 }, "geometry": { "type": "Point", "coordinates": [ -122.492065273523593, 37.741956366315279 ] } },
{ "type": "Feature", "properties": { "id": "g1431", "minutes": 45.0, "lon": -122.48979532100638, "lat": 37.741946562629799 }, "geometry": { "type": "Point", "coordinates": [ -122.489795321006383, 37.741946562629799 ] } },
{ "type": "Feature", "properties": { "id": "g1432", "minutes": 44.0, "lon": -122.48752536959218, "lat": 37.741936715232811 }, "geometry": { "type": "Point", "coordinates": [ -122.487525369592177, 37.741936715232811 ] } },
{ "type": "Feature", "properties": { "id": "g1433", "minutes": 45.0, "lon": -122.48525541928589, "lat": 37.74192682412437 }, "geometry": { "type": "Point", "coordinates": [ -122.485255419285892, 37.74192682412437 ] } },
{ "type": "Feature", "properties": { "id": "g1434", "minutes": 42.0, "lon": -122.4829854700924, "lat": 37.741916889304548 }, "geometry": { "type": "Point", "coordinates": [ -122.482985470092402, 37.741916889304548 ] } },
{ "type": "Feature", "properties": { "id": "g1435", "minutes": 43.0, "lon": -122.48071552201662, "lat": 37.741906910773402 }, "geometry": { "type": "Point", "coordinates": [ -122.480715522016624, 37.741906910773402 ] } },
{ "type": "Feature", "properties": { "id": "g1436", "minutes": 44.0, "lon": -122.47844557506349, "lat": 37.741896888531016 }, "geometry": { "type": "Point", "coordinates": [ -122.478445575063489, 37.741896888531016 ] } },
{ "type": "Feature", "properties": { "id": "g1437", "minutes": 40.0, "lon": -122.47617562923789, "lat": 37.741886822577442 }, "geometry": { "type": "Point", "coordinates": [ -122.476175629237886, 37.741886822577442 ] } },
{ "type": "Feature", "properties": { "id": "g1438", "minutes": 40.0, "lon": -122.47390568454472, "lat": 37.741876712912742 }, "geometry": { "type": "Point", "coordinates": [ -122.473905684544718, 37.741876712912742 ] } },
{ "type": "Feature", "properties": { "id": "g1439", "minutes": 36.0, "lon": -122.47163574098887, "lat": 37.741866559536994 }, "geometry": { "type": "Point", "coordinates": [ -122.471635740988873, 37.741866559536994 ] } },
{ "type": "Feature", "properties": { "id": "g1440", "minutes": 33.0, "lon": -122.4693657985753, "lat": 37.741856362450264 }, "geometry": { "type": "Point", "coordinates": [ -122.469365798575296, 37.741856362450264 ] } },
{ "type": "Feature", "properties": { "id": "g1441", "minutes": 30.0, "lon": -122.46709585730888, "lat": 37.741846121652628 }, "geometry": { "type": "Point", "coordinates": [ -122.467095857308877, 37.741846121652628 ] } },
{ "type": "Feature", "properties": { "id": "g1442", "minutes": 27.0, "lon": -122.46482591719453, "lat": 37.74183583714413 }, "geometry": { "type": "Point", "coordinates": [ -122.464825917194531, 37.74183583714413 ] } },
{ "type": "Feature", "properties": { "id": "g1443", "minutes": 32.0, "lon": -122.46255597823713, "lat": 37.741825508924862 }, "geometry": { "type": "Point", "coordinates": [ -122.462555978237134, 37.741825508924862 ] } },
{ "type": "Feature", "properties": { "id": "g1444", "minutes": 37.0, "lon": -122.46028604044164, "lat": 37.74181513699488 }, "geometry": { "type": "Point", "coordinates": [ -122.460286040441645, 37.74181513699488 ] } },
{ "type": "Feature", "properties": { "id": "g1445", "minutes": 38.0, "lon": -122.45801610381291, "lat": 37.741804721354256 }, "geometry": { "type": "Point", "coordinates": [ -122.458016103812909, 37.741804721354256 ] } },
{ "type": "Feature", "properties": { "id": "g1446", "minutes": 37.0, "lon": -122.45574616835586, "lat": 37.741794262003069 }, "geometry": { "type": "Point", "coordinates": [ -122.455746168355859, 37.741794262003069 ] } },
{ "type": "Feature", "properties": { "id": "g1447", "minutes": 40.0, "lon": -122.45347623407541, "lat": 37.741783758941374 }, "geometry": { "type": "Point", "coordinates": [ -122.45347623407541, 37.741783758941374 ] } },
{ "type": "Feature", "properties": { "id": "g1448", "minutes": 40.0, "lon": -122.45120630097648, "lat": 37.74177321216925 }, "geometry": { "type": "Point", "coordinates": [ -122.45120630097648, 37.74177321216925 ] } },
{ "type": "Feature", "properties": { "id": "g1449", "minutes": 42.0, "lon": -122.44893636906394, "lat": 37.741762621686767 }, "geometry": { "type": "Point", "coordinates": [ -122.448936369063944, 37.741762621686767 ] } },
{ "type": "Feature", "properties": { "id": "g1450", "minutes": 45.0, "lon": -122.44666643834272, "lat": 37.741751987493984 }, "geometry": { "type": "Point", "coordinates": [ -122.446666438342717, 37.741751987493984 ] } },
{ "type": "Feature", "properties": { "id": "g1451", "minutes": 45.0, "lon": -122.4443965088177, "lat": 37.741741309590992 }, "geometry": { "type": "Point", "coordinates": [ -122.444396508817704, 37.741741309590992 ] } },
{ "type": "Feature", "properties": { "id": "g1452", "minutes": 44.0, "lon": -122.44212658049382, "lat": 37.741730587977834 }, "geometry": { "type": "Point", "coordinates": [ -122.44212658049382, 37.741730587977834 ] } },
{ "type": "Feature", "properties": { "id": "g1453", "minutes": 44.0, "lon": -122.43985665337598, "lat": 37.741719822654609 }, "geometry": { "type": "Point", "coordinates": [ -122.439856653375983, 37.741719822654609 ] } },
{ "type": "Feature", "properties": { "id": "g1454", "minutes": 43.0, "lon": -122.43758672746908, "lat": 37.741709013621367 }, "geometry": { "type": "Point", "coordinates": [ -122.437586727469082, 37.741709013621367 ] } },
{ "type": "Feature", "properties": { "id": "g1455", "minutes": 37.0, "lon": -122.435316802778, "lat": 37.741698160878215 }, "geometry": { "type": "Point", "coordinates": [ -122.435316802778004, 37.741698160878215 ] } },
{ "type": "Feature", "properties": { "id": "g1456", "minutes": 40.0, "lon": -122.4330468793077, "lat": 37.741687264425174 }, "geometry": { "type": "Point", "coordinates": [ -122.433046879307696, 37.741687264425174 ] } },
{ "type": "Feature", "properties": { "id": "g1457", "minutes": 36.0, "lon": -122.43077695706303, "lat": 37.741676324262357 }, "geometry": { "type": "Point", "coordinates": [ -122.430776957063031, 37.741676324262357 ] } },
{ "type": "Feature", "properties": { "id": "g1458", "minutes": 36.0, "lon": -122.42850703604893, "lat": 37.741665340389815 }, "geometry": { "type": "Point", "coordinates": [ -122.428507036048927, 37.741665340389815 ] } },
{ "type": "Feature", "properties": { "id": "g1459", "minutes": 34.0, "lon": -122.42623711627029, "lat": 37.741654312807633 }, "geometry": { "type": "Point", "coordinates": [ -122.426237116270286, 37.741654312807633 ] } },
{ "type": "Feature", "properties": { "id": "g1460", "minutes": 33.0, "lon": -122.42396719773204, "lat": 37.741643241515874 }, "geometry": { "type": "Point", "coordinates": [ -122.42396719773204, 37.741643241515874 ] } },
{ "type": "Feature", "properties": { "id": "g1461", "minutes": 31.0, "lon": -122.42169728043906, "lat": 37.741632126514631 }, "geometry": { "type": "Point", "coordinates": [ -122.421697280439062, 37.741632126514631 ] } },
{ "type": "Feature", "properties": { "id": "g1462", "minutes": 34.0, "lon": -122.41942736439627, "lat": 37.741620967803954 }, "geometry": { "type": "Point", "coordinates": [ -122.41942736439627, 37.741620967803954 ] } },
{ "type": "Feature", "properties": { "id": "g1463", "minutes": 38.0, "lon": -122.41715744960858, "lat": 37.741609765383942 }, "geometry": { "type": "Point", "coordinates": [ -122.417157449608581, 37.741609765383942 ] } },
{ "type": "Feature", "properties": { "id": "g1464", "minutes": 41.0, "lon": -122.41488753608087, "lat": 37.741598519254644 }, "geometry": { "type": "Point", "coordinates": [ -122.414887536080869, 37.741598519254644 ] } },
{ "type": "Feature", "properties": { "id": "g1465", "minutes": 42.0, "lon": -122.41261762381805, "lat": 37.74158722941614 }, "geometry": { "type": "Point", "coordinates": [ -122.412617623818051, 37.74158722941614 ] } },
{ "type": "Feature", "properties": { "id": "g1466", "minutes": 42.0, "lon": -122.41034771282507, "lat": 37.741575895868522 }, "geometry": { "type": "Point", "coordinates": [ -122.410347712825072, 37.741575895868522 ] } },
{ "type": "Feature", "properties": { "id": "g1467", "minutes": 43.0, "lon": -122.40807780310679, "lat": 37.74156451861186 }, "geometry": { "type": "Point", "coordinates": [ -122.408077803106792, 37.74156451861186 ] } },
{ "type": "Feature", "properties": { "id": "g1468", "minutes": 41.0, "lon": -122.40580789466813, "lat": 37.741553097646218 }, "geometry": { "type": "Point", "coordinates": [ -122.405807894668129, 37.741553097646218 ] } },
{ "type": "Feature", "properties": { "id": "g1469", "minutes": 41.0, "lon": -122.40353798751403, "lat": 37.741541632971675 }, "geometry": { "type": "Point", "coordinates": [ -122.403537987514028, 37.741541632971675 ] } },
{ "type": "Feature", "properties": { "id": "g1470", "minutes": 43.0, "lon": -122.40126808164931, "lat": 37.741530124588316 }, "geometry": { "type": "Point", "coordinates": [ -122.401268081649306, 37.741530124588316 ] } },
{ "type": "Feature", "properties": { "id": "g1471", "minutes": 48.0, "lon": -122.39899817707897, "lat": 37.741518572496204 }, "geometry": { "type": "Point", "coordinates": [ -122.398998177078965, 37.741518572496204 ] } },
{ "type": "Feature", "properties": { "id": "g1472", "minutes": 53.0, "lon": -122.39672827380785, "lat": 37.74150697669544 }, "geometry": { "type": "Point", "coordinates": [ -122.396728273807852, 37.74150697669544 ] } },
{ "type": "Feature", "properties": { "id": "g1473", "minutes": 52.0, "lon": -122.39445837184087, "lat": 37.741495337186066 }, "geometry": { "type": "Point", "coordinates": [ -122.394458371840869, 37.741495337186066 ] } },
{ "type": "Feature", "properties": { "id": "g1474", "minutes": 39.0, "lon": -122.39218847118296, "lat": 37.741483653968189 }, "geometry": { "type": "Point", "coordinates": [ -122.392188471182962, 37.741483653968189 ] } },
{ "type": "Feature", "properties": { "id": "g1475", "minutes": 35.0, "lon": -122.38991857183903, "lat": 37.741471927041879 }, "geometry": { "type": "Point", "coordinates": [ -122.389918571839033, 37.741471927041879 ] } },
{ "type": "Feature", "properties": { "id": "g1476", "minutes": 34.0, "lon": -122.38764867381396, "lat": 37.741460156407207 }, "geometry": { "type": "Point", "coordinates": [ -122.387648673813956, 37.741460156407207 ] } },
{ "type": "Feature", "properties": { "id": "g1477", "minutes": 36.0, "lon": -122.38537877711262, "lat": 37.74144834206426 }, "geometry": { "type": "Point", "coordinates": [ -122.385378777112621, 37.74144834206426 ] } },
{ "type": "Feature", "properties": { "id": "g1478", "minutes": 39.0, "lon": -122.38310888174, "lat": 37.741436484013107 }, "geometry": { "type": "Point", "coordinates": [ -122.38310888174, 37.741436484013107 ] } },
{ "type": "Feature", "properties": { "id": "g1479", "minutes": 46.0, "lon": -122.38083898770095, "lat": 37.741424582253842 }, "geometry": { "type": "Point", "coordinates": [ -122.380838987700955, 37.741424582253842 ] } },
{ "type": "Feature", "properties": { "id": "g1480", "minutes": 48.0, "lon": -122.3785690950004, "lat": 37.741412636786535 }, "geometry": { "type": "Point", "coordinates": [ -122.378569095000401, 37.741412636786535 ] } },
{ "type": "Feature", "properties": { "id": "g1481", "minutes": 48.0, "lon": -122.37629920364326, "lat": 37.74140064761125 }, "geometry": { "type": "Point", "coordinates": [ -122.376299203643256, 37.74140064761125 ] } },
{ "type": "Feature", "properties": { "id": "g1482", "minutes": 53.0, "lon": -122.37402931363437, "lat": 37.741388614728095 }, "geometry": { "type": "Point", "coordinates": [ -122.374029313634367, 37.741388614728095 ] } },
{ "type": "Feature", "properties": { "id": "g1483", "minutes": 55.0, "lon": -122.37175942497872, "lat": 37.741376538137139 }, "geometry": { "type": "Point", "coordinates": [ -122.37175942497872, 37.741376538137139 ] } },
{ "type": "Feature", "properties": { "id": "g1484", "minutes": 55.0, "lon": -122.36948953768118, "lat": 37.741364417838447 }, "geometry": { "type": "Point", "coordinates": [ -122.369489537681176, 37.741364417838447 ] } },
{ "type": "Feature", "properties": { "id": "g1493", "minutes": 56.0, "lon": -122.51021305459314, "lat": 37.743835815079706 }, "geometry": { "type": "Point", "coordinates": [ -122.510213054593137, 37.743835815079706 ] } },
{ "type": "Feature", "properties": { "id": "g1494", "minutes": 56.0, "lon": -122.50794303838211, "lat": 37.743826360478039 }, "geometry": { "type": "Point", "coordinates": [ -122.507943038382109, 37.743826360478039 ] } },
{ "type": "Feature", "properties": { "id": "g1495", "minutes": 52.0, "lon": -122.50567302323495, "lat": 37.743816862161516 }, "geometry": { "type": "Point", "coordinates": [ -122.505673023234948, 37.743816862161516 ] } },
{ "type": "Feature", "properties": { "id": "g1496", "minutes": 50.0, "lon": -122.50340300915651, "lat": 37.743807320130216 }, "geometry": { "type": "Point", "coordinates": [ -122.503403009156514, 37.743807320130216 ] } },
{ "type": "Feature", "properties": { "id": "g1497", "minutes": 51.0, "lon": -122.50113299615177, "lat": 37.743797734384188 }, "geometry": { "type": "Point", "coordinates": [ -122.501132996151767, 37.743797734384188 ] } },
{ "type": "Feature", "properties": { "id": "g1498", "minutes": 51.0, "lon": -122.4988629842256, "lat": 37.743788104923503 }, "geometry": { "type": "Point", "coordinates": [ -122.498862984225596, 37.743788104923503 ] } },
{ "type": "Feature", "properties": { "id": "g1499", "minutes": 52.0, "lon": -122.49659297338286, "lat": 37.743778431748204 }, "geometry": { "type": "Point", "coordinates": [ -122.49659297338286, 37.743778431748204 ] } },
{ "type": "Feature", "properties": { "id": "g1500", "minutes": 48.0, "lon": -122.49432296362853, "lat": 37.74376871485839 }, "geometry": { "type": "Point", "coordinates": [ -122.494322963628534, 37.74376871485839 ] } },
{ "type": "Feature", "properties": { "id": "g1501", "minutes": 50.0, "lon": -122.49205295496751, "lat": 37.743758954254105 }, "geometry": { "type": "Point", "coordinates": [ -122.492052954967505, 37.743758954254105 ] } },
{ "type": "Feature", "properties": { "id": "g1502", "minutes": 46.0, "lon": -122.48978294740466, "lat": 37.743749149935411 }, "geometry": { "type": "Point", "coordinates": [ -122.489782947404663, 37.743749149935411 ] } },
{ "type": "Feature", "properties": { "id": "g1503", "minutes": 45.0, "lon": -122.48751294094494, "lat": 37.743739301902373 }, "geometry": { "type": "Point", "coordinates": [ -122.487512940944939, 37.743739301902373 ] } },
{ "type": "Feature", "properties": { "id": "g1504", "minutes": 46.0, "lon": -122.48524293559322, "lat": 37.743729410155069 }, "geometry": { "type": "Point", "coordinates": [ -122.48524293559322, 37.743729410155069 ] } },
{ "type": "Feature", "properties": { "id": "g1505", "minutes": 43.0, "lon": -122.48297293135441, "lat": 37.743719474693563 }, "geometry": { "type": "Point", "coordinates": [ -122.482972931354411, 37.743719474693563 ] } },
{ "type": "Feature", "properties": { "id": "g1506", "minutes": 43.0, "lon": -122.48070292823343, "lat": 37.743709495517905 }, "geometry": { "type": "Point", "coordinates": [ -122.480702928233427, 37.743709495517905 ] } },
{ "type": "Feature", "properties": { "id": "g1507", "minutes": 43.0, "lon": -122.47843292623517, "lat": 37.74369947262818 }, "geometry": { "type": "Point", "coordinates": [ -122.478432926235172, 37.74369947262818 ] } },
{ "type": "Feature", "properties": { "id": "g1508", "minutes": 39.0, "lon": -122.47616292536458, "lat": 37.743689406024437 }, "geometry": { "type": "Point", "coordinates": [ -122.476162925364576, 37.743689406024437 ] } },
{ "type": "Feature", "properties": { "id": "g1509", "minutes": 40.0, "lon": -122.47389292562652, "lat": 37.743679295706769 }, "geometry": { "type": "Point", "coordinates": [ -122.473892925626515, 37.743679295706769 ] } },
{ "type": "Feature", "properties": { "id": "g1510", "minutes": 37.0, "lon": -122.4716229270259, "lat": 37.74366914167522 }, "geometry": { "type": "Point", "coordinates": [ -122.471622927025905, 37.74366914167522 ] } },
{ "type": "Feature", "properties": { "id": "g1511", "minutes": 36.0, "lon": -122.46935292956766, "lat": 37.743658943929866 }, "geometry": { "type": "Point", "coordinates": [ -122.469352929567663, 37.743658943929866 ] } },
{ "type": "Feature", "properties": { "id": "g1512", "minutes": 34.0, "lon": -122.46708293325668, "lat": 37.743648702470772 }, "geometry": { "type": "Point", "coordinates": [ -122.467082933256677, 37.743648702470772 ] } },
{ "type": "Feature", "properties": { "id": "g1513", "minutes": 31.0, "lon": -122.46481293809786, "lat": 37.743638417298008 }, "geometry": { "type": "Point", "coordinates": [ -122.464812938097865, 37.743638417298008 ] } },
{ "type": "Feature", "properties": { "id": "g1514", "minutes": 34.0, "lon": -122.46254294409613, "lat": 37.74362808841164 }, "geometry": { "type": "Point", "coordinates": [ -122.462542944096128, 37.74362808841164 ] } },
{ "type": "Feature", "properties": { "id": "g1515", "minutes": 37.0, "lon": -122.46027295125637, "lat": 37.743617715811745 }, "geometry": { "type": "Point", "coordinates": [ -122.460272951256371, 37.743617715811745 ] } },
{ "type": "Feature", "properties": { "id": "g1516", "minutes": 41.0, "lon": -122.45800295958352, "lat": 37.743607299498379 }, "geometry": { "type": "Point", "coordinates": [ -122.458002959583524, 37.743607299498379 ] } },
{ "type": "Feature", "properties": { "id": "g1517", "minutes": 35.0, "lon": -122.45573296908248, "lat": 37.743596839471628 }, "geometry": { "type": "Point", "coordinates": [ -122.455732969082476, 37.743596839471628 ] } },
{ "type": "Feature", "properties": { "id": "g1518", "minutes": 37.0, "lon": -122.45346297975813, "lat": 37.743586335731557 }, "geometry": { "type": "Point", "coordinates": [ -122.453462979758129, 37.743586335731557 ] } },
{ "type": "Feature", "properties": { "id": "g1519", "minutes": 38.0, "lon": -122.4511929916154, "lat": 37.7435757882782 }, "geometry": { "type": "Point", "coordinates": [ -122.4511929916154, 37.7435757882782 ] } },
{ "type": "Feature", "properties": { "id": "g1520", "minutes": 38.0, "lon": -122.44892300465916, "lat": 37.743565197111693 }, "geometry": { "type": "Point", "coordinates": [ -122.448923004659164, 37.743565197111693 ] } },
{ "type": "Feature", "properties": { "id": "g1521", "minutes": 43.0, "lon": -122.44665301889439, "lat": 37.743554562232049 }, "geometry": { "type": "Point", "coordinates": [ -122.446653018894395, 37.743554562232049 ] } },
{ "type": "Feature", "properties": { "id": "g1522", "minutes": 43.0, "lon": -122.44438303432591, "lat": 37.743543883639376 }, "geometry": { "type": "Point", "coordinates": [ -122.444383034325909, 37.743543883639376 ] } },
{ "type": "Feature", "properties": { "id": "g1523", "minutes": 41.0, "lon": -122.4421130509587, "lat": 37.743533161333715 }, "geometry": { "type": "Point", "coordinates": [ -122.442113050958696, 37.743533161333715 ] } },
{ "type": "Feature", "properties": { "id": "g1524", "minutes": 43.0, "lon": -122.43984306879761, "lat": 37.743522395315168 }, "geometry": { "type": "Point", "coordinates": [ -122.439843068797614, 37.743522395315168 ] } },
{ "type": "Feature", "properties": { "id": "g1525", "minutes": 39.0, "lon": -122.43757308784762, "lat": 37.743511585583782 }, "geometry": { "type": "Point", "coordinates": [ -122.437573087847625, 37.743511585583782 ] } },
{ "type": "Feature", "properties": { "id": "g1526", "minutes": 39.0, "lon": -122.43530310811353, "lat": 37.743500732139644 }, "geometry": { "type": "Point", "coordinates": [ -122.43530310811353, 37.743500732139644 ] } },
{ "type": "Feature", "properties": { "id": "g1527", "minutes": 39.0, "lon": -122.43303312960035, "lat": 37.74348983498281 }, "geometry": { "type": "Point", "coordinates": [ -122.433033129600346, 37.74348983498281 ] } },
{ "type": "Feature", "properties": { "id": "g1528", "minutes": 37.0, "lon": -122.43076315231293, "lat": 37.743478894113373 }, "geometry": { "type": "Point", "coordinates": [ -122.430763152312934, 37.743478894113373 ] } },
{ "type": "Feature", "properties": { "id": "g1529", "minutes": 38.0, "lon": -122.42849317625618, "lat": 37.743467909531397 }, "geometry": { "type": "Point", "coordinates": [ -122.428493176256183, 37.743467909531397 ] } },
{ "type": "Feature", "properties": { "id": "g1530", "minutes": 36.0, "lon": -122.42622320143501, "lat": 37.743456881236945 }, "geometry": { "type": "Point", "coordinates": [ -122.426223201435008, 37.743456881236945 ] } },
{ "type": "Feature", "properties": { "id": "g1531", "minutes": 34.0, "lon": -122.42395322785435, "lat": 37.743445809230117 }, "geometry": { "type": "Point", "coordinates": [ -122.423953227854355, 37.743445809230117 ] } },
{ "type": "Feature", "properties": { "id": "g1532", "minutes": 31.0, "lon": -122.42168325551908, "lat": 37.743434693510949 }, "geometry": { "type": "Point", "coordinates": [ -122.421683255519085, 37.743434693510949 ] } },
{ "type": "Feature", "properties": { "id": "g1533", "minutes": 35.0, "lon": -122.41941328443409, "lat": 37.74342353407954 }, "geometry": { "type": "Point", "coordinates": [ -122.419413284434086, 37.74342353407954 ] } },
{ "type": "Feature", "properties": { "id": "g1534", "minutes": 37.0, "lon": -122.41714331460433, "lat": 37.743412330935968 }, "geometry": { "type": "Point", "coordinates": [ -122.417143314604331, 37.743412330935968 ] } },
{ "type": "Feature", "properties": { "id": "g1535", "minutes": 41.0, "lon": -122.41487334603468, "lat": 37.743401084080297 }, "geometry": { "type": "Point", "coordinates": [ -122.414873346034682, 37.743401084080297 ] } },
{ "type": "Feature", "properties": { "id": "g1536", "minutes": 40.0, "lon": -122.41260337873008, "lat": 37.743389793512598 }, "geometry": { "type": "Point", "coordinates": [ -122.412603378730083, 37.743389793512598 ] } },
{ "type": "Feature", "properties": { "id": "g1537", "minutes": 42.0, "lon": -122.41033341269538, "lat": 37.743378459232957 }, "geometry": { "type": "Point", "coordinates": [ -122.41033341269538, 37.743378459232957 ] } },
{ "type": "Feature", "properties": { "id": "g1538", "minutes": 43.0, "lon": -122.40806344793552, "lat": 37.743367081241431 }, "geometry": { "type": "Point", "coordinates": [ -122.408063447935518, 37.743367081241431 ] } },
{ "type": "Feature", "properties": { "id": "g1539", "minutes": 41.0, "lon": -122.40579348445543, "lat": 37.743355659538125 }, "geometry": { "type": "Point", "coordinates": [ -122.40579348445543, 37.743355659538125 ] } },
{ "type": "Feature", "properties": { "id": "g1540", "minutes": 41.0, "lon": -122.40352352225996, "lat": 37.743344194123083 }, "geometry": { "type": "Point", "coordinates": [ -122.40352352225996, 37.743344194123083 ] } },
{ "type": "Feature", "properties": { "id": "g1541", "minutes": 51.0, "lon": -122.40125356135405, "lat": 37.74333268499641 }, "geometry": { "type": "Point", "coordinates": [ -122.401253561354054, 37.74333268499641 ] } },
{ "type": "Feature", "properties": { "id": "g1542", "minutes": 49.0, "lon": -122.3989836017426, "lat": 37.743321132158165 }, "geometry": { "type": "Point", "coordinates": [ -122.3989836017426, 37.743321132158165 ] } },
{ "type": "Feature", "properties": { "id": "g1543", "minutes": 46.0, "lon": -122.39671364343052, "lat": 37.743309535608432 }, "geometry": { "type": "Point", "coordinates": [ -122.396713643430516, 37.743309535608432 ] } },
{ "type": "Feature", "properties": { "id": "g1544", "minutes": 48.0, "lon": -122.39444368642269, "lat": 37.743297895347283 }, "geometry": { "type": "Point", "coordinates": [ -122.39444368642269, 37.743297895347283 ] } },
{ "type": "Feature", "properties": { "id": "g1545", "minutes": 36.0, "lon": -122.39217373072408, "lat": 37.743286211374802 }, "geometry": { "type": "Point", "coordinates": [ -122.392173730724082, 37.743286211374802 ] } },
{ "type": "Feature", "properties": { "id": "g1546", "minutes": 34.0, "lon": -122.38990377633952, "lat": 37.74327448369106 }, "geometry": { "type": "Point", "coordinates": [ -122.389903776339523, 37.74327448369106 ] } },
{ "type": "Feature", "properties": { "id": "g1547", "minutes": 33.0, "lon": -122.38763382327396, "lat": 37.743262712296136 }, "geometry": { "type": "Point", "coordinates": [ -122.387633823273958, 37.743262712296136 ] } },
{ "type": "Feature", "properties": { "id": "g1548", "minutes": 37.0, "lon": -122.38536387153232, "lat": 37.743250897190123 }, "geometry": { "type": "Point", "coordinates": [ -122.38536387153232, 37.743250897190123 ] } },
{ "type": "Feature", "properties": { "id": "g1549", "minutes": 41.0, "lon": -122.38309392111947, "lat": 37.743239038373069 }, "geometry": { "type": "Point", "coordinates": [ -122.383093921119467, 37.743239038373069 ] } },
{ "type": "Feature", "properties": { "id": "g1551", "minutes": 58.0, "lon": -122.3785540242998, "lat": 37.743215189606218 }, "geometry": { "type": "Point", "coordinates": [ -122.378554024299802, 37.743215189606218 ] } },
{ "type": "Feature", "properties": { "id": "g1552", "minutes": 53.0, "lon": -122.37628407790281, "lat": 37.743203199656577 }, "geometry": { "type": "Point", "coordinates": [ -122.37628407790281, 37.743203199656577 ] } },
{ "type": "Feature", "properties": { "id": "g1553", "minutes": 51.0, "lon": -122.37401413285423, "lat": 37.743191165996208 }, "geometry": { "type": "Point", "coordinates": [ -122.374014132854228, 37.743191165996208 ] } },
{ "type": "Feature", "properties": { "id": "g1554", "minutes": 52.0, "lon": -122.37174418915899, "lat": 37.743179088625254 }, "geometry": { "type": "Point", "coordinates": [ -122.371744189158989, 37.743179088625254 ] } },
{ "type": "Feature", "properties": { "id": "g1555", "minutes": 55.0, "lon": -122.36947424682199, "lat": 37.743166967543736 }, "geometry": { "type": "Point", "coordinates": [ -122.369474246821994, 37.743166967543736 ] } },
{ "type": "Feature", "properties": { "id": "g1564", "minutes": 56.0, "lon": -122.51020117534685, "lat": 37.745638407426746 }, "geometry": { "type": "Point", "coordinates": [ -122.51020117534685, 37.745638407426746 ] } },
{ "type": "Feature", "properties": { "id": "g1565", "minutes": 55.0, "lon": -122.50793110408449, "lat": 37.745628952214417 }, "geometry": { "type": "Point", "coordinates": [ -122.507931104084491, 37.745628952214417 ] } },
{ "type": "Feature", "properties": { "id": "g1566", "minutes": 53.0, "lon": -122.50566103388604, "lat": 37.745619453284426 }, "geometry": { "type": "Point", "coordinates": [ -122.505661033886042, 37.745619453284426 ] } },
{ "type": "Feature", "properties": { "id": "g1567", "minutes": 53.0, "lon": -122.50339096475646, "lat": 37.745609910636816 }, "geometry": { "type": "Point", "coordinates": [ -122.503390964756463, 37.745609910636816 ] } },
{ "type": "Feature", "properties": { "id": "g1568", "minutes": 53.0, "lon": -122.50112089670067, "lat": 37.745600324271649 }, "geometry": { "type": "Point", "coordinates": [ -122.50112089670067, 37.745600324271649 ] } },
{ "type": "Feature", "properties": { "id": "g1569", "minutes": 52.0, "lon": -122.49885082972354, "lat": 37.745590694189005 }, "geometry": { "type": "Point", "coordinates": [ -122.498850829723537, 37.745590694189005 ] } },
{ "type": "Feature", "properties": { "id": "g1570", "minutes": 52.0, "lon": -122.49658076382998, "lat": 37.745581020388933 }, "geometry": { "type": "Point", "coordinates": [ -122.496580763829982, 37.745581020388933 ] } },
{ "type": "Feature", "properties": { "id": "g1571", "minutes": 50.0, "lon": -122.49431069902488, "lat": 37.745571302871511 }, "geometry": { "type": "Point", "coordinates": [ -122.494310699024879, 37.745571302871511 ] } },
{ "type": "Feature", "properties": { "id": "g1572", "minutes": 52.0, "lon": -122.49204063531322, "lat": 37.745561541636803 }, "geometry": { "type": "Point", "coordinates": [ -122.492040635313217, 37.745561541636803 ] } },
{ "type": "Feature", "properties": { "id": "g1573", "minutes": 49.0, "lon": -122.48977057269985, "lat": 37.74555173668486 }, "geometry": { "type": "Point", "coordinates": [ -122.489770572699854, 37.74555173668486 ] } },
{ "type": "Feature", "properties": { "id": "g1574", "minutes": 48.0, "lon": -122.48750051118969, "lat": 37.745541888015751 }, "geometry": { "type": "Point", "coordinates": [ -122.487500511189694, 37.745541888015751 ] } },
{ "type": "Feature", "properties": { "id": "g1575", "minutes": 48.0, "lon": -122.48523045078763, "lat": 37.745531995629563 }, "geometry": { "type": "Point", "coordinates": [ -122.485230450787626, 37.745531995629563 ] } },
{ "type": "Feature", "properties": { "id": "g1576", "minutes": 46.0, "lon": -122.48296039149861, "lat": 37.74552205952633 }, "geometry": { "type": "Point", "coordinates": [ -122.482960391498608, 37.74552205952633 ] } },
{ "type": "Feature", "properties": { "id": "g1577", "minutes": 46.0, "lon": -122.48069033332752, "lat": 37.745512079706124 }, "geometry": { "type": "Point", "coordinates": [ -122.480690333327516, 37.745512079706124 ] } },
{ "type": "Feature", "properties": { "id": "g1578", "minutes": 46.0, "lon": -122.47842027627924, "lat": 37.745502056169038 }, "geometry": { "type": "Point", "coordinates": [ -122.478420276279238, 37.745502056169038 ] } },
{ "type": "Feature", "properties": { "id": "g1579", "minutes": 42.0, "lon": -122.47615022035873, "lat": 37.74549198891512 }, "geometry": { "type": "Point", "coordinates": [ -122.476150220358733, 37.74549198891512 ] } },
{ "type": "Feature", "properties": { "id": "g1580", "minutes": 41.0, "lon": -122.47388016557089, "lat": 37.745481877944428 }, "geometry": { "type": "Point", "coordinates": [ -122.47388016557089, 37.745481877944428 ] } },
{ "type": "Feature", "properties": { "id": "g1581", "minutes": 39.0, "lon": -122.47161011192058, "lat": 37.745471723257047 }, "geometry": { "type": "Point", "coordinates": [ -122.471610111920583, 37.745471723257047 ] } },
{ "type": "Feature", "properties": { "id": "g1582", "minutes": 43.0, "lon": -122.46934005941276, "lat": 37.745461524853035 }, "geometry": { "type": "Point", "coordinates": [ -122.469340059412758, 37.745461524853035 ] } },
{ "type": "Feature", "properties": { "id": "g1583", "minutes": 40.0, "lon": -122.46707000805227, "lat": 37.745451282732454 }, "geometry": { "type": "Point", "coordinates": [ -122.467070008052275, 37.745451282732454 ] } },
{ "type": "Feature", "properties": { "id": "g1584", "minutes": 35.0, "lon": -122.46479995784412, "lat": 37.74544099689539 }, "geometry": { "type": "Point", "coordinates": [ -122.464799957844122, 37.74544099689539 ] } },
{ "type": "Feature", "properties": { "id": "g1585", "minutes": 32.0, "lon": -122.46252990879313, "lat": 37.7454306673419 }, "geometry": { "type": "Point", "coordinates": [ -122.46252990879313, 37.7454306673419 ] } },
{ "type": "Feature", "properties": { "id": "g1586", "minutes": 31.0, "lon": -122.46025986090424, "lat": 37.745420294072048 }, "geometry": { "type": "Point", "coordinates": [ -122.460259860904245, 37.745420294072048 ] } },
{ "type": "Feature", "properties": { "id": "g1587", "minutes": 34.0, "lon": -122.45798981418235, "lat": 37.745409877085919 }, "geometry": { "type": "Point", "coordinates": [ -122.457989814182355, 37.745409877085919 ] } },
{ "type": "Feature", "properties": { "id": "g1588", "minutes": 33.0, "lon": -122.45571976863236, "lat": 37.745399416383556 }, "geometry": { "type": "Point", "coordinates": [ -122.455719768632363, 37.745399416383556 ] } },
{ "type": "Feature", "properties": { "id": "g1589", "minutes": 33.0, "lon": -122.45344972425922, "lat": 37.745388911965065 }, "geometry": { "type": "Point", "coordinates": [ -122.453449724259215, 37.745388911965065 ] } },
{ "type": "Feature", "properties": { "id": "g1590", "minutes": 34.0, "lon": -122.4511796810678, "lat": 37.745378363830476 }, "geometry": { "type": "Point", "coordinates": [ -122.451179681067799, 37.745378363830476 ] } },
{ "type": "Feature", "properties": { "id": "g1591", "minutes": 37.0, "lon": -122.44890963906298, "lat": 37.745367771979893 }, "geometry": { "type": "Point", "coordinates": [ -122.448909639062975, 37.745367771979893 ] } },
{ "type": "Feature", "properties": { "id": "g1592", "minutes": 39.0, "lon": -122.44663959824972, "lat": 37.745357136413368 }, "geometry": { "type": "Point", "coordinates": [ -122.446639598249718, 37.745357136413368 ] } },
{ "type": "Feature", "properties": { "id": "g1593", "minutes": 39.0, "lon": -122.4443695586329, "lat": 37.745346457130964 }, "geometry": { "type": "Point", "coordinates": [ -122.4443695586329, 37.745346457130964 ] } },
{ "type": "Feature", "properties": { "id": "g1594", "minutes": 38.0, "lon": -122.44209952021743, "lat": 37.74533573413278 }, "geometry": { "type": "Point", "coordinates": [ -122.442099520217425, 37.74533573413278 ] } },
{ "type": "Feature", "properties": { "id": "g1595", "minutes": 39.0, "lon": -122.43982948300822, "lat": 37.745324967418874 }, "geometry": { "type": "Point", "coordinates": [ -122.439829483008225, 37.745324967418874 ] } },
{ "type": "Feature", "properties": { "id": "g1596", "minutes": 39.0, "lon": -122.43755944701017, "lat": 37.745314156989302 }, "geometry": { "type": "Point", "coordinates": [ -122.437559447010173, 37.745314156989302 ] } },
{ "type": "Feature", "properties": { "id": "g1597", "minutes": 38.0, "lon": -122.43528941222822, "lat": 37.745303302844171 }, "geometry": { "type": "Point", "coordinates": [ -122.435289412228215, 37.745303302844171 ] } },
{ "type": "Feature", "properties": { "id": "g1598", "minutes": 40.0, "lon": -122.43301937866724, "lat": 37.745292404983502 }, "geometry": { "type": "Point", "coordinates": [ -122.43301937866724, 37.745292404983502 ] } },
{ "type": "Feature", "properties": { "id": "g1599", "minutes": 38.0, "lon": -122.43074934633214, "lat": 37.745281463407416 }, "geometry": { "type": "Point", "coordinates": [ -122.430749346332135, 37.745281463407416 ] } },
{ "type": "Feature", "properties": { "id": "g1600", "minutes": 39.0, "lon": -122.42847931522783, "lat": 37.745270478115955 }, "geometry": { "type": "Point", "coordinates": [ -122.428479315227833, 37.745270478115955 ] } },
{ "type": "Feature", "properties": { "id": "g1601", "minutes": 39.0, "lon": -122.42620928535923, "lat": 37.74525944910922 }, "geometry": { "type": "Point", "coordinates": [ -122.426209285359235, 37.74525944910922 ] } },
{ "type": "Feature", "properties": { "id": "g1602", "minutes": 37.0, "lon": -122.42393925673124, "lat": 37.745248376387252 }, "geometry": { "type": "Point", "coordinates": [ -122.423939256731245, 37.745248376387252 ] } },
{ "type": "Feature", "properties": { "id": "g1603", "minutes": 34.0, "lon": -122.42166922934875, "lat": 37.745237259950152 }, "geometry": { "type": "Point", "coordinates": [ -122.421669229348751, 37.745237259950152 ] } },
{ "type": "Feature", "properties": { "id": "g1604", "minutes": 32.0, "lon": -122.41939920321671, "lat": 37.745226099797975 }, "geometry": { "type": "Point", "coordinates": [ -122.419399203216713, 37.745226099797975 ] } },
{ "type": "Feature", "properties": { "id": "g1605", "minutes": 35.0, "lon": -122.41712917833998, "lat": 37.745214895930808 }, "geometry": { "type": "Point", "coordinates": [ -122.417129178339977, 37.745214895930808 ] } },
{ "type": "Feature", "properties": { "id": "g1606", "minutes": 37.0, "lon": -122.4148591547235, "lat": 37.745203648348728 }, "geometry": { "type": "Point", "coordinates": [ -122.414859154723501, 37.745203648348728 ] } },
{ "type": "Feature", "properties": { "id": "g1607", "minutes": 38.0, "lon": -122.41258913237215, "lat": 37.745192357051785 }, "geometry": { "type": "Point", "coordinates": [ -122.412589132372148, 37.745192357051785 ] } },
{ "type": "Feature", "properties": { "id": "g1608", "minutes": 39.0, "lon": -122.41031911129085, "lat": 37.745181022040086 }, "geometry": { "type": "Point", "coordinates": [ -122.410319111290846, 37.745181022040086 ] } },
{ "type": "Feature", "properties": { "id": "g1609", "minutes": 41.0, "lon": -122.40804909148453, "lat": 37.74516964331368 }, "geometry": { "type": "Point", "coordinates": [ -122.408049091484529, 37.74516964331368 ] } },
{ "type": "Feature", "properties": { "id": "g1610", "minutes": 43.0, "lon": -122.40577907295803, "lat": 37.745158220872661 }, "geometry": { "type": "Point", "coordinates": [ -122.405779072958026, 37.745158220872661 ] } },
{ "type": "Feature", "properties": { "id": "g1611", "minutes": 43.0, "lon": -122.40350905571633, "lat": 37.745146754717105 }, "geometry": { "type": "Point", "coordinates": [ -122.403509055716327, 37.745146754717105 ] } },
{ "type": "Feature", "properties": { "id": "g1612", "minutes": 48.0, "lon": -122.40123903976429, "lat": 37.745135244847084 }, "geometry": { "type": "Point", "coordinates": [ -122.401239039764292, 37.745135244847084 ] } },
{ "type": "Feature", "properties": { "id": "g1613", "minutes": 50.0, "lon": -122.39896902510685, "lat": 37.745123691262663 }, "geometry": { "type": "Point", "coordinates": [ -122.398969025106851, 37.745123691262663 ] } },
{ "type": "Feature", "properties": { "id": "g1614", "minutes": 45.0, "lon": -122.39669901174889, "lat": 37.745112093963925 }, "geometry": { "type": "Point", "coordinates": [ -122.396699011748893, 37.745112093963925 ] } },
{ "type": "Feature", "properties": { "id": "g1615", "minutes": 41.0, "lon": -122.39442899969534, "lat": 37.745100452950958 }, "geometry": { "type": "Point", "coordinates": [ -122.394428999695336, 37.745100452950958 ] } },
{ "type": "Feature", "properties": { "id": "g1616", "minutes": 39.0, "lon": -122.3921589889511, "lat": 37.74508876822383 }, "geometry": { "type": "Point", "coordinates": [ -122.392158988951095, 37.74508876822383 ] } },
{ "type": "Feature", "properties": { "id": "g1617", "minutes": 37.0, "lon": -122.38988897952103, "lat": 37.745077039782622 }, "geometry": { "type": "Point", "coordinates": [ -122.389888979521032, 37.745077039782622 ] } },
{ "type": "Feature", "properties": { "id": "g1618", "minutes": 36.0, "lon": -122.38761897141009, "lat": 37.745065267627403 }, "geometry": { "type": "Point", "coordinates": [ -122.387618971410092, 37.745065267627403 ] } },
{ "type": "Feature", "properties": { "id": "g1619", "minutes": 38.0, "lon": -122.3853489646232, "lat": 37.745053451758274 }, "geometry": { "type": "Point", "coordinates": [ -122.385348964623205, 37.745053451758274 ] } },
{ "type": "Feature", "properties": { "id": "g1620", "minutes": 43.0, "lon": -122.38307895916522, "lat": 37.745041592175284 }, "geometry": { "type": "Point", "coordinates": [ -122.383078959165218, 37.745041592175284 ] } },
{ "type": "Feature", "properties": { "id": "g1621", "minutes": 44.0, "lon": -122.38080895504109, "lat": 37.745029688878532 }, "geometry": { "type": "Point", "coordinates": [ -122.38080895504109, 37.745029688878532 ] } },
{ "type": "Feature", "properties": { "id": "g1622", "minutes": 57.0, "lon": -122.37853895225567, "lat": 37.745017741868097 }, "geometry": { "type": "Point", "coordinates": [ -122.378538952255667, 37.745017741868097 ] } },
{ "type": "Feature", "properties": { "id": "g1635", "minutes": 59.0, "lon": -122.51018929504153, "lat": 37.747440999217901 }, "geometry": { "type": "Point", "coordinates": [ -122.510189295041528, 37.747440999217901 ] } },
{ "type": "Feature", "properties": { "id": "g1636", "minutes": 58.0, "lon": -122.50791916872288, "lat": 37.747431543394889 }, "geometry": { "type": "Point", "coordinates": [ -122.507919168722879, 37.747431543394889 ] } },
{ "type": "Feature", "properties": { "id": "g1637", "minutes": 52.0, "lon": -122.5056490434683, "lat": 37.747422043851365 }, "geometry": { "type": "Point", "coordinates": [ -122.505649043468296, 37.747422043851365 ] } },
{ "type": "Feature", "properties": { "id": "g1638", "minutes": 53.0, "lon": -122.50337891928265, "lat": 37.74741250058743 }, "geometry": { "type": "Point", "coordinates": [ -122.503378919282653, 37.74741250058743 ] } },
{ "type": "Feature", "properties": { "id": "g1639", "minutes": 53.0, "lon": -122.5011087961709, "lat": 37.747402913603104 }, "geometry": { "type": "Point", "coordinates": [ -122.501108796170897, 37.747402913603104 ] } },
{ "type": "Feature", "properties": { "id": "g1640", "minutes": 54.0, "lon": -122.4988386741379, "lat": 37.747393282898479 }, "geometry": { "type": "Point", "coordinates": [ -122.4988386741379, 37.747393282898479 ] } },
{ "type": "Feature", "properties": { "id": "g1641", "minutes": 54.0, "lon": -122.4965685531886, "lat": 37.747383608473605 }, "geometry": { "type": "Point", "coordinates": [ -122.496568553188595, 37.747383608473605 ] } },
{ "type": "Feature", "properties": { "id": "g1642", "minutes": 51.0, "lon": -122.49429843332787, "lat": 37.747373890328547 }, "geometry": { "type": "Point", "coordinates": [ -122.49429843332787, 37.747373890328547 ] } },
{ "type": "Feature", "properties": { "id": "g1643", "minutes": 51.0, "lon": -122.49202831456064, "lat": 37.747364128463367 }, "geometry": { "type": "Point", "coordinates": [ -122.492028314560642, 37.747364128463367 ] } },
{ "type": "Feature", "properties": { "id": "g1644", "minutes": 50.0, "lon": -122.4897581968918, "lat": 37.747354322878159 }, "geometry": { "type": "Point", "coordinates": [ -122.489758196891799, 37.747354322878159 ] } },
{ "type": "Feature", "properties": { "id": "g1645", "minutes": 48.0, "lon": -122.48748808032632, "lat": 37.747344473572944 }, "geometry": { "type": "Point", "coordinates": [ -122.487488080326315, 37.747344473572944 ] } },
{ "type": "Feature", "properties": { "id": "g1646", "minutes": 47.0, "lon": -122.48521796486902, "lat": 37.747334580547829 }, "geometry": { "type": "Point", "coordinates": [ -122.485217964869022, 37.747334580547829 ] } },
{ "type": "Feature", "properties": { "id": "g1647", "minutes": 48.0, "lon": -122.48294785052487, "lat": 37.747324643802841 }, "geometry": { "type": "Point", "coordinates": [ -122.482947850524866, 37.747324643802841 ] } },
{ "type": "Feature", "properties": { "id": "g1648", "minutes": 46.0, "lon": -122.48067773729875, "lat": 37.747314663338074 }, "geometry": { "type": "Point", "coordinates": [ -122.480677737298748, 37.747314663338074 ] } },
{ "type": "Feature", "properties": { "id": "g1649", "minutes": 46.0, "lon": -122.47840762519557, "lat": 37.747304639153597 }, "geometry": { "type": "Point", "coordinates": [ -122.478407625195572, 37.747304639153597 ] } },
{ "type": "Feature", "properties": { "id": "g1650", "minutes": 43.0, "lon": -122.47613751422026, "lat": 37.747294571249448 }, "geometry": { "type": "Point", "coordinates": [ -122.476137514220255, 37.747294571249448 ] } },
{ "type": "Feature", "properties": { "id": "g1651", "minutes": 43.0, "lon": -122.47386740437767, "lat": 37.747284459625718 }, "geometry": { "type": "Point", "coordinates": [ -122.473867404377671, 37.747284459625718 ] } },
{ "type": "Feature", "properties": { "id": "g1652", "minutes": 43.0, "lon": -122.47159729567278, "lat": 37.74727430428247 }, "geometry": { "type": "Point", "coordinates": [ -122.47159729567278, 37.74727430428247 ] } },
{ "type": "Feature", "properties": { "id": "g1653", "minutes": 44.0, "lon": -122.46932718811047, "lat": 37.747264105219763 }, "geometry": { "type": "Point", "coordinates": [ -122.469327188110469, 37.747264105219763 ] } },
{ "type": "Feature", "properties": { "id": "g1654", "minutes": 40.0, "lon": -122.46705708169563, "lat": 37.747253862437681 }, "geometry": { "type": "Point", "coordinates": [ -122.467057081695629, 37.747253862437681 ] } },
{ "type": "Feature", "properties": { "id": "g1655", "minutes": 36.0, "lon": -122.46478697643317, "lat": 37.747243575936281 }, "geometry": { "type": "Point", "coordinates": [ -122.464786976433174, 37.747243575936281 ] } },
{ "type": "Feature", "properties": { "id": "g1656", "minutes": 32.0, "lon": -122.46251687232802, "lat": 37.74723324571562 }, "geometry": { "type": "Point", "coordinates": [ -122.462516872328024, 37.74723324571562 ] } },
{ "type": "Feature", "properties": { "id": "g1657", "minutes": 28.0, "lon": -122.46024676938511, "lat": 37.74722287177579 }, "geometry": { "type": "Point", "coordinates": [ -122.460246769385108, 37.74722287177579 ] } },
{ "type": "Feature", "properties": { "id": "g1658", "minutes": 29.0, "lon": -122.45797666760927, "lat": 37.747212454116855 }, "geometry": { "type": "Point", "coordinates": [ -122.457976667609273, 37.747212454116855 ] } },
{ "type": "Feature", "properties": { "id": "g1659", "minutes": 33.0, "lon": -122.45570656700545, "lat": 37.747201992738866 }, "geometry": { "type": "Point", "coordinates": [ -122.45570656700545, 37.747201992738866 ] } },
{ "type": "Feature", "properties": { "id": "g1660", "minutes": 37.0, "lon": -122.45343646757857, "lat": 37.747191487641921 }, "geometry": { "type": "Point", "coordinates": [ -122.45343646757857, 37.747191487641921 ] } },
{ "type": "Feature", "properties": { "id": "g1661", "minutes": 40.0, "lon": -122.45116636933354, "lat": 37.747180938826062 }, "geometry": { "type": "Point", "coordinates": [ -122.451166369333535, 37.747180938826062 ] } },
{ "type": "Feature", "properties": { "id": "g1662", "minutes": 39.0, "lon": -122.44889627227525, "lat": 37.747170346291377 }, "geometry": { "type": "Point", "coordinates": [ -122.448896272275249, 37.747170346291377 ] } },
{ "type": "Feature", "properties": { "id": "g1663", "minutes": 38.0, "lon": -122.44662617640861, "lat": 37.747159710037934 }, "geometry": { "type": "Point", "coordinates": [ -122.446626176408614, 37.747159710037934 ] } },
{ "type": "Feature", "properties": { "id": "g1664", "minutes": 35.0, "lon": -122.44435608173852, "lat": 37.747149030065785 }, "geometry": { "type": "Point", "coordinates": [ -122.444356081738519, 37.747149030065785 ] } },
{ "type": "Feature", "properties": { "id": "g1665", "minutes": 38.0, "lon": -122.44208598826991, "lat": 37.747138306375035 }, "geometry": { "type": "Point", "coordinates": [ -122.442085988269909, 37.747138306375035 ] } },
{ "type": "Feature", "properties": { "id": "g1666", "minutes": 39.0, "lon": -122.43981589600764, "lat": 37.747127538965728 }, "geometry": { "type": "Point", "coordinates": [ -122.439815896007644, 37.747127538965728 ] } },
{ "type": "Feature", "properties": { "id": "g1667", "minutes": 38.0, "lon": -122.43754580495668, "lat": 37.747116727837941 }, "geometry": { "type": "Point", "coordinates": [ -122.437545804956684, 37.747116727837941 ] } },
{ "type": "Feature", "properties": { "id": "g1668", "minutes": 38.0, "lon": -122.4352757151219, "lat": 37.74710587299176 }, "geometry": { "type": "Point", "coordinates": [ -122.435275715121904, 37.74710587299176 ] } },
{ "type": "Feature", "properties": { "id": "g1669", "minutes": 37.0, "lon": -122.43300562650822, "lat": 37.747094974427242 }, "geometry": { "type": "Point", "coordinates": [ -122.433005626508219, 37.747094974427242 ] } },
{ "type": "Feature", "properties": { "id": "g1670", "minutes": 38.0, "lon": -122.43073553912056, "lat": 37.747084032144471 }, "geometry": { "type": "Point", "coordinates": [ -122.430735539120562, 37.747084032144471 ] } },
{ "type": "Feature", "properties": { "id": "g1671", "minutes": 38.0, "lon": -122.42846545296379, "lat": 37.747073046143505 }, "geometry": { "type": "Point", "coordinates": [ -122.428465452963792, 37.747073046143505 ] } },
{ "type": "Feature", "properties": { "id": "g1672", "minutes": 37.0, "lon": -122.42619536804285, "lat": 37.747062016424429 }, "geometry": { "type": "Point", "coordinates": [ -122.426195368042855, 37.747062016424429 ] } },
{ "type": "Feature", "properties": { "id": "g1673", "minutes": 36.0, "lon": -122.42392528436262, "lat": 37.747050942987308 }, "geometry": { "type": "Point", "coordinates": [ -122.423925284362625, 37.747050942987308 ] } },
{ "type": "Feature", "properties": { "id": "g1674", "minutes": 34.0, "lon": -122.42165520192805, "lat": 37.747039825832225 }, "geometry": { "type": "Point", "coordinates": [ -122.421655201928047, 37.747039825832225 ] } },
{ "type": "Feature", "properties": { "id": "g1675", "minutes": 29.0, "lon": -122.41938512074398, "lat": 37.747028664959252 }, "geometry": { "type": "Point", "coordinates": [ -122.419385120743982, 37.747028664959252 ] } },
{ "type": "Feature", "properties": { "id": "g1676", "minutes": 30.0, "lon": -122.4171150408154, "lat": 37.747017460368461 }, "geometry": { "type": "Point", "coordinates": [ -122.417115040815403, 37.747017460368461 ] } },
{ "type": "Feature", "properties": { "id": "g1677", "minutes": 35.0, "lon": -122.41484496214717, "lat": 37.747006212059929 }, "geometry": { "type": "Point", "coordinates": [ -122.414844962147171, 37.747006212059929 ] } },
{ "type": "Feature", "properties": { "id": "g1678", "minutes": 35.0, "lon": -122.41257488474417, "lat": 37.746994920033714 }, "geometry": { "type": "Point", "coordinates": [ -122.412574884744174, 37.746994920033714 ] } },
{ "type": "Feature", "properties": { "id": "g1679", "minutes": 37.0, "lon": -122.41030480861137, "lat": 37.746983584289914 }, "geometry": { "type": "Point", "coordinates": [ -122.410304808611372, 37.746983584289914 ] } },
{ "type": "Feature", "properties": { "id": "g1680", "minutes": 40.0, "lon": -122.40803473375364, "lat": 37.746972204828594 }, "geometry": { "type": "Point", "coordinates": [ -122.408034733753638, 37.746972204828594 ] } },
{ "type": "Feature", "properties": { "id": "g1681", "minutes": 42.0, "lon": -122.40576466017589, "lat": 37.746960781649847 }, "geometry": { "type": "Point", "coordinates": [ -122.40576466017589, 37.746960781649847 ] } },
{ "type": "Feature", "properties": { "id": "g1682", "minutes": 45.0, "lon": -122.40349458788303, "lat": 37.746949314753721 }, "geometry": { "type": "Point", "coordinates": [ -122.403494587883031, 37.746949314753721 ] } },
{ "type": "Feature", "properties": { "id": "g1683", "minutes": 48.0, "lon": -122.40122451687998, "lat": 37.746937804140302 }, "geometry": { "type": "Point", "coordinates": [ -122.401224516879978, 37.746937804140302 ] } },
{ "type": "Feature", "properties": { "id": "g1684", "minutes": 45.0, "lon": -122.39895444717162, "lat": 37.746926249809661 }, "geometry": { "type": "Point", "coordinates": [ -122.398954447171619, 37.746926249809661 ] } },
{ "type": "Feature", "properties": { "id": "g1685", "minutes": 42.0, "lon": -122.39668437876288, "lat": 37.746914651761912 }, "geometry": { "type": "Point", "coordinates": [ -122.396684378762885, 37.746914651761912 ] } },
{ "type": "Feature", "properties": { "id": "g1686", "minutes": 43.0, "lon": -122.39441431165868, "lat": 37.746903009997084 }, "geometry": { "type": "Point", "coordinates": [ -122.394414311658679, 37.746903009997084 ] } },
{ "type": "Feature", "properties": { "id": "g1687", "minutes": 43.0, "lon": -122.39214424586388, "lat": 37.746891324515268 }, "geometry": { "type": "Point", "coordinates": [ -122.392144245863875, 37.746891324515268 ] } },
{ "type": "Feature", "properties": { "id": "g1688", "minutes": 38.0, "lon": -122.38987418138342, "lat": 37.746879595316564 }, "geometry": { "type": "Point", "coordinates": [ -122.389874181383419, 37.746879595316564 ] } },
{ "type": "Feature", "properties": { "id": "g1689", "minutes": 33.0, "lon": -122.38760411822223, "lat": 37.746867822401029 }, "geometry": { "type": "Point", "coordinates": [ -122.387604118222228, 37.746867822401029 ] } },
{ "type": "Feature", "properties": { "id": "g1690", "minutes": 35.0, "lon": -122.38533405638515, "lat": 37.746856005768727 }, "geometry": { "type": "Point", "coordinates": [ -122.385334056385148, 37.746856005768727 ] } },
{ "type": "Feature", "properties": { "id": "g1691", "minutes": 41.0, "lon": -122.38306399587714, "lat": 37.746844145419786 }, "geometry": { "type": "Point", "coordinates": [ -122.383063995877137, 37.746844145419786 ] } },
{ "type": "Feature", "properties": { "id": "g1692", "minutes": 45.0, "lon": -122.3807939367031, "lat": 37.746832241354241 }, "geometry": { "type": "Point", "coordinates": [ -122.3807939367031, 37.746832241354241 ] } },
{ "type": "Feature", "properties": { "id": "g1693", "minutes": 47.0, "lon": -122.37852387886792, "lat": 37.746820293572185 }, "geometry": { "type": "Point", "coordinates": [ -122.378523878867924, 37.746820293572185 ] } },
{ "type": "Feature", "properties": { "id": "g1706", "minutes": 57.0, "lon": -122.51017741367707, "lat": 37.749243590453183 }, "geometry": { "type": "Point", "coordinates": [ -122.51017741367707, 37.749243590453183 ] } },
{ "type": "Feature", "properties": { "id": "g1707", "minutes": 56.0, "lon": -122.50790723229726, "lat": 37.749234134019446 }, "geometry": { "type": "Point", "coordinates": [ -122.507907232297256, 37.749234134019446 ] } },
{ "type": "Feature", "properties": { "id": "g1708", "minutes": 54.0, "lon": -122.50563705198159, "lat": 37.74922463386239 }, "geometry": { "type": "Point", "coordinates": [ -122.505637051981594, 37.74922463386239 ] } },
{ "type": "Feature", "properties": { "id": "g1709", "minutes": 55.0, "lon": -122.50336687273499, "lat": 37.749215089982073 }, "geometry": { "type": "Point", "coordinates": [ -122.503366872734986, 37.749215089982073 ] } },
{ "type": "Feature", "properties": { "id": "g1710", "minutes": 55.0, "lon": -122.50109669456235, "lat": 37.749205502378558 }, "geometry": { "type": "Point", "coordinates": [ -122.501096694562349, 37.749205502378558 ] } },
{ "type": "Feature", "properties": { "id": "g1711", "minutes": 57.0, "lon": -122.49882651746859, "lat": 37.749195871051917 }, "geometry": { "type": "Point", "coordinates": [ -122.498826517468586, 37.749195871051917 ] } },
{ "type": "Feature", "properties": { "id": "g1712", "minutes": 56.0, "lon": -122.49655634145861, "lat": 37.749186196002206 }, "geometry": { "type": "Point", "coordinates": [ -122.496556341458614, 37.749186196002206 ] } },
{ "type": "Feature", "properties": { "id": "g1713", "minutes": 53.0, "lon": -122.49428616653732, "lat": 37.749176477229483 }, "geometry": { "type": "Point", "coordinates": [ -122.494286166537321, 37.749176477229483 ] } },
{ "type": "Feature", "properties": { "id": "g1714", "minutes": 52.0, "lon": -122.49201599270963, "lat": 37.749166714733832 }, "geometry": { "type": "Point", "coordinates": [ -122.492015992709625, 37.749166714733832 ] } },
{ "type": "Feature", "properties": { "id": "g1715", "minutes": 50.0, "lon": -122.48974581998046, "lat": 37.749156908515303 }, "geometry": { "type": "Point", "coordinates": [ -122.489745819980456, 37.749156908515303 ] } },
{ "type": "Feature", "properties": { "id": "g1716", "minutes": 49.0, "lon": -122.4874756483547, "lat": 37.749147058573961 }, "geometry": { "type": "Point", "coordinates": [ -122.487475648354703, 37.749147058573961 ] } },
{ "type": "Feature", "properties": { "id": "g1717", "minutes": 47.0, "lon": -122.48520547783728, "lat": 37.749137164909882 }, "geometry": { "type": "Point", "coordinates": [ -122.485205477837283, 37.749137164909882 ] } },
{ "type": "Feature", "properties": { "id": "g1718", "minutes": 46.0, "lon": -122.48293530843308, "lat": 37.749127227523125 }, "geometry": { "type": "Point", "coordinates": [ -122.482935308433085, 37.749127227523125 ] } },
{ "type": "Feature", "properties": { "id": "g1719", "minutes": 47.0, "lon": -122.48066514014704, "lat": 37.749117246413746 }, "geometry": { "type": "Point", "coordinates": [ -122.480665140147039, 37.749117246413746 ] } },
{ "type": "Feature", "properties": { "id": "g1720", "minutes": 46.0, "lon": -122.47839497298405, "lat": 37.749107221581838 }, "geometry": { "type": "Point", "coordinates": [ -122.478394972984049, 37.749107221581838 ] } },
{ "type": "Feature", "properties": { "id": "g1721", "minutes": 43.0, "lon": -122.47612480694899, "lat": 37.749097153027442 }, "geometry": { "type": "Point", "coordinates": [ -122.476124806948988, 37.749097153027442 ] } },
{ "type": "Feature", "properties": { "id": "g1722", "minutes": 43.0, "lon": -122.4738546420468, "lat": 37.749087040750645 }, "geometry": { "type": "Point", "coordinates": [ -122.473854642046803, 37.749087040750645 ] } },
{ "type": "Feature", "properties": { "id": "g1723", "minutes": 45.0, "lon": -122.47158447828242, "lat": 37.749076884751489 }, "geometry": { "type": "Point", "coordinates": [ -122.471584478282423, 37.749076884751489 ] } },
{ "type": "Feature", "properties": { "id": "g1724", "minutes": 45.0, "lon": -122.46931431566068, "lat": 37.749066685030066 }, "geometry": { "type": "Point", "coordinates": [ -122.469314315660682, 37.749066685030066 ] } },
{ "type": "Feature", "properties": { "id": "g1725", "minutes": 42.0, "lon": -122.46704415418658, "lat": 37.74905644158644 }, "geometry": { "type": "Point", "coordinates": [ -122.467044154186581, 37.74905644158644 ] } },
{ "type": "Feature", "properties": { "id": "g1726", "minutes": 38.0, "lon": -122.46477399386495, "lat": 37.749046154420661 }, "geometry": { "type": "Point", "coordinates": [ -122.464773993864952, 37.749046154420661 ] } },
{ "type": "Feature", "properties": { "id": "g1727", "minutes": 32.0, "lon": -122.46250383470074, "lat": 37.749035823532822 }, "geometry": { "type": "Point", "coordinates": [ -122.46250383470074, 37.749035823532822 ] } },
{ "type": "Feature", "properties": { "id": "g1728", "minutes": 27.0, "lon": -122.46023367669883, "lat": 37.749025448922978 }, "geometry": { "type": "Point", "coordinates": [ -122.460233676698834, 37.749025448922978 ] } },
{ "type": "Feature", "properties": { "id": "g1729", "minutes": 29.0, "lon": -122.45796351986417, "lat": 37.749015030591195 }, "geometry": { "type": "Point", "coordinates": [ -122.457963519864165, 37.749015030591195 ] } },
{ "type": "Feature", "properties": { "id": "g1730", "minutes": 40.0, "lon": -122.45569336420161, "lat": 37.749004568537551 }, "geometry": { "type": "Point", "coordinates": [ -122.455693364201608, 37.749004568537551 ] } },
{ "type": "Feature", "properties": { "id": "g1731", "minutes": 47.0, "lon": -122.45342320971612, "lat": 37.748994062762108 }, "geometry": { "type": "Point", "coordinates": [ -122.453423209716121, 37.748994062762108 ] } },
{ "type": "Feature", "properties": { "id": "g1732", "minutes": 40.0, "lon": -122.45115305641255, "lat": 37.748983513264953 }, "geometry": { "type": "Point", "coordinates": [ -122.451153056412551, 37.748983513264953 ] } },
{ "type": "Feature", "properties": { "id": "g1733", "minutes": 41.0, "lon": -122.44888290429587, "lat": 37.748972920046128 }, "geometry": { "type": "Point", "coordinates": [ -122.448882904295871, 37.748972920046128 ] } },
{ "type": "Feature", "properties": { "id": "g1734", "minutes": 44.0, "lon": -122.44661275337091, "lat": 37.748962283105726 }, "geometry": { "type": "Point", "coordinates": [ -122.446612753370914, 37.748962283105726 ] } },
{ "type": "Feature", "properties": { "id": "g1735", "minutes": 38.0, "lon": -122.44434260364267, "lat": 37.74895160244381 }, "geometry": { "type": "Point", "coordinates": [ -122.444342603642667, 37.74895160244381 ] } },
{ "type": "Feature", "properties": { "id": "g1736", "minutes": 39.0, "lon": -122.44207245511599, "lat": 37.748940878060459 }, "geometry": { "type": "Point", "coordinates": [ -122.442072455115991, 37.748940878060459 ] } },
{ "type": "Feature", "properties": { "id": "g1737", "minutes": 39.0, "lon": -122.43980230779579, "lat": 37.748930109955722 }, "geometry": { "type": "Point", "coordinates": [ -122.439802307795787, 37.748930109955722 ] } },
{ "type": "Feature", "properties": { "id": "g1738", "minutes": 36.0, "lon": -122.43753216168699, "lat": 37.748919298129692 }, "geometry": { "type": "Point", "coordinates": [ -122.437532161686988, 37.748919298129692 ] } },
{ "type": "Feature", "properties": { "id": "g1739", "minutes": 36.0, "lon": -122.43526201679451, "lat": 37.748908442582433 }, "geometry": { "type": "Point", "coordinates": [ -122.43526201679451, 37.748908442582433 ] } },
{ "type": "Feature", "properties": { "id": "g1740", "minutes": 35.0, "lon": -122.43299187312321, "lat": 37.748897543314015 }, "geometry": { "type": "Point", "coordinates": [ -122.432991873123214, 37.748897543314015 ] } },
{ "type": "Feature", "properties": { "id": "g1741", "minutes": 36.0, "lon": -122.43072173067806, "lat": 37.748886600324525 }, "geometry": { "type": "Point", "coordinates": [ -122.430721730678059, 37.748886600324525 ] } },
{ "type": "Feature", "properties": { "id": "g1742", "minutes": 36.0, "lon": -122.42845158946393, "lat": 37.748875613614018 }, "geometry": { "type": "Point", "coordinates": [ -122.428451589463933, 37.748875613614018 ] } },
{ "type": "Feature", "properties": { "id": "g1743", "minutes": 36.0, "lon": -122.42618144948574, "lat": 37.748864583182581 }, "geometry": { "type": "Point", "coordinates": [ -122.426181449485739, 37.748864583182581 ] } },
{ "type": "Feature", "properties": { "id": "g1744", "minutes": 33.0, "lon": -122.42391131074837, "lat": 37.748853509030269 }, "geometry": { "type": "Point", "coordinates": [ -122.423911310748366, 37.748853509030269 ] } },
{ "type": "Feature", "properties": { "id": "g1745", "minutes": 31.0, "lon": -122.42164117325676, "lat": 37.748842391157176 }, "geometry": { "type": "Point", "coordinates": [ -122.421641173256759, 37.748842391157176 ] } },
{ "type": "Feature", "properties": { "id": "g1746", "minutes": 28.0, "lon": -122.41937103701584, "lat": 37.748831229563365 }, "geometry": { "type": "Point", "coordinates": [ -122.419371037015836, 37.748831229563365 ] } },
{ "type": "Feature", "properties": { "id": "g1747", "minutes": 28.0, "lon": -122.41710090203046, "lat": 37.748820024248914 }, "geometry": { "type": "Point", "coordinates": [ -122.417100902030455, 37.748820024248914 ] } },
{ "type": "Feature", "properties": { "id": "g1748", "minutes": 32.0, "lon": -122.41483076830556, "lat": 37.748808775213902 }, "geometry": { "type": "Point", "coordinates": [ -122.414830768305563, 37.748808775213902 ] } },
{ "type": "Feature", "properties": { "id": "g1749", "minutes": 34.0, "lon": -122.41256063584605, "lat": 37.748797482458386 }, "geometry": { "type": "Point", "coordinates": [ -122.412560635846049, 37.748797482458386 ] } },
{ "type": "Feature", "properties": { "id": "g1750", "minutes": 36.0, "lon": -122.4102905046568, "lat": 37.748786145982457 }, "geometry": { "type": "Point", "coordinates": [ -122.4102905046568, 37.748786145982457 ] } },
{ "type": "Feature", "properties": { "id": "g1751", "minutes": 38.0, "lon": -122.40802037474278, "lat": 37.74877476578618 }, "geometry": { "type": "Point", "coordinates": [ -122.408020374742776, 37.74877476578618 ] } },
{ "type": "Feature", "properties": { "id": "g1752", "minutes": 41.0, "lon": -122.40575024610887, "lat": 37.74876334186964 }, "geometry": { "type": "Point", "coordinates": [ -122.405750246108866, 37.74876334186964 ] } },
{ "type": "Feature", "properties": { "id": "g1753", "minutes": 42.0, "lon": -122.40348011875994, "lat": 37.748751874232923 }, "geometry": { "type": "Point", "coordinates": [ -122.403480118759944, 37.748751874232923 ] } },
{ "type": "Feature", "properties": { "id": "g1754", "minutes": 44.0, "lon": -122.40120999270096, "lat": 37.748740362876084 }, "geometry": { "type": "Point", "coordinates": [ -122.401209992700956, 37.748740362876084 ] } },
{ "type": "Feature", "properties": { "id": "g1755", "minutes": 45.0, "lon": -122.39893986793678, "lat": 37.748728807799203 }, "geometry": { "type": "Point", "coordinates": [ -122.398939867936775, 37.748728807799203 ] } },
{ "type": "Feature", "properties": { "id": "g1756", "minutes": 40.0, "lon": -122.39666974447236, "lat": 37.748717209002372 }, "geometry": { "type": "Point", "coordinates": [ -122.396669744472362, 37.748717209002372 ] } },
{ "type": "Feature", "properties": { "id": "g1757", "minutes": 44.0, "lon": -122.39439962231258, "lat": 37.748705566485661 }, "geometry": { "type": "Point", "coordinates": [ -122.394399622312577, 37.748705566485661 ] } },
{ "type": "Feature", "properties": { "id": "g1758", "minutes": 40.0, "lon": -122.39212950146235, "lat": 37.748693880249135 }, "geometry": { "type": "Point", "coordinates": [ -122.39212950146235, 37.748693880249135 ] } },
{ "type": "Feature", "properties": { "id": "g1759", "minutes": 36.0, "lon": -122.38985938192657, "lat": 37.748682150292879 }, "geometry": { "type": "Point", "coordinates": [ -122.38985938192657, 37.748682150292879 ] } },
{ "type": "Feature", "properties": { "id": "g1760", "minutes": 29.0, "lon": -122.38758926371017, "lat": 37.748670376616978 }, "geometry": { "type": "Point", "coordinates": [ -122.387589263710169, 37.748670376616978 ] } },
{ "type": "Feature", "properties": { "id": "g1761", "minutes": 32.0, "lon": -122.38531914681805, "lat": 37.748658559221511 }, "geometry": { "type": "Point", "coordinates": [ -122.385319146818048, 37.748658559221511 ] } },
{ "type": "Feature", "properties": { "id": "g1762", "minutes": 41.0, "lon": -122.3830490312551, "lat": 37.748646698106548 }, "geometry": { "type": "Point", "coordinates": [ -122.383049031255098, 37.748646698106548 ] } },
{ "type": "Feature", "properties": { "id": "g1763", "minutes": 40.0, "lon": -122.38077891702622, "lat": 37.748634793272167 }, "geometry": { "type": "Point", "coordinates": [ -122.38077891702622, 37.748634793272167 ] } },
{ "type": "Feature", "properties": { "id": "g1764", "minutes": 47.0, "lon": -122.37850880413636, "lat": 37.748622844718454 }, "geometry": { "type": "Point", "coordinates": [ -122.378508804136359, 37.748622844718454 ] } },
{ "type": "Feature", "properties": { "id": "g1777", "minutes": 59.0, "lon": -122.51016553125336, "lat": 37.751046181132551 }, "geometry": { "type": "Point", "coordinates": [ -122.510165531253364, 37.751046181132551 ] } },
{ "type": "Feature", "properties": { "id": "g1778", "minutes": 59.0, "lon": -122.50789529480745, "lat": 37.751036724088067 }, "geometry": { "type": "Point", "coordinates": [ -122.507895294807454, 37.751036724088067 ] } },
{ "type": "Feature", "properties": { "id": "g1779", "minutes": 54.0, "lon": -122.50562505942582, "lat": 37.751027223317436 }, "geometry": { "type": "Point", "coordinates": [ -122.505625059425824, 37.751027223317436 ] } },
{ "type": "Feature", "properties": { "id": "g1780", "minutes": 55.0, "lon": -122.50335482511333, "lat": 37.751017678820723 }, "geometry": { "type": "Point", "coordinates": [ -122.503354825113334, 37.751017678820723 ] } },
{ "type": "Feature", "properties": { "id": "g1781", "minutes": 56.0, "lon": -122.50108459187491, "lat": 37.751008090597985 }, "geometry": { "type": "Point", "coordinates": [ -122.501084591874914, 37.751008090597985 ] } },
{ "type": "Feature", "properties": { "id": "g1782", "minutes": 57.0, "lon": -122.49881435971547, "lat": 37.750998458649292 }, "geometry": { "type": "Point", "coordinates": [ -122.498814359715468, 37.750998458649292 ] } },
{ "type": "Feature", "properties": { "id": "g1783", "minutes": 56.0, "lon": -122.49654412863994, "lat": 37.750988782974709 }, "geometry": { "type": "Point", "coordinates": [ -122.49654412863994, 37.750988782974709 ] } },
{ "type": "Feature", "properties": { "id": "g1784", "minutes": 54.0, "lon": -122.49427389865318, "lat": 37.750979063574313 }, "geometry": { "type": "Point", "coordinates": [ -122.494273898653177, 37.750979063574313 ] } },
{ "type": "Feature", "properties": { "id": "g1785", "minutes": 53.0, "lon": -122.49200366976014, "lat": 37.750969300448126 }, "geometry": { "type": "Point", "coordinates": [ -122.492003669760138, 37.750969300448126 ] } },
{ "type": "Feature", "properties": { "id": "g1786", "minutes": 53.0, "lon": -122.48973344196571, "lat": 37.75095949359627 }, "geometry": { "type": "Point", "coordinates": [ -122.489733441965711, 37.75095949359627 ] } },
{ "type": "Feature", "properties": { "id": "g1787", "minutes": 51.0, "lon": -122.48746321527479, "lat": 37.750949643018764 }, "geometry": { "type": "Point", "coordinates": [ -122.487463215274786, 37.750949643018764 ] } },
{ "type": "Feature", "properties": { "id": "g1788", "minutes": 51.0, "lon": -122.48519298969229, "lat": 37.750939748715702 }, "geometry": { "type": "Point", "coordinates": [ -122.485192989692294, 37.750939748715702 ] } },
{ "type": "Feature", "properties": { "id": "g1789", "minutes": 51.0, "lon": -122.48292276522315, "lat": 37.750929810687126 }, "geometry": { "type": "Point", "coordinates": [ -122.482922765223151, 37.750929810687126 ] } },
{ "type": "Feature", "properties": { "id": "g1790", "minutes": 50.0, "lon": -122.48065254187227, "lat": 37.750919828933128 }, "geometry": { "type": "Point", "coordinates": [ -122.480652541872274, 37.750919828933128 ] } },
{ "type": "Feature", "properties": { "id": "g1791", "minutes": 50.0, "lon": -122.47838231964452, "lat": 37.750909803453752 }, "geometry": { "type": "Point", "coordinates": [ -122.478382319644524, 37.750909803453752 ] } },
{ "type": "Feature", "properties": { "id": "g1792", "minutes": 46.0, "lon": -122.47611209854486, "lat": 37.750899734249089 }, "geometry": { "type": "Point", "coordinates": [ -122.47611209854486, 37.750899734249089 ] } },
{ "type": "Feature", "properties": { "id": "g1793", "minutes": 47.0, "lon": -122.47384187857817, "lat": 37.750889621319175 }, "geometry": { "type": "Point", "coordinates": [ -122.47384187857817, 37.750889621319175 ] } },
{ "type": "Feature", "properties": { "id": "g1794", "minutes": 47.0, "lon": -122.47157165974937, "lat": 37.750879464664095 }, "geometry": { "type": "Point", "coordinates": [ -122.471571659749372, 37.750879464664095 ] } },
{ "type": "Feature", "properties": { "id": "g1795", "minutes": 44.0, "lon": -122.46930144206334, "lat": 37.750869264283914 }, "geometry": { "type": "Point", "coordinates": [ -122.46930144206334, 37.750869264283914 ] } },
{ "type": "Feature", "properties": { "id": "g1796", "minutes": 40.0, "lon": -122.46703122552502, "lat": 37.750859020178709 }, "geometry": { "type": "Point", "coordinates": [ -122.46703122552502, 37.750859020178709 ] } },
{ "type": "Feature", "properties": { "id": "g1797", "minutes": 37.0, "lon": -122.46476101013931, "lat": 37.750848732348537 }, "geometry": { "type": "Point", "coordinates": [ -122.464761010139313, 37.750848732348537 ] } },
{ "type": "Feature", "properties": { "id": "g1798", "minutes": 34.0, "lon": -122.46249079591112, "lat": 37.750838400793484 }, "geometry": { "type": "Point", "coordinates": [ -122.462490795911123, 37.750838400793484 ] } },
{ "type": "Feature", "properties": { "id": "g1799", "minutes": 33.0, "lon": -122.46022058284534, "lat": 37.750828025513577 }, "geometry": { "type": "Point", "coordinates": [ -122.460220582845338, 37.750828025513577 ] } },
{ "type": "Feature", "properties": { "id": "g1800", "minutes": 38.0, "lon": -122.45795037094692, "lat": 37.750817606508932 }, "geometry": { "type": "Point", "coordinates": [ -122.457950370946918, 37.750817606508932 ] } },
{ "type": "Feature", "properties": { "id": "g1801", "minutes": 41.0, "lon": -122.45568016022072, "lat": 37.750807143779589 }, "geometry": { "type": "Point", "coordinates": [ -122.455680160220723, 37.750807143779589 ] } },
{ "type": "Feature", "properties": { "id": "g1802", "minutes": 44.0, "lon": -122.4534099506717, "lat": 37.750796637325635 }, "geometry": { "type": "Point", "coordinates": [ -122.453409950671698, 37.750796637325635 ] } },
{ "type": "Feature", "properties": { "id": "g1803", "minutes": 43.0, "lon": -122.45113974230472, "lat": 37.750786087147141 }, "geometry": { "type": "Point", "coordinates": [ -122.451139742304719, 37.750786087147141 ] } },
{ "type": "Feature", "properties": { "id": "g1804", "minutes": 44.0, "lon": -122.44886953512471, "lat": 37.750775493244149 }, "geometry": { "type": "Point", "coordinates": [ -122.448869535124715, 37.750775493244149 ] } },
{ "type": "Feature", "properties": { "id": "g1805", "minutes": 41.0, "lon": -122.44659932913657, "lat": 37.750764855616751 }, "geometry": { "type": "Point", "coordinates": [ -122.446599329136575, 37.750764855616751 ] } },
{ "type": "Feature", "properties": { "id": "g1806", "minutes": 37.0, "lon": -122.44432912434524, "lat": 37.750754174265026 }, "geometry": { "type": "Point", "coordinates": [ -122.444329124345245, 37.750754174265026 ] } },
{ "type": "Feature", "properties": { "id": "g1807", "minutes": 39.0, "lon": -122.44205892075558, "lat": 37.750743449189038 }, "geometry": { "type": "Point", "coordinates": [ -122.442058920755585, 37.750743449189038 ] } },
{ "type": "Feature", "properties": { "id": "g1808", "minutes": 38.0, "lon": -122.43978871837254, "lat": 37.75073268038885 }, "geometry": { "type": "Point", "coordinates": [ -122.43978871837254, 37.75073268038885 ] } },
{ "type": "Feature", "properties": { "id": "g1809", "minutes": 36.0, "lon": -122.43751851720101, "lat": 37.750721867864527 }, "geometry": { "type": "Point", "coordinates": [ -122.437518517201013, 37.750721867864527 ] } },
{ "type": "Feature", "properties": { "id": "g1810", "minutes": 35.0, "lon": -122.43524831724588, "lat": 37.750711011616168 }, "geometry": { "type": "Point", "coordinates": [ -122.435248317245879, 37.750711011616168 ] } },
{ "type": "Feature", "properties": { "id": "g1811", "minutes": 34.0, "lon": -122.43297811851208, "lat": 37.75070011164383 }, "geometry": { "type": "Point", "coordinates": [ -122.432978118512082, 37.75070011164383 ] } },
{ "type": "Feature", "properties": { "id": "g1812", "minutes": 36.0, "lon": -122.43070792100453, "lat": 37.750689167947577 }, "geometry": { "type": "Point", "coordinates": [ -122.430707921004526, 37.750689167947577 ] } },
{ "type": "Feature", "properties": { "id": "g1813", "minutes": 35.0, "lon": -122.42843772472813, "lat": 37.750678180527494 }, "geometry": { "type": "Point", "coordinates": [ -122.428437724728127, 37.750678180527494 ] } },
{ "type": "Feature", "properties": { "id": "g1814", "minutes": 33.0, "lon": -122.42616752968777, "lat": 37.750667149383652 }, "geometry": { "type": "Point", "coordinates": [ -122.426167529687774, 37.750667149383652 ] } },
{ "type": "Feature", "properties": { "id": "g1815", "minutes": 30.0, "lon": -122.42389733588838, "lat": 37.750656074516129 }, "geometry": { "type": "Point", "coordinates": [ -122.423897335888384, 37.750656074516129 ] } },
{ "type": "Feature", "properties": { "id": "g1816", "minutes": 27.0, "lon": -122.42162714333486, "lat": 37.750644955924983 }, "geometry": { "type": "Point", "coordinates": [ -122.42162714333486, 37.750644955924983 ] } },
{ "type": "Feature", "properties": { "id": "g1817", "minutes": 24.0, "lon": -122.41935695203212, "lat": 37.750633793610298 }, "geometry": { "type": "Point", "coordinates": [ -122.419356952032118, 37.750633793610298 ] } },
{ "type": "Feature", "properties": { "id": "g1818", "minutes": 25.0, "lon": -122.41708676198505, "lat": 37.750622587572153 }, "geometry": { "type": "Point", "coordinates": [ -122.417086761985047, 37.750622587572153 ] } },
{ "type": "Feature", "properties": { "id": "g1819", "minutes": 28.0, "lon": -122.41481657319858, "lat": 37.750611337810611 }, "geometry": { "type": "Point", "coordinates": [ -122.414816573198578, 37.750611337810611 ] } },
{ "type": "Feature", "properties": { "id": "g1820", "minutes": 32.0, "lon": -122.4125463856776, "lat": 37.750600044325765 }, "geometry": { "type": "Point", "coordinates": [ -122.412546385677601, 37.750600044325765 ] } },
{ "type": "Feature", "properties": { "id": "g1821", "minutes": 35.0, "lon": -122.41027619942706, "lat": 37.750588707117672 }, "geometry": { "type": "Point", "coordinates": [ -122.410276199427059, 37.750588707117672 ] } },
{ "type": "Feature", "properties": { "id": "g1822", "minutes": 36.0, "lon": -122.4080060144518, "lat": 37.750577326186416 }, "geometry": { "type": "Point", "coordinates": [ -122.4080060144518, 37.750577326186416 ] } },
{ "type": "Feature", "properties": { "id": "g1823", "minutes": 37.0, "lon": -122.40573583075681, "lat": 37.75056590153207 }, "geometry": { "type": "Point", "coordinates": [ -122.405735830756811, 37.75056590153207 ] } },
{ "type": "Feature", "properties": { "id": "g1824", "minutes": 40.0, "lon": -122.40346564834692, "lat": 37.750554433154704 }, "geometry": { "type": "Point", "coordinates": [ -122.403465648346923, 37.750554433154704 ] } },
{ "type": "Feature", "properties": { "id": "g1825", "minutes": 36.0, "lon": -122.40119546722708, "lat": 37.750542921054418 }, "geometry": { "type": "Point", "coordinates": [ -122.401195467227083, 37.750542921054418 ] } },
{ "type": "Feature", "properties": { "id": "g1826", "minutes": 44.0, "lon": -122.39892528740222, "lat": 37.750531365231254 }, "geometry": { "type": "Point", "coordinates": [ -122.398925287402221, 37.750531365231254 ] } },
{ "type": "Feature", "properties": { "id": "g1827", "minutes": 40.0, "lon": -122.39665510887718, "lat": 37.750519765685318 }, "geometry": { "type": "Point", "coordinates": [ -122.396655108877184, 37.750519765685318 ] } },
{ "type": "Feature", "properties": { "id": "g1828", "minutes": 41.0, "lon": -122.39438493165693, "lat": 37.750508122416662 }, "geometry": { "type": "Point", "coordinates": [ -122.39438493165693, 37.750508122416662 ] } },
{ "type": "Feature", "properties": { "id": "g1829", "minutes": 37.0, "lon": -122.39211475574636, "lat": 37.75049643542539 }, "geometry": { "type": "Point", "coordinates": [ -122.392114755746363, 37.75049643542539 ] } },
{ "type": "Feature", "properties": { "id": "g1830", "minutes": 34.0, "lon": -122.38984458115036, "lat": 37.75048470471156 }, "geometry": { "type": "Point", "coordinates": [ -122.389844581150356, 37.75048470471156 ] } },
{ "type": "Feature", "properties": { "id": "g1831", "minutes": 31.0, "lon": -122.38757440787387, "lat": 37.750472930275272 }, "geometry": { "type": "Point", "coordinates": [ -122.387574407873871, 37.750472930275272 ] } },
{ "type": "Feature", "properties": { "id": "g1832", "minutes": 34.0, "lon": -122.38530423592174, "lat": 37.750461112116575 }, "geometry": { "type": "Point", "coordinates": [ -122.385304235921737, 37.750461112116575 ] } },
{ "type": "Feature", "properties": { "id": "g1833", "minutes": 37.0, "lon": -122.38303406529896, "lat": 37.750449250235562 }, "geometry": { "type": "Point", "coordinates": [ -122.383034065298958, 37.750449250235562 ] } },
{ "type": "Feature", "properties": { "id": "g1834", "minutes": 39.0, "lon": -122.38076389601038, "lat": 37.750437344632317 }, "geometry": { "type": "Point", "coordinates": [ -122.380763896010379, 37.750437344632317 ] } },
{ "type": "Feature", "properties": { "id": "g1835", "minutes": 39.0, "lon": -122.37849372806092, "lat": 37.750425395306905 }, "geometry": { "type": "Point", "coordinates": [ -122.378493728060917, 37.750425395306905 ] } },
{ "type": "Feature", "properties": { "id": "g1847", "minutes": 57.0, "lon": -122.51242394034664, "lat": 37.752858185182227 }, "geometry": { "type": "Point", "coordinates": [ -122.512423940346636, 37.752858185182227 ] } },
{ "type": "Feature", "properties": { "id": "g1848", "minutes": 57.0, "lon": -122.51015364777032, "lat": 37.752848771255998 }, "geometry": { "type": "Point", "coordinates": [ -122.510153647770323, 37.752848771255998 ] } },
{ "type": "Feature", "properties": { "id": "g1849", "minutes": 56.0, "lon": -122.50788335625343, "lat": 37.752839313600738 }, "geometry": { "type": "Point", "coordinates": [ -122.50788335625343, 37.752839313600738 ] } },
{ "type": "Feature", "properties": { "id": "g1850", "minutes": 53.0, "lon": -122.50561306580089, "lat": 37.752829812216504 }, "geometry": { "type": "Point", "coordinates": [ -122.505613065800887, 37.752829812216504 ] } },
{ "type": "Feature", "properties": { "id": "g1851", "minutes": 54.0, "lon": -122.50334277641761, "lat": 37.75282026710336 }, "geometry": { "type": "Point", "coordinates": [ -122.503342776417611, 37.75282026710336 ] } },
{ "type": "Feature", "properties": { "id": "g1852", "minutes": 55.0, "lon": -122.50107248810851, "lat": 37.752810678261376 }, "geometry": { "type": "Point", "coordinates": [ -122.501072488108505, 37.752810678261376 ] } },
{ "type": "Feature", "properties": { "id": "g1853", "minutes": 56.0, "lon": -122.4988022008785, "lat": 37.752801045690617 }, "geometry": { "type": "Point", "coordinates": [ -122.498802200878501, 37.752801045690617 ] } },
{ "type": "Feature", "properties": { "id": "g1854", "minutes": 55.0, "lon": -122.49653191473247, "lat": 37.752791369391133 }, "geometry": { "type": "Point", "coordinates": [ -122.496531914732472, 37.752791369391133 ] } },
{ "type": "Feature", "properties": { "id": "g1855", "minutes": 54.0, "lon": -122.49426162967535, "lat": 37.752781649363001 }, "geometry": { "type": "Point", "coordinates": [ -122.49426162967535, 37.752781649363001 ] } },
{ "type": "Feature", "properties": { "id": "g1856", "minutes": 54.0, "lon": -122.49199134571202, "lat": 37.752771885606279 }, "geometry": { "type": "Point", "coordinates": [ -122.491991345712023, 37.752771885606279 ] } },
{ "type": "Feature", "properties": { "id": "g1857", "minutes": 52.0, "lon": -122.48972106284741, "lat": 37.752762078121052 }, "geometry": { "type": "Point", "coordinates": [ -122.489721062847408, 37.752762078121052 ] } },
{ "type": "Feature", "properties": { "id": "g1858", "minutes": 52.0, "lon": -122.48745078108642, "lat": 37.752752226907354 }, "geometry": { "type": "Point", "coordinates": [ -122.487450781086423, 37.752752226907354 ] } },
{ "type": "Feature", "properties": { "id": "g1859", "minutes": 54.0, "lon": -122.48518050043398, "lat": 37.752742331965273 }, "geometry": { "type": "Point", "coordinates": [ -122.485180500433984, 37.752742331965273 ] } },
{ "type": "Feature", "properties": { "id": "g1860", "minutes": 51.0, "lon": -122.48291022089499, "lat": 37.752732393294856 }, "geometry": { "type": "Point", "coordinates": [ -122.482910220894993, 37.752732393294856 ] } },
{ "type": "Feature", "properties": { "id": "g1861", "minutes": 50.0, "lon": -122.48063994247435, "lat": 37.752722410896197 }, "geometry": { "type": "Point", "coordinates": [ -122.480639942474355, 37.752722410896197 ] } },
{ "type": "Feature", "properties": { "id": "g1862", "minutes": 50.0, "lon": -122.47836966517698, "lat": 37.752712384769332 }, "geometry": { "type": "Point", "coordinates": [ -122.478369665176984, 37.752712384769332 ] } },
{ "type": "Feature", "properties": { "id": "g1863", "minutes": 47.0, "lon": -122.47609938900777, "lat": 37.752702314914352 }, "geometry": { "type": "Point", "coordinates": [ -122.476099389007771, 37.752702314914352 ] } },
{ "type": "Feature", "properties": { "id": "g1864", "minutes": 48.0, "lon": -122.47382911397166, "lat": 37.7526922013313 }, "geometry": { "type": "Point", "coordinates": [ -122.473829113971661, 37.7526922013313 ] } },
{ "type": "Feature", "properties": { "id": "g1865", "minutes": 49.0, "lon": -122.47155884007351, "lat": 37.752682044020261 }, "geometry": { "type": "Point", "coordinates": [ -122.471558840073513, 37.752682044020261 ] } },
{ "type": "Feature", "properties": { "id": "g1866", "minutes": 49.0, "lon": -122.46928856731829, "lat": 37.7526718429813 }, "geometry": { "type": "Point", "coordinates": [ -122.469288567318287, 37.7526718429813 ] } },
{ "type": "Feature", "properties": { "id": "g1867", "minutes": 42.0, "lon": -122.46701829571086, "lat": 37.752661598214488 }, "geometry": { "type": "Point", "coordinates": [ -122.467018295710858, 37.752661598214488 ] } },
{ "type": "Feature", "properties": { "id": "g1868", "minutes": 39.0, "lon": -122.46474802525616, "lat": 37.752651309719887 }, "geometry": { "type": "Point", "coordinates": [ -122.464748025256156, 37.752651309719887 ] } },
{ "type": "Feature", "properties": { "id": "g1869", "minutes": 34.0, "lon": -122.46247775595909, "lat": 37.752640977497556 }, "geometry": { "type": "Point", "coordinates": [ -122.462477755959085, 37.752640977497556 ] } },
{ "type": "Feature", "properties": { "id": "g1870", "minutes": 34.0, "lon": -122.46020748782455, "lat": 37.752630601547594 }, "geometry": { "type": "Point", "coordinates": [ -122.460207487824547, 37.752630601547594 ] } },
{ "type": "Feature", "properties": { "id": "g1871", "minutes": 43.0, "lon": -122.45793722085745, "lat": 37.752620181870043 }, "geometry": { "type": "Point", "coordinates": [ -122.457937220857445, 37.752620181870043 ] } },
{ "type": "Feature", "properties": { "id": "g1872", "minutes": 41.0, "lon": -122.45566695506268, "lat": 37.752609718464981 }, "geometry": { "type": "Point", "coordinates": [ -122.455666955062682, 37.752609718464981 ] } },
{ "type": "Feature", "properties": { "id": "g1873", "minutes": 45.0, "lon": -122.45339669044523, "lat": 37.752599211332466 }, "geometry": { "type": "Point", "coordinates": [ -122.453396690445231, 37.752599211332466 ] } },
{ "type": "Feature", "properties": { "id": "g1874", "minutes": 45.0, "lon": -122.45112642700991, "lat": 37.752588660472597 }, "geometry": { "type": "Point", "coordinates": [ -122.45112642700991, 37.752588660472597 ] } },
{ "type": "Feature", "properties": { "id": "g1875", "minutes": 47.0, "lon": -122.44885616476168, "lat": 37.752578065885409 }, "geometry": { "type": "Point", "coordinates": [ -122.448856164761679, 37.752578065885409 ] } },
{ "type": "Feature", "properties": { "id": "g1876", "minutes": 43.0, "lon": -122.44658590370545, "lat": 37.752567427571002 }, "geometry": { "type": "Point", "coordinates": [ -122.446585903705454, 37.752567427571002 ] } },
{ "type": "Feature", "properties": { "id": "g1877", "minutes": 40.0, "lon": -122.44431564384612, "lat": 37.752556745529425 }, "geometry": { "type": "Point", "coordinates": [ -122.444315643846124, 37.752556745529425 ] } },
{ "type": "Feature", "properties": { "id": "g1878", "minutes": 39.0, "lon": -122.44204538518859, "lat": 37.752546019760764 }, "geometry": { "type": "Point", "coordinates": [ -122.442045385188592, 37.752546019760764 ] } },
{ "type": "Feature", "properties": { "id": "g1879", "minutes": 38.0, "lon": -122.43977512773779, "lat": 37.752535250265069 }, "geometry": { "type": "Point", "coordinates": [ -122.439775127737789, 37.752535250265069 ] } },
{ "type": "Feature", "properties": { "id": "g1880", "minutes": 35.0, "lon": -122.43750487149859, "lat": 37.752524437042446 }, "geometry": { "type": "Point", "coordinates": [ -122.437504871498589, 37.752524437042446 ] } },
{ "type": "Feature", "properties": { "id": "g1881", "minutes": 33.0, "lon": -122.43523461647595, "lat": 37.752513580092945 }, "geometry": { "type": "Point", "coordinates": [ -122.435234616475952, 37.752513580092945 ] } },
{ "type": "Feature", "properties": { "id": "g1882", "minutes": 33.0, "lon": -122.43296436267474, "lat": 37.752502679416644 }, "geometry": { "type": "Point", "coordinates": [ -122.432964362674738, 37.752502679416644 ] } },
{ "type": "Feature", "properties": { "id": "g1883", "minutes": 36.0, "lon": -122.43069411009988, "lat": 37.752491735013606 }, "geometry": { "type": "Point", "coordinates": [ -122.430694110099878, 37.752491735013606 ] } },
{ "type": "Feature", "properties": { "id": "g1884", "minutes": 34.0, "lon": -122.42842385875629, "lat": 37.752480746883911 }, "geometry": { "type": "Point", "coordinates": [ -122.42842385875629, 37.752480746883911 ] } },
{ "type": "Feature", "properties": { "id": "g1885", "minutes": 32.0, "lon": -122.42615360864886, "lat": 37.752469715027637 }, "geometry": { "type": "Point", "coordinates": [ -122.42615360864886, 37.752469715027637 ] } },
{ "type": "Feature", "properties": { "id": "g1886", "minutes": 29.0, "lon": -122.42388335978252, "lat": 37.752458639444853 }, "geometry": { "type": "Point", "coordinates": [ -122.423883359782522, 37.752458639444853 ] } },
{ "type": "Feature", "properties": { "id": "g1887", "minutes": 25.0, "lon": -122.42161311216215, "lat": 37.752447520135618 }, "geometry": { "type": "Point", "coordinates": [ -122.421613112162149, 37.752447520135618 ] } },
{ "type": "Feature", "properties": { "id": "g1888", "minutes": 22.0, "lon": -122.4193428657927, "lat": 37.752436357100045 }, "geometry": { "type": "Point", "coordinates": [ -122.4193428657927, 37.752436357100045 ] } },
{ "type": "Feature", "properties": { "id": "g1889", "minutes": 22.0, "lon": -122.41707262067904, "lat": 37.752425150338169 }, "geometry": { "type": "Point", "coordinates": [ -122.417072620679036, 37.752425150338169 ] } },
{ "type": "Feature", "properties": { "id": "g1890", "minutes": 25.0, "lon": -122.41480237682609, "lat": 37.752413899850083 }, "geometry": { "type": "Point", "coordinates": [ -122.414802376826088, 37.752413899850083 ] } },
{ "type": "Feature", "properties": { "id": "g1891", "minutes": 29.0, "lon": -122.41253213423877, "lat": 37.752402605635851 }, "geometry": { "type": "Point", "coordinates": [ -122.412532134238774, 37.752402605635851 ] } },
{ "type": "Feature", "properties": { "id": "g1892", "minutes": 33.0, "lon": -122.41026189292198, "lat": 37.752391267695558 }, "geometry": { "type": "Point", "coordinates": [ -122.41026189292198, 37.752391267695558 ] } },
{ "type": "Feature", "properties": { "id": "g1893", "minutes": 34.0, "lon": -122.40799165288061, "lat": 37.752379886029281 }, "geometry": { "type": "Point", "coordinates": [ -122.407991652880611, 37.752379886029281 ] } },
{ "type": "Feature", "properties": { "id": "g1894", "minutes": 35.0, "lon": -122.40572141411961, "lat": 37.752368460637086 }, "geometry": { "type": "Point", "coordinates": [ -122.405721414119611, 37.752368460637086 ] } },
{ "type": "Feature", "properties": { "id": "g1895", "minutes": 38.0, "lon": -122.40345117664386, "lat": 37.752356991519058 }, "geometry": { "type": "Point", "coordinates": [ -122.403451176643856, 37.752356991519058 ] } },
{ "type": "Feature", "properties": { "id": "g1896", "minutes": 36.0, "lon": -122.40118094045829, "lat": 37.752345478675259 }, "geometry": { "type": "Point", "coordinates": [ -122.401180940458289, 37.752345478675259 ] } },
{ "type": "Feature", "properties": { "id": "g1897", "minutes": 39.0, "lon": -122.39891070556777, "lat": 37.752333922105798 }, "geometry": { "type": "Point", "coordinates": [ -122.398910705567772, 37.752333922105798 ] } },
{ "type": "Feature", "properties": { "id": "g1898", "minutes": 37.0, "lon": -122.39664047197726, "lat": 37.752322321810709 }, "geometry": { "type": "Point", "coordinates": [ -122.396640471977264, 37.752322321810709 ] } },
{ "type": "Feature", "properties": { "id": "g1899", "minutes": 38.0, "lon": -122.39437023969161, "lat": 37.752310677790099 }, "geometry": { "type": "Point", "coordinates": [ -122.394370239691611, 37.752310677790099 ] } },
{ "type": "Feature", "properties": { "id": "g1900", "minutes": 38.0, "lon": -122.39210000871579, "lat": 37.752298990044039 }, "geometry": { "type": "Point", "coordinates": [ -122.392100008715786, 37.752298990044039 ] } },
{ "type": "Feature", "properties": { "id": "g1901", "minutes": 37.0, "lon": -122.38982977905466, "lat": 37.752287258572601 }, "geometry": { "type": "Point", "coordinates": [ -122.389829779054665, 37.752287258572601 ] } },
{ "type": "Feature", "properties": { "id": "g1902", "minutes": 35.0, "lon": -122.38755955071314, "lat": 37.752275483375861 }, "geometry": { "type": "Point", "coordinates": [ -122.387559550713135, 37.752275483375861 ] } },
{ "type": "Feature", "properties": { "id": "g1903", "minutes": 38.0, "lon": -122.38528932369616, "lat": 37.75226366445392 }, "geometry": { "type": "Point", "coordinates": [ -122.385289323696156, 37.75226366445392 ] } },
{ "type": "Feature", "properties": { "id": "g1904", "minutes": 39.0, "lon": -122.38301909800862, "lat": 37.752251801806821 }, "geometry": { "type": "Point", "coordinates": [ -122.383019098008617, 37.752251801806821 ] } },
{ "type": "Feature", "properties": { "id": "g1905", "minutes": 39.0, "lon": -122.38074887365539, "lat": 37.75223989543467 }, "geometry": { "type": "Point", "coordinates": [ -122.380748873655392, 37.75223989543467 ] } },
{ "type": "Feature", "properties": { "id": "g1906", "minutes": 39.0, "lon": -122.37847865064143, "lat": 37.752227945337538 }, "geometry": { "type": "Point", "coordinates": [ -122.378478650641426, 37.752227945337538 ] } },
{ "type": "Feature", "properties": { "id": "g1907", "minutes": 39.0, "lon": -122.37620842897162, "lat": 37.752215951515502 }, "geometry": { "type": "Point", "coordinates": [ -122.376208428971623, 37.752215951515502 ] } },
{ "type": "Feature", "properties": { "id": "g1918", "minutes": 61.0, "lon": -122.51241211088015, "lat": 37.754660775357749 }, "geometry": { "type": "Point", "coordinates": [ -122.512412110880149, 37.754660775357749 ] } },
{ "type": "Feature", "properties": { "id": "g1919", "minutes": 60.0, "lon": -122.51014176322782, "lat": 37.754651360823537 }, "geometry": { "type": "Point", "coordinates": [ -122.510141763227821, 37.754651360823537 ] } },
{ "type": "Feature", "properties": { "id": "g1920", "minutes": 58.0, "lon": -122.50787141663503, "lat": 37.754641902557459 }, "geometry": { "type": "Point", "coordinates": [ -122.507871416635027, 37.754641902557459 ] } },
{ "type": "Feature", "properties": { "id": "g1921", "minutes": 54.0, "lon": -122.5056010711067, "lat": 37.754632400559593 }, "geometry": { "type": "Point", "coordinates": [ -122.505601071106696, 37.754632400559593 ] } },
{ "type": "Feature", "properties": { "id": "g1922", "minutes": 56.0, "lon": -122.50333072664775, "lat": 37.754622854829996 }, "geometry": { "type": "Point", "coordinates": [ -122.503330726647746, 37.754622854829996 ] } },
{ "type": "Feature", "properties": { "id": "g1923", "minutes": 57.0, "lon": -122.50106038326302, "lat": 37.754613265368732 }, "geometry": { "type": "Point", "coordinates": [ -122.501060383263024, 37.754613265368732 ] } },
{ "type": "Feature", "properties": { "id": "g1924", "minutes": 57.0, "lon": -122.49879004095752, "lat": 37.754603632175865 }, "geometry": { "type": "Point", "coordinates": [ -122.498790040957516, 37.754603632175865 ] } },
{ "type": "Feature", "properties": { "id": "g1925", "minutes": 56.0, "lon": -122.49651969973608, "lat": 37.754593955251451 }, "geometry": { "type": "Point", "coordinates": [ -122.496519699736083, 37.754593955251451 ] } },
{ "type": "Feature", "properties": { "id": "g1926", "minutes": 56.0, "lon": -122.49424935960369, "lat": 37.754584234595569 }, "geometry": { "type": "Point", "coordinates": [ -122.494249359603685, 37.754584234595569 ] } },
{ "type": "Feature", "properties": { "id": "g1927", "minutes": 55.0, "lon": -122.49197902056518, "lat": 37.75457447020829 }, "geometry": { "type": "Point", "coordinates": [ -122.491979020565182, 37.75457447020829 ] } },
{ "type": "Feature", "properties": { "id": "g1928", "minutes": 54.0, "lon": -122.48970868262549, "lat": 37.754564662089642 }, "geometry": { "type": "Point", "coordinates": [ -122.489708682625491, 37.754564662089642 ] } },
{ "type": "Feature", "properties": { "id": "g1929", "minutes": 53.0, "lon": -122.48743834578953, "lat": 37.754554810239732 }, "geometry": { "type": "Point", "coordinates": [ -122.487438345789528, 37.754554810239732 ] } },
{ "type": "Feature", "properties": { "id": "g1930", "minutes": 53.0, "lon": -122.48516801006222, "lat": 37.754544914658595 }, "geometry": { "type": "Point", "coordinates": [ -122.485168010062225, 37.754544914658595 ] } },
{ "type": "Feature", "properties": { "id": "g1931", "minutes": 51.0, "lon": -122.48289767544847, "lat": 37.75453497534631 }, "geometry": { "type": "Point", "coordinates": [ -122.48289767544847, 37.75453497534631 ] } },
{ "type": "Feature", "properties": { "id": "g1932", "minutes": 50.0, "lon": -122.48062734195317, "lat": 37.754524992302947 }, "geometry": { "type": "Point", "coordinates": [ -122.480627341953166, 37.754524992302947 ] } },
{ "type": "Feature", "properties": { "id": "g1933", "minutes": 51.0, "lon": -122.47835700958123, "lat": 37.754514965528571 }, "geometry": { "type": "Point", "coordinates": [ -122.478357009581231, 37.754514965528571 ] } },
{ "type": "Feature", "properties": { "id": "g1934", "minutes": 48.0, "lon": -122.47608667833759, "lat": 37.754504895023246 }, "geometry": { "type": "Point", "coordinates": [ -122.476086678337595, 37.754504895023246 ] } },
{ "type": "Feature", "properties": { "id": "g1935", "minutes": 49.0, "lon": -122.47381634822715, "lat": 37.75449478078702 }, "geometry": { "type": "Point", "coordinates": [ -122.473816348227146, 37.75449478078702 ] } },
{ "type": "Feature", "properties": { "id": "g1936", "minutes": 52.0, "lon": -122.47154601925477, "lat": 37.754484622819994 }, "geometry": { "type": "Point", "coordinates": [ -122.471546019254774, 37.754484622819994 ] } },
{ "type": "Feature", "properties": { "id": "g1937", "minutes": 49.0, "lon": -122.46927569142541, "lat": 37.754474421122225 }, "geometry": { "type": "Point", "coordinates": [ -122.469275691425409, 37.754474421122225 ] } },
{ "type": "Feature", "properties": { "id": "g1938", "minutes": 43.0, "lon": -122.46700536474398, "lat": 37.754464175693776 }, "geometry": { "type": "Point", "coordinates": [ -122.467005364743983, 37.754464175693776 ] } },
{ "type": "Feature", "properties": { "id": "g1939", "minutes": 42.0, "lon": -122.46473503921536, "lat": 37.754453886534705 }, "geometry": { "type": "Point", "coordinates": [ -122.464735039215356, 37.754453886534705 ] } },
{ "type": "Feature", "properties": { "id": "g1940", "minutes": 44.0, "lon": -122.46246471484449, "lat": 37.754443553645103 }, "geometry": { "type": "Point", "coordinates": [ -122.462464714844486, 37.754443553645103 ] } },
{ "type": "Feature", "properties": { "id": "g1941", "minutes": 46.0, "lon": -122.46019439163628, "lat": 37.754433177025014 }, "geometry": { "type": "Point", "coordinates": [ -122.460194391636279, 37.754433177025014 ] } },
{ "type": "Feature", "properties": { "id": "g1942", "minutes": 46.0, "lon": -122.45792406959561, "lat": 37.754422756674522 }, "geometry": { "type": "Point", "coordinates": [ -122.457924069595606, 37.754422756674522 ] } },
{ "type": "Feature", "properties": { "id": "g1943", "minutes": 47.0, "lon": -122.45565374872741, "lat": 37.754412292593699 }, "geometry": { "type": "Point", "coordinates": [ -122.455653748727414, 37.754412292593699 ] } },
{ "type": "Feature", "properties": { "id": "g1944", "minutes": 55.0, "lon": -122.45338342903656, "lat": 37.754401784782608 }, "geometry": { "type": "Point", "coordinates": [ -122.453383429036563, 37.754401784782608 ] } },
{ "type": "Feature", "properties": { "id": "g1945", "minutes": 45.0, "lon": -122.45111311052803, "lat": 37.754391233241329 }, "geometry": { "type": "Point", "coordinates": [ -122.451113110528027, 37.754391233241329 ] } },
{ "type": "Feature", "properties": { "id": "g1946", "minutes": 46.0, "lon": -122.44884279320667, "lat": 37.754380637969916 }, "geometry": { "type": "Point", "coordinates": [ -122.448842793206666, 37.754380637969916 ] } },
{ "type": "Feature", "properties": { "id": "g1947", "minutes": 47.0, "lon": -122.44657247707742, "lat": 37.75436999896845 }, "geometry": { "type": "Point", "coordinates": [ -122.446572477077424, 37.75436999896845 ] } },
{ "type": "Feature", "properties": { "id": "g1948", "minutes": 40.0, "lon": -122.44430216214519, "lat": 37.754359316237 }, "geometry": { "type": "Point", "coordinates": [ -122.444302162145192, 37.754359316237 ] } },
{ "type": "Feature", "properties": { "id": "g1949", "minutes": 40.0, "lon": -122.44203184841487, "lat": 37.754348589775631 }, "geometry": { "type": "Point", "coordinates": [ -122.442031848414871, 37.754348589775631 ] } },
{ "type": "Feature", "properties": { "id": "g1950", "minutes": 37.0, "lon": -122.43976153589139, "lat": 37.754337819584428 }, "geometry": { "type": "Point", "coordinates": [ -122.439761535891392, 37.754337819584428 ] } },
{ "type": "Feature", "properties": { "id": "g1951", "minutes": 34.0, "lon": -122.43749122457965, "lat": 37.754327005663455 }, "geometry": { "type": "Point", "coordinates": [ -122.437491224579645, 37.754327005663455 ] } },
{ "type": "Feature", "properties": { "id": "g1952", "minutes": 33.0, "lon": -122.43522091448456, "lat": 37.754316148012769 }, "geometry": { "type": "Point", "coordinates": [ -122.43522091448456, 37.754316148012769 ] } },
{ "type": "Feature", "properties": { "id": "g1953", "minutes": 34.0, "lon": -122.43295060561103, "lat": 37.754305246632477 }, "geometry": { "type": "Point", "coordinates": [ -122.432950605611026, 37.754305246632477 ] } },
{ "type": "Feature", "properties": { "id": "g1954", "minutes": 36.0, "lon": -122.43068029796396, "lat": 37.754294301522613 }, "geometry": { "type": "Point", "coordinates": [ -122.43068029796396, 37.754294301522613 ] } },
{ "type": "Feature", "properties": { "id": "g1955", "minutes": 36.0, "lon": -122.42840999154826, "lat": 37.754283312683292 }, "geometry": { "type": "Point", "coordinates": [ -122.428409991548264, 37.754283312683292 ] } },
{ "type": "Feature", "properties": { "id": "g1956", "minutes": 34.0, "lon": -122.42613968636886, "lat": 37.754272280114535 }, "geometry": { "type": "Point", "coordinates": [ -122.426139686368856, 37.754272280114535 ] } },
{ "type": "Feature", "properties": { "id": "g1957", "minutes": 31.0, "lon": -122.42386938243065, "lat": 37.754261203816455 }, "geometry": { "type": "Point", "coordinates": [ -122.423869382430652, 37.754261203816455 ] } },
{ "type": "Feature", "properties": { "id": "g1958", "minutes": 28.0, "lon": -122.42159907973854, "lat": 37.754250083789124 }, "geometry": { "type": "Point", "coordinates": [ -122.421599079738542, 37.754250083789124 ] } },
{ "type": "Feature", "properties": { "id": "g1959", "minutes": 25.0, "lon": -122.41932877829747, "lat": 37.754238920032599 }, "geometry": { "type": "Point", "coordinates": [ -122.419328778297469, 37.754238920032599 ] } },
{ "type": "Feature", "properties": { "id": "g1960", "minutes": 25.0, "lon": -122.41705847811231, "lat": 37.754227712546957 }, "geometry": { "type": "Point", "coordinates": [ -122.41705847811231, 37.754227712546957 ] } },
{ "type": "Feature", "properties": { "id": "g1961", "minutes": 28.0, "lon": -122.41478817918799, "lat": 37.754216461332277 }, "geometry": { "type": "Point", "coordinates": [ -122.414788179187994, 37.754216461332277 ] } },
{ "type": "Feature", "properties": { "id": "g1962", "minutes": 31.0, "lon": -122.4125178815294, "lat": 37.754205166388637 }, "geometry": { "type": "Point", "coordinates": [ -122.412517881529396, 37.754205166388637 ] } },
{ "type": "Feature", "properties": { "id": "g1963", "minutes": 35.0, "lon": -122.41024758514146, "lat": 37.754193827716115 }, "geometry": { "type": "Point", "coordinates": [ -122.410247585141462, 37.754193827716115 ] } },
{ "type": "Feature", "properties": { "id": "g1964", "minutes": 35.0, "lon": -122.40797729002909, "lat": 37.754182445314775 }, "geometry": { "type": "Point", "coordinates": [ -122.407977290029095, 37.754182445314775 ] } },
{ "type": "Feature", "properties": { "id": "g1965", "minutes": 35.0, "lon": -122.40570699619717, "lat": 37.754171019184703 }, "geometry": { "type": "Point", "coordinates": [ -122.405706996197168, 37.754171019184703 ] } },
{ "type": "Feature", "properties": { "id": "g1966", "minutes": 36.0, "lon": -122.40343670365064, "lat": 37.754159549325962 }, "geometry": { "type": "Point", "coordinates": [ -122.403436703650641, 37.754159549325962 ] } },
{ "type": "Feature", "properties": { "id": "g1967", "minutes": 36.0, "lon": -122.4011664123944, "lat": 37.754148035738645 }, "geometry": { "type": "Point", "coordinates": [ -122.401166412394403, 37.754148035738645 ] } },
{ "type": "Feature", "properties": { "id": "g1968", "minutes": 40.0, "lon": -122.39889612243337, "lat": 37.754136478422815 }, "geometry": { "type": "Point", "coordinates": [ -122.398896122433371, 37.754136478422815 ] } },
{ "type": "Feature", "properties": { "id": "g1969", "minutes": 42.0, "lon": -122.39662583377242, "lat": 37.754124877378558 }, "geometry": { "type": "Point", "coordinates": [ -122.396625833772418, 37.754124877378558 ] } },
{ "type": "Feature", "properties": { "id": "g1970", "minutes": 39.0, "lon": -122.39435554641651, "lat": 37.754113232605945 }, "geometry": { "type": "Point", "coordinates": [ -122.394355546416506, 37.754113232605945 ] } },
{ "type": "Feature", "properties": { "id": "g1971", "minutes": 40.0, "lon": -122.39208526037051, "lat": 37.754101544105069 }, "geometry": { "type": "Point", "coordinates": [ -122.392085260370507, 37.754101544105069 ] } },
{ "type": "Feature", "properties": { "id": "g1972", "minutes": 38.0, "lon": -122.38981497563934, "lat": 37.754089811875964 }, "geometry": { "type": "Point", "coordinates": [ -122.389814975639339, 37.754089811875964 ] } },
{ "type": "Feature", "properties": { "id": "g1973", "minutes": 36.0, "lon": -122.38754469222791, "lat": 37.754078035918774 }, "geometry": { "type": "Point", "coordinates": [ -122.387544692227905, 37.754078035918774 ] } },
{ "type": "Feature", "properties": { "id": "g1974", "minutes": 39.0, "lon": -122.38527441014114, "lat": 37.754066216233532 }, "geometry": { "type": "Point", "coordinates": [ -122.385274410141136, 37.754066216233532 ] } },
{ "type": "Feature", "properties": { "id": "g1975", "minutes": 43.0, "lon": -122.38300412938391, "lat": 37.754054352820319 }, "geometry": { "type": "Point", "coordinates": [ -122.383004129383906, 37.754054352820319 ] } },
{ "type": "Feature", "properties": { "id": "g1976", "minutes": 45.0, "lon": -122.38073384996117, "lat": 37.754042445679225 }, "geometry": { "type": "Point", "coordinates": [ -122.380733849961175, 37.754042445679225 ] } },
{ "type": "Feature", "properties": { "id": "g1989", "minutes": 60.0, "lon": -122.51240028035902, "lat": 37.756463364977357 }, "geometry": { "type": "Point", "coordinates": [ -122.512400280359017, 37.756463364977357 ] } },
{ "type": "Feature", "properties": { "id": "g1990", "minutes": 60.0, "lon": -122.51012987762579, "lat": 37.756453949835134 }, "geometry": { "type": "Point", "coordinates": [ -122.510129877625786, 37.756453949835134 ] } },
{ "type": "Feature", "properties": { "id": "g1991", "minutes": 57.0, "lon": -122.50785947595219, "lat": 37.756444490958224 }, "geometry": { "type": "Point", "coordinates": [ -122.507859475952188, 37.756444490958224 ] } },
{ "type": "Feature", "properties": { "id": "g1992", "minutes": 54.0, "lon": -122.50558907534314, "lat": 37.75643498834669 }, "geometry": { "type": "Point", "coordinates": [ -122.505589075343138, 37.75643498834669 ] } },
{ "type": "Feature", "properties": { "id": "g1993", "minutes": 57.0, "lon": -122.50331867580357, "lat": 37.756425442000605 }, "geometry": { "type": "Point", "coordinates": [ -122.50331867580357, 37.756425442000605 ] } },
{ "type": "Feature", "properties": { "id": "g1994", "minutes": 59.0, "lon": -122.50104827733837, "lat": 37.756415851920032 }, "geometry": { "type": "Point", "coordinates": [ -122.50104827733837, 37.756415851920032 ] } },
{ "type": "Feature", "properties": { "id": "g1995", "minutes": 57.0, "lon": -122.49877787995244, "lat": 37.756406218105035 }, "geometry": { "type": "Point", "coordinates": [ -122.498777879952442, 37.756406218105035 ] } },
{ "type": "Feature", "properties": { "id": "g1996", "minutes": 56.0, "lon": -122.49650748365073, "lat": 37.756396540555663 }, "geometry": { "type": "Point", "coordinates": [ -122.496507483650731, 37.756396540555663 ] } },
{ "type": "Feature", "properties": { "id": "g1997", "minutes": 57.0, "lon": -122.49423708843813, "lat": 37.756386819271995 }, "geometry": { "type": "Point", "coordinates": [ -122.494237088438126, 37.756386819271995 ] } },
{ "type": "Feature", "properties": { "id": "g1998", "minutes": 57.0, "lon": -122.49196669431952, "lat": 37.756377054254102 }, "geometry": { "type": "Point", "coordinates": [ -122.491966694319515, 37.756377054254102 ] } },
{ "type": "Feature", "properties": { "id": "g1999", "minutes": 56.0, "lon": -122.48969630129986, "lat": 37.756367245502034 }, "geometry": { "type": "Point", "coordinates": [ -122.489696301299858, 37.756367245502034 ] } },
{ "type": "Feature", "properties": { "id": "g2000", "minutes": 55.0, "lon": -122.487425909384, "lat": 37.756357393015861 }, "geometry": { "type": "Point", "coordinates": [ -122.487425909384001, 37.756357393015861 ] } },
{ "type": "Feature", "properties": { "id": "g2001", "minutes": 55.0, "lon": -122.48515551857692, "lat": 37.756347496795655 }, "geometry": { "type": "Point", "coordinates": [ -122.485155518576917, 37.756347496795655 ] } },
{ "type": "Feature", "properties": { "id": "g2002", "minutes": 53.0, "lon": -122.48288512888348, "lat": 37.756337556841466 }, "geometry": { "type": "Point", "coordinates": [ -122.482885128883481, 37.756337556841466 ] } },
{ "type": "Feature", "properties": { "id": "g2003", "minutes": 50.0, "lon": -122.48061474030862, "lat": 37.756327573153378 }, "geometry": { "type": "Point", "coordinates": [ -122.480614740308624, 37.756327573153378 ] } },
{ "type": "Feature", "properties": { "id": "g2004", "minutes": 52.0, "lon": -122.47834435285723, "lat": 37.756317545731441 }, "geometry": { "type": "Point", "coordinates": [ -122.478344352857235, 37.756317545731441 ] } },
{ "type": "Feature", "properties": { "id": "g2005", "minutes": 50.0, "lon": -122.47607396653422, "lat": 37.756307474575742 }, "geometry": { "type": "Point", "coordinates": [ -122.476073966534216, 37.756307474575742 ] } },
{ "type": "Feature", "properties": { "id": "g2006", "minutes": 48.0, "lon": -122.47380358134453, "lat": 37.756297359686336 }, "geometry": { "type": "Point", "coordinates": [ -122.473803581344526, 37.756297359686336 ] } },
{ "type": "Feature", "properties": { "id": "g2007", "minutes": 48.0, "lon": -122.47153319729301, "lat": 37.75628720106328 }, "geometry": { "type": "Point", "coordinates": [ -122.471533197293013, 37.75628720106328 ] } },
{ "type": "Feature", "properties": { "id": "g2008", "minutes": 44.0, "lon": -122.46926281438463, "lat": 37.75627699870666 }, "geometry": { "type": "Point", "coordinates": [ -122.469262814384635, 37.75627699870666 ] } },
{ "type": "Feature", "properties": { "id": "g2009", "minutes": 41.0, "lon": -122.46699243262427, "lat": 37.75626675261654 }, "geometry": { "type": "Point", "coordinates": [ -122.466992432624266, 37.75626675261654 ] } },
{ "type": "Feature", "properties": { "id": "g2010", "minutes": 40.0, "lon": -122.46472205201684, "lat": 37.756256462792976 }, "geometry": { "type": "Point", "coordinates": [ -122.464722052016839, 37.756256462792976 ] } },
{ "type": "Feature", "properties": { "id": "g2011", "minutes": 40.0, "lon": -122.46245167256728, "lat": 37.756246129236047 }, "geometry": { "type": "Point", "coordinates": [ -122.462451672567283, 37.756246129236047 ] } },
{ "type": "Feature", "properties": { "id": "g2012", "minutes": 43.0, "lon": -122.46018129428046, "lat": 37.756235751945823 }, "geometry": { "type": "Point", "coordinates": [ -122.46018129428046, 37.756235751945823 ] } },
{ "type": "Feature", "properties": { "id": "g2013", "minutes": 50.0, "lon": -122.45791091716131, "lat": 37.756225330922369 }, "geometry": { "type": "Point", "coordinates": [ -122.457910917161314, 37.756225330922369 ] } },
{ "type": "Feature", "properties": { "id": "g2014", "minutes": 46.0, "lon": -122.45564054121472, "lat": 37.756214866165756 }, "geometry": { "type": "Point", "coordinates": [ -122.45564054121472, 37.756214866165756 ] } },
{ "type": "Feature", "properties": { "id": "g2015", "minutes": 50.0, "lon": -122.45337016644564, "lat": 37.756204357676054 }, "geometry": { "type": "Point", "coordinates": [ -122.453370166445637, 37.756204357676054 ] } },
{ "type": "Feature", "properties": { "id": "g2016", "minutes": 47.0, "lon": -122.45109979285894, "lat": 37.756193805453329 }, "geometry": { "type": "Point", "coordinates": [ -122.45109979285894, 37.756193805453329 ] } },
{ "type": "Feature", "properties": { "id": "g2017", "minutes": 46.0, "lon": -122.44882942045955, "lat": 37.756183209497664 }, "geometry": { "type": "Point", "coordinates": [ -122.448829420459546, 37.756183209497664 ] } },
{ "type": "Feature", "properties": { "id": "g2018", "minutes": 44.0, "lon": -122.44655904925239, "lat": 37.756172569809095 }, "geometry": { "type": "Point", "coordinates": [ -122.446559049252386, 37.756172569809095 ] } },
{ "type": "Feature", "properties": { "id": "g2019", "minutes": 40.0, "lon": -122.44428867924233, "lat": 37.756161886387737 }, "geometry": { "type": "Point", "coordinates": [ -122.444288679242334, 37.756161886387737 ] } },
{ "type": "Feature", "properties": { "id": "g2020", "minutes": 38.0, "lon": -122.44201831043434, "lat": 37.756151159233639 }, "geometry": { "type": "Point", "coordinates": [ -122.442018310434335, 37.756151159233639 ] } },
{ "type": "Feature", "properties": { "id": "g2021", "minutes": 38.0, "lon": -122.43974794283326, "lat": 37.756140388346871 }, "geometry": { "type": "Point", "coordinates": [ -122.439747942833264, 37.756140388346871 ] } },
{ "type": "Feature", "properties": { "id": "g2022", "minutes": 33.0, "lon": -122.43747757644405, "lat": 37.756129573727513 }, "geometry": { "type": "Point", "coordinates": [ -122.437477576444053, 37.756129573727513 ] } },
{ "type": "Feature", "properties": { "id": "g2023", "minutes": 31.0, "lon": -122.4352072112716, "lat": 37.756118715375628 }, "geometry": { "type": "Point", "coordinates": [ -122.435207211271603, 37.756118715375628 ] } },
{ "type": "Feature", "properties": { "id": "g2024", "minutes": 32.0, "lon": -122.43293684732083, "lat": 37.756107813291301 }, "geometry": { "type": "Point", "coordinates": [ -122.432936847320832, 37.756107813291301 ] } },
{ "type": "Feature", "properties": { "id": "g2025", "minutes": 34.0, "lon": -122.43066648459664, "lat": 37.756096867474582 }, "geometry": { "type": "Point", "coordinates": [ -122.430666484596642, 37.756096867474582 ] } },
{ "type": "Feature", "properties": { "id": "g2026", "minutes": 35.0, "lon": -122.42839612310397, "lat": 37.756085877925578 }, "geometry": { "type": "Point", "coordinates": [ -122.428396123103965, 37.756085877925578 ] } },
{ "type": "Feature", "properties": { "id": "g2027", "minutes": 34.0, "lon": -122.42612576284766, "lat": 37.756074844644331 }, "geometry": { "type": "Point", "coordinates": [ -122.426125762847661, 37.756074844644331 ] } },
{ "type": "Feature", "properties": { "id": "g2028", "minutes": 33.0, "lon": -122.4238554038327, "lat": 37.75606376763092 }, "geometry": { "type": "Point", "coordinates": [ -122.423855403832704, 37.75606376763092 ] } },
{ "type": "Feature", "properties": { "id": "g2029", "minutes": 30.0, "lon": -122.42158504606395, "lat": 37.756052646885429 }, "geometry": { "type": "Point", "coordinates": [ -122.421585046063953, 37.756052646885429 ] } },
{ "type": "Feature", "properties": { "id": "g2030", "minutes": 26.0, "lon": -122.41931468954633, "lat": 37.75604148240793 }, "geometry": { "type": "Point", "coordinates": [ -122.419314689546326, 37.75604148240793 ] } },
{ "type": "Feature", "properties": { "id": "g2031", "minutes": 29.0, "lon": -122.41704433428475, "lat": 37.756030274198494 }, "geometry": { "type": "Point", "coordinates": [ -122.417044334284753, 37.756030274198494 ] } },
{ "type": "Feature", "properties": { "id": "g2032", "minutes": 31.0, "lon": -122.41477398028414, "lat": 37.756019022257199 }, "geometry": { "type": "Point", "coordinates": [ -122.414773980284139, 37.756019022257199 ] } },
{ "type": "Feature", "properties": { "id": "g2033", "minutes": 34.0, "lon": -122.41250362754936, "lat": 37.756007726584123 }, "geometry": { "type": "Point", "coordinates": [ -122.412503627549356, 37.756007726584123 ] } },
{ "type": "Feature", "properties": { "id": "g2034", "minutes": 36.0, "lon": -122.41023327608538, "lat": 37.755996387179323 }, "geometry": { "type": "Point", "coordinates": [ -122.410233276085378, 37.755996387179323 ] } },
{ "type": "Feature", "properties": { "id": "g2035", "minutes": 36.0, "lon": -122.40796292589708, "lat": 37.755985004042891 }, "geometry": { "type": "Point", "coordinates": [ -122.407962925897081, 37.755985004042891 ] } },
{ "type": "Feature", "properties": { "id": "g2036", "minutes": 36.0, "lon": -122.40569257698934, "lat": 37.755973577174899 }, "geometry": { "type": "Point", "coordinates": [ -122.405692576989338, 37.755973577174899 ] } },
{ "type": "Feature", "properties": { "id": "g2037", "minutes": 37.0, "lon": -122.40342222936714, "lat": 37.755962106575424 }, "geometry": { "type": "Point", "coordinates": [ -122.403422229367138, 37.755962106575424 ] } },
{ "type": "Feature", "properties": { "id": "g2038", "minutes": 38.0, "lon": -122.40115188303533, "lat": 37.755950592244538 }, "geometry": { "type": "Point", "coordinates": [ -122.401151883035325, 37.755950592244538 ] } },
{ "type": "Feature", "properties": { "id": "g2039", "minutes": 40.0, "lon": -122.39888153799883, "lat": 37.755939034182312 }, "geometry": { "type": "Point", "coordinates": [ -122.398881537998832, 37.755939034182312 ] } },
{ "type": "Feature", "properties": { "id": "g2040", "minutes": 43.0, "lon": -122.39661119426259, "lat": 37.755927432388837 }, "geometry": { "type": "Point", "coordinates": [ -122.39661119426259, 37.755927432388837 ] } },
{ "type": "Feature", "properties": { "id": "g2041", "minutes": 43.0, "lon": -122.39434085183146, "lat": 37.755915786864207 }, "geometry": { "type": "Point", "coordinates": [ -122.394340851831458, 37.755915786864207 ] } },
{ "type": "Feature", "properties": { "id": "g2042", "minutes": 36.0, "lon": -122.39207051071038, "lat": 37.755904097608457 }, "geometry": { "type": "Point", "coordinates": [ -122.392070510710383, 37.755904097608457 ] } },
{ "type": "Feature", "properties": { "id": "g2043", "minutes": 35.0, "lon": -122.38980017090428, "lat": 37.755892364621687 }, "geometry": { "type": "Point", "coordinates": [ -122.38980017090428, 37.755892364621687 ] } },
{ "type": "Feature", "properties": { "id": "g2044", "minutes": 35.0, "lon": -122.38752983241802, "lat": 37.755880587903974 }, "geometry": { "type": "Point", "coordinates": [ -122.387529832418025, 37.755880587903974 ] } },
{ "type": "Feature", "properties": { "id": "g2045", "minutes": 37.0, "lon": -122.38525949525653, "lat": 37.755868767455397 }, "geometry": { "type": "Point", "coordinates": [ -122.385259495256534, 37.755868767455397 ] } },
{ "type": "Feature", "properties": { "id": "g2046", "minutes": 41.0, "lon": -122.38298915942475, "lat": 37.755856903276033 }, "geometry": { "type": "Point", "coordinates": [ -122.382989159424753, 37.755856903276033 ] } },
{ "type": "Feature", "properties": { "id": "g2047", "minutes": 46.0, "lon": -122.38071882492756, "lat": 37.755844995365955 }, "geometry": { "type": "Point", "coordinates": [ -122.380718824927555, 37.755844995365955 ] } },
{ "type": "Feature", "properties": { "id": "g2060", "minutes": 58.0, "lon": -122.51238844878316, "lat": 37.758265954041057 }, "geometry": { "type": "Point", "coordinates": [ -122.512388448783156, 37.758265954041057 ] } },
{ "type": "Feature", "properties": { "id": "g2061", "minutes": 59.0, "lon": -122.51011799096409, "lat": 37.758256538290787 }, "geometry": { "type": "Point", "coordinates": [ -122.51011799096409, 37.758256538290787 ] } },
{ "type": "Feature", "properties": { "id": "g2062", "minutes": 56.0, "lon": -122.50784753420479, "lat": 37.758247078803009 }, "geometry": { "type": "Point", "coordinates": [ -122.507847534204785, 37.758247078803009 ] } },
{ "type": "Feature", "properties": { "id": "g2063", "minutes": 53.0, "lon": -122.50557707851011, "lat": 37.758237575577795 }, "geometry": { "type": "Point", "coordinates": [ -122.505577078510115, 37.758237575577795 ] } },
{ "type": "Feature", "properties": { "id": "g2064", "minutes": 56.0, "lon": -122.50330662388504, "lat": 37.7582280286152 }, "geometry": { "type": "Point", "coordinates": [ -122.503306623885038, 37.7582280286152 ] } },
{ "type": "Feature", "properties": { "id": "g2065", "minutes": 56.0, "lon": -122.50103617033442, "lat": 37.758218437915282 }, "geometry": { "type": "Point", "coordinates": [ -122.501036170334416, 37.758218437915282 ] } },
{ "type": "Feature", "properties": { "id": "g2066", "minutes": 56.0, "lon": -122.49876571786319, "lat": 37.758208803478112 }, "geometry": { "type": "Point", "coordinates": [ -122.498765717863193, 37.758208803478112 ] } },
{ "type": "Feature", "properties": { "id": "g2067", "minutes": 54.0, "lon": -122.49649526647626, "lat": 37.758199125303761 }, "geometry": { "type": "Point", "coordinates": [ -122.496495266476259, 37.758199125303761 ] } },
{ "type": "Feature", "properties": { "id": "g2068", "minutes": 55.0, "lon": -122.49422481617854, "lat": 37.758189403392294 }, "geometry": { "type": "Point", "coordinates": [ -122.494224816178544, 37.758189403392294 ] } },
{ "type": "Feature", "properties": { "id": "g2069", "minutes": 54.0, "lon": -122.49195436697495, "lat": 37.758179637743751 }, "geometry": { "type": "Point", "coordinates": [ -122.491954366974952, 37.758179637743751 ] } },
{ "type": "Feature", "properties": { "id": "g2070", "minutes": 52.0, "lon": -122.48968391887037, "lat": 37.75816982835822 }, "geometry": { "type": "Point", "coordinates": [ -122.489683918870369, 37.75816982835822 ] } },
{ "type": "Feature", "properties": { "id": "g2071", "minutes": 53.0, "lon": -122.48741347186973, "lat": 37.75815997523577 }, "geometry": { "type": "Point", "coordinates": [ -122.487413471869729, 37.75815997523577 ] } },
{ "type": "Feature", "properties": { "id": "g2072", "minutes": 53.0, "lon": -122.48514302597795, "lat": 37.758150078376445 }, "geometry": { "type": "Point", "coordinates": [ -122.485143025977948, 37.758150078376445 ] } },
{ "type": "Feature", "properties": { "id": "g2073", "minutes": 51.0, "lon": -122.48287258119993, "lat": 37.75814013778033 }, "geometry": { "type": "Point", "coordinates": [ -122.482872581199928, 37.75814013778033 ] } },
{ "type": "Feature", "properties": { "id": "g2074", "minutes": 49.0, "lon": -122.4806021375406, "lat": 37.758130153447482 }, "geometry": { "type": "Point", "coordinates": [ -122.4806021375406, 37.758130153447482 ] } },
{ "type": "Feature", "properties": { "id": "g2075", "minutes": 50.0, "lon": -122.47833169500484, "lat": 37.758120125377971 }, "geometry": { "type": "Point", "coordinates": [ -122.47833169500484, 37.758120125377971 ] } },
{ "type": "Feature", "properties": { "id": "g2076", "minutes": 48.0, "lon": -122.47606125359756, "lat": 37.758110053571862 }, "geometry": { "type": "Point", "coordinates": [ -122.476061253597564, 37.758110053571862 ] } },
{ "type": "Feature", "properties": { "id": "g2077", "minutes": 46.0, "lon": -122.4737908133237, "lat": 37.758099938029225 }, "geometry": { "type": "Point", "coordinates": [ -122.473790813323703, 37.758099938029225 ] } },
{ "type": "Feature", "properties": { "id": "g2078", "minutes": 45.0, "lon": -122.47152037418813, "lat": 37.758089778750126 }, "geometry": { "type": "Point", "coordinates": [ -122.471520374188131, 37.758089778750126 ] } },
{ "type": "Feature", "properties": { "id": "g2079", "minutes": 41.0, "lon": -122.46924993619581, "lat": 37.758079575734627 }, "geometry": { "type": "Point", "coordinates": [ -122.469249936195808, 37.758079575734627 ] } },
{ "type": "Feature", "properties": { "id": "g2080", "minutes": 38.0, "lon": -122.46697949935162, "lat": 37.758069328982792 }, "geometry": { "type": "Point", "coordinates": [ -122.466979499351623, 37.758069328982792 ] } },
{ "type": "Feature", "properties": { "id": "g2081", "minutes": 37.0, "lon": -122.46470906366049, "lat": 37.758059038494707 }, "geometry": { "type": "Point", "coordinates": [ -122.464709063660493, 37.758059038494707 ] } },
{ "type": "Feature", "properties": { "id": "g2082", "minutes": 38.0, "lon": -122.46243862912729, "lat": 37.758048704270436 }, "geometry": { "type": "Point", "coordinates": [ -122.462438629127291, 37.758048704270436 ] } },
{ "type": "Feature", "properties": { "id": "g2083", "minutes": 46.0, "lon": -122.46016819575698, "lat": 37.758038326310029 }, "geometry": { "type": "Point", "coordinates": [ -122.460168195756978, 37.758038326310029 ] } },
{ "type": "Feature", "properties": { "id": "g2084", "minutes": 50.0, "lon": -122.45789776355441, "lat": 37.758027904613577 }, "geometry": { "type": "Point", "coordinates": [ -122.457897763554413, 37.758027904613577 ] } },
{ "type": "Feature", "properties": { "id": "g2085", "minutes": 50.0, "lon": -122.45562733252456, "lat": 37.758017439181138 }, "geometry": { "type": "Point", "coordinates": [ -122.455627332524557, 37.758017439181138 ] } },
{ "type": "Feature", "properties": { "id": "g2086", "minutes": 45.0, "lon": -122.45335690267231, "lat": 37.758006930012783 }, "geometry": { "type": "Point", "coordinates": [ -122.453356902672311, 37.758006930012783 ] } },
{ "type": "Feature", "properties": { "id": "g2087", "minutes": 47.0, "lon": -122.45108647400255, "lat": 37.75799637710859 }, "geometry": { "type": "Point", "coordinates": [ -122.451086474002551, 37.75799637710859 ] } },
{ "type": "Feature", "properties": { "id": "g2088", "minutes": 41.0, "lon": -122.44881604652021, "lat": 37.757985780468616 }, "geometry": { "type": "Point", "coordinates": [ -122.448816046520207, 37.757985780468616 ] } },
{ "type": "Feature", "properties": { "id": "g2089", "minutes": 35.0, "lon": -122.44654562023021, "lat": 37.757975140092945 }, "geometry": { "type": "Point", "coordinates": [ -122.446545620230211, 37.757975140092945 ] } },
{ "type": "Feature", "properties": { "id": "g2090", "minutes": 37.0, "lon": -122.44427519513744, "lat": 37.75796445598165 }, "geometry": { "type": "Point", "coordinates": [ -122.444275195137436, 37.75796445598165 ] } },
{ "type": "Feature", "properties": { "id": "g2091", "minutes": 35.0, "lon": -122.44200477124683, "lat": 37.757953728134773 }, "geometry": { "type": "Point", "coordinates": [ -122.442004771246829, 37.757953728134773 ] } },
{ "type": "Feature", "properties": { "id": "g2092", "minutes": 33.0, "lon": -122.43973434856328, "lat": 37.757942956552412 }, "geometry": { "type": "Point", "coordinates": [ -122.439734348563277, 37.757942956552412 ] } },
{ "type": "Feature", "properties": { "id": "g2093", "minutes": 31.0, "lon": -122.43746392709167, "lat": 37.757932141234647 }, "geometry": { "type": "Point", "coordinates": [ -122.43746392709167, 37.757932141234647 ] } },
{ "type": "Feature", "properties": { "id": "g2094", "minutes": 28.0, "lon": -122.43519350683698, "lat": 37.757921282181528 }, "geometry": { "type": "Point", "coordinates": [ -122.435193506836981, 37.757921282181528 ] } },
{ "type": "Feature", "properties": { "id": "g2095", "minutes": 30.0, "lon": -122.43292308780407, "lat": 37.757910379393131 }, "geometry": { "type": "Point", "coordinates": [ -122.43292308780407, 37.757910379393131 ] } },
{ "type": "Feature", "properties": { "id": "g2096", "minutes": 33.0, "lon": -122.43065266999784, "lat": 37.757899432869522 }, "geometry": { "type": "Point", "coordinates": [ -122.430652669997841, 37.757899432869522 ] } },
{ "type": "Feature", "properties": { "id": "g2097", "minutes": 33.0, "lon": -122.42838225342325, "lat": 37.757888442610799 }, "geometry": { "type": "Point", "coordinates": [ -122.428382253423251, 37.757888442610799 ] } },
{ "type": "Feature", "properties": { "id": "g2098", "minutes": 33.0, "lon": -122.42611183808518, "lat": 37.757877408617013 }, "geometry": { "type": "Point", "coordinates": [ -122.426111838085177, 37.757877408617013 ] } },
{ "type": "Feature", "properties": { "id": "g2099", "minutes": 32.0, "lon": -122.42384142398852, "lat": 37.757866330888248 }, "geometry": { "type": "Point", "coordinates": [ -122.42384142398852, 37.757866330888248 ] } },
{ "type": "Feature", "properties": { "id": "g2100", "minutes": 30.0, "lon": -122.4215710111382, "lat": 37.757855209424569 }, "geometry": { "type": "Point", "coordinates": [ -122.421571011138198, 37.757855209424569 ] } },
{ "type": "Feature", "properties": { "id": "g2101", "minutes": 26.0, "lon": -122.41930059953914, "lat": 37.757844044226061 }, "geometry": { "type": "Point", "coordinates": [ -122.419300599539142, 37.757844044226061 ] } },
{ "type": "Feature", "properties": { "id": "g2102", "minutes": 29.0, "lon": -122.41703018919624, "lat": 37.757832835292795 }, "geometry": { "type": "Point", "coordinates": [ -122.41703018919624, 37.757832835292795 ] } },
{ "type": "Feature", "properties": { "id": "g2103", "minutes": 32.0, "lon": -122.41475978011442, "lat": 37.757821582624842 }, "geometry": { "type": "Point", "coordinates": [ -122.414759780114423, 37.757821582624842 ] } },
{ "type": "Feature", "properties": { "id": "g2104", "minutes": 35.0, "lon": -122.41248937229857, "lat": 37.757810286222281 }, "geometry": { "type": "Point", "coordinates": [ -122.412489372298566, 37.757810286222281 ] } },
{ "type": "Feature", "properties": { "id": "g2105", "minutes": 36.0, "lon": -122.41021896575361, "lat": 37.757798946085174 }, "geometry": { "type": "Point", "coordinates": [ -122.410218965753614, 37.757798946085174 ] } },
{ "type": "Feature", "properties": { "id": "g2106", "minutes": 35.0, "lon": -122.40794856048447, "lat": 37.757787562213622 }, "geometry": { "type": "Point", "coordinates": [ -122.407948560484471, 37.757787562213622 ] } },
{ "type": "Feature", "properties": { "id": "g2107", "minutes": 36.0, "lon": -122.40567815649604, "lat": 37.757776134607681 }, "geometry": { "type": "Point", "coordinates": [ -122.405678156496037, 37.757776134607681 ] } },
{ "type": "Feature", "properties": { "id": "g2108", "minutes": 39.0, "lon": -122.40340775379322, "lat": 37.757764663267423 }, "geometry": { "type": "Point", "coordinates": [ -122.403407753793218, 37.757764663267423 ] } },
{ "type": "Feature", "properties": { "id": "g2109", "minutes": 39.0, "lon": -122.40113735238094, "lat": 37.757753148192933 }, "geometry": { "type": "Point", "coordinates": [ -122.401137352380943, 37.757753148192933 ] } },
{ "type": "Feature", "properties": { "id": "g2110", "minutes": 40.0, "lon": -122.39886695226409, "lat": 37.757741589384288 }, "geometry": { "type": "Point", "coordinates": [ -122.398866952264086, 37.757741589384288 ] } },
{ "type": "Feature", "properties": { "id": "g2111", "minutes": 39.0, "lon": -122.39659655344761, "lat": 37.757729986841575 }, "geometry": { "type": "Point", "coordinates": [ -122.396596553447608, 37.757729986841575 ] } },
{ "type": "Feature", "properties": { "id": "g2112", "minutes": 36.0, "lon": -122.39432615593637, "lat": 37.757718340564857 }, "geometry": { "type": "Point", "coordinates": [ -122.394326155936369, 37.757718340564857 ] } },
{ "type": "Feature", "properties": { "id": "g2113", "minutes": 33.0, "lon": -122.39205575973531, "lat": 37.757706650554219 }, "geometry": { "type": "Point", "coordinates": [ -122.392055759735314, 37.757706650554219 ] } },
{ "type": "Feature", "properties": { "id": "g2114", "minutes": 31.0, "lon": -122.38978536484933, "lat": 37.757694916809733 }, "geometry": { "type": "Point", "coordinates": [ -122.389785364849331, 37.757694916809733 ] } },
{ "type": "Feature", "properties": { "id": "g2115", "minutes": 31.0, "lon": -122.38751497128335, "lat": 37.757683139331469 }, "geometry": { "type": "Point", "coordinates": [ -122.387514971283352, 37.757683139331469 ] } },
{ "type": "Feature", "properties": { "id": "g2116", "minutes": 34.0, "lon": -122.38524457904226, "lat": 37.75767131811952 }, "geometry": { "type": "Point", "coordinates": [ -122.385244579042265, 37.75767131811952 ] } },
{ "type": "Feature", "properties": { "id": "g2117", "minutes": 37.0, "lon": -122.382974188131, "lat": 37.757659453173964 }, "geometry": { "type": "Point", "coordinates": [ -122.382974188131001, 37.757659453173964 ] } },
{ "type": "Feature", "properties": { "id": "g2118", "minutes": 38.0, "lon": -122.38070379855444, "lat": 37.75764754449488 }, "geometry": { "type": "Point", "coordinates": [ -122.380703798554435, 37.75764754449488 ] } },
{ "type": "Feature", "properties": { "id": "g2131", "minutes": 56.0, "lon": -122.51237661615247, "lat": 37.760068542548836 }, "geometry": { "type": "Point", "coordinates": [ -122.512376616152466, 37.760068542548836 ] } },
{ "type": "Feature", "properties": { "id": "g2132", "minutes": 55.0, "lon": -122.51010610324266, "lat": 37.760059126190498 }, "geometry": { "type": "Point", "coordinates": [ -122.510106103242663, 37.760059126190498 ] } },
{ "type": "Feature", "properties": { "id": "g2133", "minutes": 54.0, "lon": -122.50783559139272, "lat": 37.760049666091817 }, "geometry": { "type": "Point", "coordinates": [ -122.50783559139272, 37.760049666091817 ] } },
{ "type": "Feature", "properties": { "id": "g2134", "minutes": 52.0, "lon": -122.50556508060752, "lat": 37.760040162252892 }, "geometry": { "type": "Point", "coordinates": [ -122.505565080607525, 37.760040162252892 ] } },
{ "type": "Feature", "properties": { "id": "g2135", "minutes": 53.0, "lon": -122.50329457089202, "lat": 37.760030614673745 }, "geometry": { "type": "Point", "coordinates": [ -122.503294570892024, 37.760030614673745 ] } },
{ "type": "Feature", "properties": { "id": "g2136", "minutes": 53.0, "lon": -122.50102406225108, "lat": 37.760021023354469 }, "geometry": { "type": "Point", "coordinates": [ -122.501024062251076, 37.760021023354469 ] } },
{ "type": "Feature", "properties": { "id": "g2137", "minutes": 53.0, "lon": -122.49875355468961, "lat": 37.760011388295112 }, "geometry": { "type": "Point", "coordinates": [ -122.498753554689614, 37.760011388295112 ] } },
{ "type": "Feature", "properties": { "id": "g2138", "minutes": 51.0, "lon": -122.49648304821258, "lat": 37.760001709495739 }, "geometry": { "type": "Point", "coordinates": [ -122.496483048212582, 37.760001709495739 ] } },
{ "type": "Feature", "properties": { "id": "g2139", "minutes": 51.0, "lon": -122.49421254282484, "lat": 37.759991986956415 }, "geometry": { "type": "Point", "coordinates": [ -122.49421254282484, 37.759991986956415 ] } },
{ "type": "Feature", "properties": { "id": "g2140", "minutes": 51.0, "lon": -122.49194203853133, "lat": 37.759982220677209 }, "geometry": { "type": "Point", "coordinates": [ -122.491942038531334, 37.759982220677209 ] } },
{ "type": "Feature", "properties": { "id": "g2141", "minutes": 49.0, "lon": -122.48967153533695, "lat": 37.759972410658193 }, "geometry": { "type": "Point", "coordinates": [ -122.489671535336953, 37.759972410658193 ] } },
{ "type": "Feature", "properties": { "id": "g2142", "minutes": 50.0, "lon": -122.48740103324661, "lat": 37.759962556899424 }, "geometry": { "type": "Point", "coordinates": [ -122.487401033246613, 37.759962556899424 ] } },
{ "type": "Feature", "properties": { "id": "g2143", "minutes": 50.0, "lon": -122.48513053226523, "lat": 37.759952659400959 }, "geometry": { "type": "Point", "coordinates": [ -122.485130532265231, 37.759952659400959 ] } },
{ "type": "Feature", "properties": { "id": "g2144", "minutes": 49.0, "lon": -122.48286003239771, "lat": 37.759942718162883 }, "geometry": { "type": "Point", "coordinates": [ -122.48286003239771, 37.759942718162883 ] } },
{ "type": "Feature", "properties": { "id": "g2145", "minutes": 48.0, "lon": -122.480589533649, "lat": 37.759932733185252 }, "geometry": { "type": "Point", "coordinates": [ -122.480589533648995, 37.759932733185252 ] } },
{ "type": "Feature", "properties": { "id": "g2146", "minutes": 47.0, "lon": -122.47831903602393, "lat": 37.759922704468117 }, "geometry": { "type": "Point", "coordinates": [ -122.478319036023933, 37.759922704468117 ] } },
{ "type": "Feature", "properties": { "id": "g2147", "minutes": 46.0, "lon": -122.4760485395275, "lat": 37.75991263201157 }, "geometry": { "type": "Point", "coordinates": [ -122.476048539527497, 37.75991263201157 ] } },
{ "type": "Feature", "properties": { "id": "g2148", "minutes": 44.0, "lon": -122.47377804416456, "lat": 37.759902515815675 }, "geometry": { "type": "Point", "coordinates": [ -122.473778044164561, 37.759902515815675 ] } },
{ "type": "Feature", "properties": { "id": "g2149", "minutes": 43.0, "lon": -122.47150754994004, "lat": 37.759892355880488 }, "geometry": { "type": "Point", "coordinates": [ -122.471507549940043, 37.759892355880488 ] } },
{ "type": "Feature", "properties": { "id": "g2150", "minutes": 40.0, "lon": -122.46923705685887, "lat": 37.759882152206075 }, "geometry": { "type": "Point", "coordinates": [ -122.469237056858873, 37.759882152206075 ] } },
{ "type": "Feature", "properties": { "id": "g2151", "minutes": 38.0, "lon": -122.46696656492593, "lat": 37.759871904792512 }, "geometry": { "type": "Point", "coordinates": [ -122.466966564925926, 37.759871904792512 ] } },
{ "type": "Feature", "properties": { "id": "g2152", "minutes": 38.0, "lon": -122.46469607414615, "lat": 37.75986161363987 }, "geometry": { "type": "Point", "coordinates": [ -122.464696074146147, 37.75986161363987 ] } },
{ "type": "Feature", "properties": { "id": "g2153", "minutes": 39.0, "lon": -122.46242558452444, "lat": 37.759851278748208 }, "geometry": { "type": "Point", "coordinates": [ -122.462425584524439, 37.759851278748208 ] } },
{ "type": "Feature", "properties": { "id": "g2154", "minutes": 45.0, "lon": -122.46015509606569, "lat": 37.759840900117609 }, "geometry": { "type": "Point", "coordinates": [ -122.460155096065691, 37.759840900117609 ] } },
{ "type": "Feature", "properties": { "id": "g2155", "minutes": 52.0, "lon": -122.45788460877485, "lat": 37.75983047774811 }, "geometry": { "type": "Point", "coordinates": [ -122.457884608774847, 37.75983047774811 ] } },
{ "type": "Feature", "properties": { "id": "g2156", "minutes": 46.0, "lon": -122.4556141226568, "lat": 37.759820011639832 }, "geometry": { "type": "Point", "coordinates": [ -122.455614122656797, 37.759820011639832 ] } },
{ "type": "Feature", "properties": { "id": "g2157", "minutes": 43.0, "lon": -122.45334363771646, "lat": 37.759809501792802 }, "geometry": { "type": "Point", "coordinates": [ -122.453343637716458, 37.759809501792802 ] } },
{ "type": "Feature", "properties": { "id": "g2158", "minutes": 40.0, "lon": -122.45107315395876, "lat": 37.759798948207099 }, "geometry": { "type": "Point", "coordinates": [ -122.45107315395876, 37.759798948207099 ] } },
{ "type": "Feature", "properties": { "id": "g2159", "minutes": 41.0, "lon": -122.44880267138853, "lat": 37.759788350882801 }, "geometry": { "type": "Point", "coordinates": [ -122.448802671388535, 37.759788350882801 ] } },
{ "type": "Feature", "properties": { "id": "g2160", "minutes": 35.0, "lon": -122.44653219001081, "lat": 37.759777709819971 }, "geometry": { "type": "Point", "coordinates": [ -122.446532190010814, 37.759777709819971 ] } },
{ "type": "Feature", "properties": { "id": "g2161", "minutes": 33.0, "lon": -122.44426170983041, "lat": 37.759767025018689 }, "geometry": { "type": "Point", "coordinates": [ -122.444261709830414, 37.759767025018689 ] } },
{ "type": "Feature", "properties": { "id": "g2162", "minutes": 32.0, "lon": -122.44199123085227, "lat": 37.759756296479011 }, "geometry": { "type": "Point", "coordinates": [ -122.441991230852267, 37.759756296479011 ] } },
{ "type": "Feature", "properties": { "id": "g2163", "minutes": 30.0, "lon": -122.4397207530813, "lat": 37.759745524201044 }, "geometry": { "type": "Point", "coordinates": [ -122.439720753081303, 37.759745524201044 ] } },
{ "type": "Feature", "properties": { "id": "g2164", "minutes": 27.0, "lon": -122.43745027652244, "lat": 37.759734708184816 }, "geometry": { "type": "Point", "coordinates": [ -122.437450276522441, 37.759734708184816 ] } },
{ "type": "Feature", "properties": { "id": "g2165", "minutes": 25.0, "lon": -122.43517980118057, "lat": 37.759723848430419 }, "geometry": { "type": "Point", "coordinates": [ -122.435179801180567, 37.759723848430419 ] } },
{ "type": "Feature", "properties": { "id": "g2166", "minutes": 29.0, "lon": -122.4329093270606, "lat": 37.759712944937931 }, "geometry": { "type": "Point", "coordinates": [ -122.432909327060599, 37.759712944937931 ] } },
{ "type": "Feature", "properties": { "id": "g2167", "minutes": 31.0, "lon": -122.43063885416744, "lat": 37.75970199770741 }, "geometry": { "type": "Point", "coordinates": [ -122.430638854167441, 37.75970199770741 ] } },
{ "type": "Feature", "properties": { "id": "g2168", "minutes": 31.0, "lon": -122.42836838250602, "lat": 37.759691006738933 }, "geometry": { "type": "Point", "coordinates": [ -122.428368382506022, 37.759691006738933 ] } },
{ "type": "Feature", "properties": { "id": "g2169", "minutes": 33.0, "lon": -122.42609791208123, "lat": 37.759679972032572 }, "geometry": { "type": "Point", "coordinates": [ -122.426097912081232, 37.759679972032572 ] } },
{ "type": "Feature", "properties": { "id": "g2170", "minutes": 32.0, "lon": -122.42382744289797, "lat": 37.759668893588412 }, "geometry": { "type": "Point", "coordinates": [ -122.423827442897974, 37.759668893588412 ] } },
{ "type": "Feature", "properties": { "id": "g2171", "minutes": 29.0, "lon": -122.42155697496122, "lat": 37.759657771406523 }, "geometry": { "type": "Point", "coordinates": [ -122.42155697496122, 37.759657771406523 ] } },
{ "type": "Feature", "properties": { "id": "g2172", "minutes": 26.0, "lon": -122.41928650827579, "lat": 37.759646605486971 }, "geometry": { "type": "Point", "coordinates": [ -122.419286508275789, 37.759646605486971 ] } },
{ "type": "Feature", "properties": { "id": "g2173", "minutes": 29.0, "lon": -122.41701604284665, "lat": 37.759635395829847 }, "geometry": { "type": "Point", "coordinates": [ -122.417016042846654, 37.759635395829847 ] } },
{ "type": "Feature", "properties": { "id": "g2174", "minutes": 31.0, "lon": -122.41474557867872, "lat": 37.759624142435193 }, "geometry": { "type": "Point", "coordinates": [ -122.414745578678719, 37.759624142435193 ] } },
{ "type": "Feature", "properties": { "id": "g2175", "minutes": 34.0, "lon": -122.41247511577689, "lat": 37.759612845303117 }, "geometry": { "type": "Point", "coordinates": [ -122.412475115776886, 37.759612845303117 ] } },
{ "type": "Feature", "properties": { "id": "g2176", "minutes": 36.0, "lon": -122.41020465414607, "lat": 37.759601504433668 }, "geometry": { "type": "Point", "coordinates": [ -122.410204654146071, 37.759601504433668 ] } },
{ "type": "Feature", "properties": { "id": "g2177", "minutes": 35.0, "lon": -122.40793419379116, "lat": 37.759590119826946 }, "geometry": { "type": "Point", "coordinates": [ -122.407934193791164, 37.759590119826946 ] } },
{ "type": "Feature", "properties": { "id": "g2178", "minutes": 38.0, "lon": -122.40566373471708, "lat": 37.759578691483014 }, "geometry": { "type": "Point", "coordinates": [ -122.405663734717081, 37.759578691483014 ] } },
{ "type": "Feature", "properties": { "id": "g2179", "minutes": 37.0, "lon": -122.40339327692875, "lat": 37.759567219401951 }, "geometry": { "type": "Point", "coordinates": [ -122.403393276928753, 37.759567219401951 ] } },
{ "type": "Feature", "properties": { "id": "g2180", "minutes": 37.0, "lon": -122.40112282043111, "lat": 37.759555703583828 }, "geometry": { "type": "Point", "coordinates": [ -122.401122820431112, 37.759555703583828 ] } },
{ "type": "Feature", "properties": { "id": "g2181", "minutes": 37.0, "lon": -122.39885236522898, "lat": 37.75954414402873 }, "geometry": { "type": "Point", "coordinates": [ -122.398852365228976, 37.75954414402873 ] } },
{ "type": "Feature", "properties": { "id": "g2182", "minutes": 35.0, "lon": -122.39658191132735, "lat": 37.759532540736728 }, "geometry": { "type": "Point", "coordinates": [ -122.396581911327345, 37.759532540736728 ] } },
{ "type": "Feature", "properties": { "id": "g2183", "minutes": 34.0, "lon": -122.39431145873111, "lat": 37.759520893707901 }, "geometry": { "type": "Point", "coordinates": [ -122.39431145873111, 37.759520893707901 ] } },
{ "type": "Feature", "properties": { "id": "g2184", "minutes": 30.0, "lon": -122.39204100744517, "lat": 37.759509202942326 }, "geometry": { "type": "Point", "coordinates": [ -122.392041007445172, 37.759509202942326 ] } },
{ "type": "Feature", "properties": { "id": "g2185", "minutes": 28.0, "lon": -122.38977055747442, "lat": 37.759497468440074 }, "geometry": { "type": "Point", "coordinates": [ -122.389770557474421, 37.759497468440074 ] } },
{ "type": "Feature", "properties": { "id": "g2186", "minutes": 28.0, "lon": -122.38750010882379, "lat": 37.759485690201245 }, "geometry": { "type": "Point", "coordinates": [ -122.387500108823787, 37.759485690201245 ] } },
{ "type": "Feature", "properties": { "id": "g2187", "minutes": 32.0, "lon": -122.38522966149819, "lat": 37.759473868225896 }, "geometry": { "type": "Point", "coordinates": [ -122.385229661498187, 37.759473868225896 ] } },
{ "type": "Feature", "properties": { "id": "g2188", "minutes": 34.0, "lon": -122.38295921550252, "lat": 37.759462002514113 }, "geometry": { "type": "Point", "coordinates": [ -122.382959215502524, 37.759462002514113 ] } },
{ "type": "Feature", "properties": { "id": "g2189", "minutes": 37.0, "lon": -122.3806887708417, "lat": 37.759450093065965 }, "geometry": { "type": "Point", "coordinates": [ -122.380688770841701, 37.759450093065965 ] } },
{ "type": "Feature", "properties": { "id": "g2190", "minutes": 37.0, "lon": -122.37841832752065, "lat": 37.759438139881553 }, "geometry": { "type": "Point", "coordinates": [ -122.378418327520649, 37.759438139881553 ] } },
{ "type": "Feature", "properties": { "id": "g2202", "minutes": 59.0, "lon": -122.51236478246683, "lat": 37.761871130500673 }, "geometry": { "type": "Point", "coordinates": [ -122.512364782466832, 37.761871130500673 ] } },
{ "type": "Feature", "properties": { "id": "g2203", "minutes": 57.0, "lon": -122.51009421446139, "lat": 37.761861713534238 }, "geometry": { "type": "Point", "coordinates": [ -122.51009421446139, 37.761861713534238 ] } },
{ "type": "Feature", "properties": { "id": "g2204", "minutes": 56.0, "lon": -122.50782364751591, "lat": 37.761852252824639 }, "geometry": { "type": "Point", "coordinates": [ -122.507823647515906, 37.761852252824639 ] } },
{ "type": "Feature", "properties": { "id": "g2205", "minutes": 54.0, "lon": -122.50555308163528, "lat": 37.761842748371954 }, "geometry": { "type": "Point", "coordinates": [ -122.505553081635284, 37.761842748371954 ] } },
{ "type": "Feature", "properties": { "id": "g2206", "minutes": 53.0, "lon": -122.50328251682443, "lat": 37.761833200176241 }, "geometry": { "type": "Point", "coordinates": [ -122.503282516824427, 37.761833200176241 ] } },
{ "type": "Feature", "properties": { "id": "g2207", "minutes": 54.0, "lon": -122.50101195308827, "lat": 37.761823608237563 }, "geometry": { "type": "Point", "coordinates": [ -122.501011953088266, 37.761823608237563 ] } },
{ "type": "Feature", "properties": { "id": "g2208", "minutes": 53.0, "lon": -122.49874139043166, "lat": 37.761813972555977 }, "geometry": { "type": "Point", "coordinates": [ -122.498741390431661, 37.761813972555977 ] } },
{ "type": "Feature", "properties": { "id": "g2209", "minutes": 51.0, "lon": -122.49647082885957, "lat": 37.761804293131561 }, "geometry": { "type": "Point", "coordinates": [ -122.496470828859572, 37.761804293131561 ] } },
{ "type": "Feature", "properties": { "id": "g2210", "minutes": 51.0, "lon": -122.49420026837691, "lat": 37.761794569964373 }, "geometry": { "type": "Point", "coordinates": [ -122.494200268376915, 37.761794569964373 ] } },
{ "type": "Feature", "properties": { "id": "g2211", "minutes": 50.0, "lon": -122.49192970898856, "lat": 37.761784803054482 }, "geometry": { "type": "Point", "coordinates": [ -122.491929708988565, 37.761784803054482 ] } },
{ "type": "Feature", "properties": { "id": "g2212", "minutes": 48.0, "lon": -122.48965915069948, "lat": 37.761774992401932 }, "geometry": { "type": "Point", "coordinates": [ -122.489659150699481, 37.761774992401932 ] } },
{ "type": "Feature", "properties": { "id": "g2213", "minutes": 48.0, "lon": -122.48738859351452, "lat": 37.761765138006808 }, "geometry": { "type": "Point", "coordinates": [ -122.487388593514524, 37.761765138006808 ] } },
{ "type": "Feature", "properties": { "id": "g2214", "minutes": 47.0, "lon": -122.48511803743864, "lat": 37.761755239869188 }, "geometry": { "type": "Point", "coordinates": [ -122.485118037438639, 37.761755239869188 ] } },
{ "type": "Feature", "properties": { "id": "g2215", "minutes": 45.0, "lon": -122.48284748247671, "lat": 37.761745297989108 }, "geometry": { "type": "Point", "coordinates": [ -122.482847482476714, 37.761745297989108 ] } },
{ "type": "Feature", "properties": { "id": "g2216", "minutes": 45.0, "lon": -122.48057692863368, "lat": 37.761735312366653 }, "geometry": { "type": "Point", "coordinates": [ -122.480576928633681, 37.761735312366653 ] } },
{ "type": "Feature", "properties": { "id": "g2217", "minutes": 45.0, "lon": -122.47830637591444, "lat": 37.761725283001894 }, "geometry": { "type": "Point", "coordinates": [ -122.478306375914443, 37.761725283001894 ] } },
{ "type": "Feature", "properties": { "id": "g2218", "minutes": 44.0, "lon": -122.47603582432392, "lat": 37.761715209894881 }, "geometry": { "type": "Point", "coordinates": [ -122.476035824323915, 37.761715209894881 ] } },
{ "type": "Feature", "properties": { "id": "g2219", "minutes": 42.0, "lon": -122.473765273867, "lat": 37.761705093045684 }, "geometry": { "type": "Point", "coordinates": [ -122.473765273867002, 37.761705093045684 ] } },
{ "type": "Feature", "properties": { "id": "g2220", "minutes": 42.0, "lon": -122.47149472454862, "lat": 37.761694932454375 }, "geometry": { "type": "Point", "coordinates": [ -122.47149472454862, 37.761694932454375 ] } },
{ "type": "Feature", "properties": { "id": "g2221", "minutes": 39.0, "lon": -122.46922417637367, "lat": 37.761684728121018 }, "geometry": { "type": "Point", "coordinates": [ -122.469224176373672, 37.761684728121018 ] } },
{ "type": "Feature", "properties": { "id": "g2222", "minutes": 37.0, "lon": -122.46695362934709, "lat": 37.761674480045706 }, "geometry": { "type": "Point", "coordinates": [ -122.466953629347088, 37.761674480045706 ] } },
{ "type": "Feature", "properties": { "id": "g2223", "minutes": 38.0, "lon": -122.46468308347377, "lat": 37.761664188228465 }, "geometry": { "type": "Point", "coordinates": [ -122.464683083473773, 37.761664188228465 ] } },
{ "type": "Feature", "properties": { "id": "g2224", "minutes": 39.0, "lon": -122.46241253875863, "lat": 37.76165385266939 }, "geometry": { "type": "Point", "coordinates": [ -122.462412538758628, 37.76165385266939 ] } },
{ "type": "Feature", "properties": { "id": "g2225", "minutes": 44.0, "lon": -122.46014199520657, "lat": 37.761643473368544 }, "geometry": { "type": "Point", "coordinates": [ -122.46014199520657, 37.761643473368544 ] } },
{ "type": "Feature", "properties": { "id": "g2226", "minutes": 41.0, "lon": -122.45787145282249, "lat": 37.761633050325997 }, "geometry": { "type": "Point", "coordinates": [ -122.457871452822488, 37.761633050325997 ] } },
{ "type": "Feature", "properties": { "id": "g2227", "minutes": 48.0, "lon": -122.45560091161134, "lat": 37.761622583541822 }, "geometry": { "type": "Point", "coordinates": [ -122.455600911611342, 37.761622583541822 ] } },
{ "type": "Feature", "properties": { "id": "g2228", "minutes": 39.0, "lon": -122.45333037157801, "lat": 37.761612073016067 }, "geometry": { "type": "Point", "coordinates": [ -122.453330371578005, 37.761612073016067 ] } },
{ "type": "Feature", "properties": { "id": "g2229", "minutes": 36.0, "lon": -122.45105983272741, "lat": 37.76160151874884 }, "geometry": { "type": "Point", "coordinates": [ -122.45105983272741, 37.76160151874884 ] } },
{ "type": "Feature", "properties": { "id": "g2230", "minutes": 34.0, "lon": -122.44878929506444, "lat": 37.761590920740183 }, "geometry": { "type": "Point", "coordinates": [ -122.448789295064444, 37.761590920740183 ] } },
{ "type": "Feature", "properties": { "id": "g2231", "minutes": 35.0, "lon": -122.44651875859404, "lat": 37.761580278990174 }, "geometry": { "type": "Point", "coordinates": [ -122.446518758594038, 37.761580278990174 ] } },
{ "type": "Feature", "properties": { "id": "g2232", "minutes": 32.0, "lon": -122.44424822332111, "lat": 37.761569593498876 }, "geometry": { "type": "Point", "coordinates": [ -122.444248223321111, 37.761569593498876 ] } },
{ "type": "Feature", "properties": { "id": "g2233", "minutes": 29.0, "lon": -122.44197768925055, "lat": 37.761558864266377 }, "geometry": { "type": "Point", "coordinates": [ -122.44197768925055, 37.761558864266377 ] } },
{ "type": "Feature", "properties": { "id": "g2234", "minutes": 27.0, "lon": -122.43970715638729, "lat": 37.761548091292731 }, "geometry": { "type": "Point", "coordinates": [ -122.439707156387286, 37.761548091292731 ] } },
{ "type": "Feature", "properties": { "id": "g2235", "minutes": 24.0, "lon": -122.43743662473621, "lat": 37.761537274578025 }, "geometry": { "type": "Point", "coordinates": [ -122.437436624736208, 37.761537274578025 ] } },
{ "type": "Feature", "properties": { "id": "g2236", "minutes": 22.0, "lon": -122.43516609430223, "lat": 37.761526414122315 }, "geometry": { "type": "Point", "coordinates": [ -122.435166094302232, 37.761526414122315 ] } },
{ "type": "Feature", "properties": { "id": "g2237", "minutes": 25.0, "lon": -122.43289556509031, "lat": 37.761515509925687 }, "geometry": { "type": "Point", "coordinates": [ -122.432895565090305, 37.761515509925687 ] } },
{ "type": "Feature", "properties": { "id": "g2238", "minutes": 29.0, "lon": -122.43062503710532, "lat": 37.761504561988218 }, "geometry": { "type": "Point", "coordinates": [ -122.430625037105315, 37.761504561988218 ] } },
{ "type": "Feature", "properties": { "id": "g2239", "minutes": 28.0, "lon": -122.42835451035216, "lat": 37.761493570309966 }, "geometry": { "type": "Point", "coordinates": [ -122.428354510352165, 37.761493570309966 ] } },
{ "type": "Feature", "properties": { "id": "g2240", "minutes": 29.0, "lon": -122.42608398483573, "lat": 37.761482534891002 }, "geometry": { "type": "Point", "coordinates": [ -122.426083984835728, 37.761482534891002 ] } },
{ "type": "Feature", "properties": { "id": "g2241", "minutes": 29.0, "lon": -122.42381346056099, "lat": 37.761471455731417 }, "geometry": { "type": "Point", "coordinates": [ -122.423813460560993, 37.761471455731417 ] } },
{ "type": "Feature", "properties": { "id": "g2242", "minutes": 27.0, "lon": -122.42154293753285, "lat": 37.761460332831277 }, "geometry": { "type": "Point", "coordinates": [ -122.421542937532848, 37.761460332831277 ] } },
{ "type": "Feature", "properties": { "id": "g2243", "minutes": 24.0, "lon": -122.41927241575617, "lat": 37.761449166190644 }, "geometry": { "type": "Point", "coordinates": [ -122.419272415756168, 37.761449166190644 ] } },
{ "type": "Feature", "properties": { "id": "g2244", "minutes": 27.0, "lon": -122.41700189523588, "lat": 37.761437955809612 }, "geometry": { "type": "Point", "coordinates": [ -122.417001895235884, 37.761437955809612 ] } },
{ "type": "Feature", "properties": { "id": "g2245", "minutes": 31.0, "lon": -122.41473137597693, "lat": 37.761426701688237 }, "geometry": { "type": "Point", "coordinates": [ -122.414731375976928, 37.761426701688237 ] } },
{ "type": "Feature", "properties": { "id": "g2246", "minutes": 34.0, "lon": -122.41246085798419, "lat": 37.761415403826604 }, "geometry": { "type": "Point", "coordinates": [ -122.412460857984186, 37.761415403826604 ] } },
{ "type": "Feature", "properties": { "id": "g2247", "minutes": 35.0, "lon": -122.41019034126258, "lat": 37.761404062224791 }, "geometry": { "type": "Point", "coordinates": [ -122.410190341262577, 37.761404062224791 ] } },
{ "type": "Feature", "properties": { "id": "g2248", "minutes": 35.0, "lon": -122.40791982581702, "lat": 37.76139267688287 }, "geometry": { "type": "Point", "coordinates": [ -122.407919825817018, 37.76139267688287 ] } },
{ "type": "Feature", "properties": { "id": "g2249", "minutes": 36.0, "lon": -122.40564931165241, "lat": 37.761381247800912 }, "geometry": { "type": "Point", "coordinates": [ -122.405649311652411, 37.761381247800912 ] } },
{ "type": "Feature", "properties": { "id": "g2250", "minutes": 35.0, "lon": -122.40337879877366, "lat": 37.761369774979002 }, "geometry": { "type": "Point", "coordinates": [ -122.403378798773659, 37.761369774979002 ] } },
{ "type": "Feature", "properties": { "id": "g2251", "minutes": 36.0, "lon": -122.40110828718569, "lat": 37.761358258417211 }, "geometry": { "type": "Point", "coordinates": [ -122.401108287185693, 37.761358258417211 ] } },
{ "type": "Feature", "properties": { "id": "g2252", "minutes": 36.0, "lon": -122.3988377768934, "lat": 37.761346698115609 }, "geometry": { "type": "Point", "coordinates": [ -122.398837776893401, 37.761346698115609 ] } },
{ "type": "Feature", "properties": { "id": "g2253", "minutes": 36.0, "lon": -122.39656726790172, "lat": 37.761335094074298 }, "geometry": { "type": "Point", "coordinates": [ -122.396567267901716, 37.761335094074298 ] } },
{ "type": "Feature", "properties": { "id": "g2254", "minutes": 35.0, "lon": -122.39429676021555, "lat": 37.761323446293318 }, "geometry": { "type": "Point", "coordinates": [ -122.394296760215553, 37.761323446293318 ] } },
{ "type": "Feature", "properties": { "id": "g2255", "minutes": 31.0, "lon": -122.3920262538398, "lat": 37.76131175477277 }, "geometry": { "type": "Point", "coordinates": [ -122.392026253839802, 37.76131175477277 ] } },
{ "type": "Feature", "properties": { "id": "g2256", "minutes": 27.0, "lon": -122.38975574877938, "lat": 37.761300019512731 }, "geometry": { "type": "Point", "coordinates": [ -122.389755748779379, 37.761300019512731 ] } },
{ "type": "Feature", "properties": { "id": "g2257", "minutes": 31.0, "lon": -122.38748524503919, "lat": 37.761288240513288 }, "geometry": { "type": "Point", "coordinates": [ -122.387485245039187, 37.761288240513288 ] } },
{ "type": "Feature", "properties": { "id": "g2258", "minutes": 30.0, "lon": -122.38521474262416, "lat": 37.761276417774489 }, "geometry": { "type": "Point", "coordinates": [ -122.385214742624157, 37.761276417774489 ] } },
{ "type": "Feature", "properties": { "id": "g2259", "minutes": 32.0, "lon": -122.38294424153919, "lat": 37.761264551296442 }, "geometry": { "type": "Point", "coordinates": [ -122.382944241539192, 37.761264551296442 ] } },
{ "type": "Feature", "properties": { "id": "g2260", "minutes": 32.0, "lon": -122.3806737417892, "lat": 37.76125264107921 }, "geometry": { "type": "Point", "coordinates": [ -122.380673741789195, 37.76125264107921 ] } },
{ "type": "Feature", "properties": { "id": "g2261", "minutes": 32.0, "lon": -122.37840324337908, "lat": 37.761240687122893 }, "geometry": { "type": "Point", "coordinates": [ -122.378403243379083, 37.761240687122893 ] } },
{ "type": "Feature", "properties": { "id": "g2273", "minutes": 60.0, "lon": -122.51235294772616, "lat": 37.76367371789658 }, "geometry": { "type": "Point", "coordinates": [ -122.512352947726157, 37.76367371789658 ] } },
{ "type": "Feature", "properties": { "id": "g2274", "minutes": 58.0, "lon": -122.51008232462019, "lat": 37.763664300322013 }, "geometry": { "type": "Point", "coordinates": [ -122.510082324620186, 37.763664300322013 ] } },
{ "type": "Feature", "properties": { "id": "g2275", "minutes": 57.0, "lon": -122.50781170257423, "lat": 37.763654839001461 }, "geometry": { "type": "Point", "coordinates": [ -122.50781170257423, 37.763654839001461 ] } },
{ "type": "Feature", "properties": { "id": "g2276", "minutes": 57.0, "lon": -122.50554108159325, "lat": 37.763645333934996 }, "geometry": { "type": "Point", "coordinates": [ -122.50554108159325, 37.763645333934996 ] } },
{ "type": "Feature", "properties": { "id": "g2277", "minutes": 56.0, "lon": -122.50327046168216, "lat": 37.76363578512268 }, "geometry": { "type": "Point", "coordinates": [ -122.503270461682163, 37.76363578512268 ] } },
{ "type": "Feature", "properties": { "id": "g2278", "minutes": 57.0, "lon": -122.50099984284584, "lat": 37.763626192564566 }, "geometry": { "type": "Point", "coordinates": [ -122.500999842845843, 37.763626192564566 ] } },
{ "type": "Feature", "properties": { "id": "g2279", "minutes": 57.0, "lon": -122.49872922508921, "lat": 37.763616556260743 }, "geometry": { "type": "Point", "coordinates": [ -122.498729225089207, 37.763616556260743 ] } },
{ "type": "Feature", "properties": { "id": "g2280", "minutes": 54.0, "lon": -122.49645860841719, "lat": 37.763606876211242 }, "geometry": { "type": "Point", "coordinates": [ -122.496458608417186, 37.763606876211242 ] } },
{ "type": "Feature", "properties": { "id": "g2281", "minutes": 54.0, "lon": -122.49418799283468, "lat": 37.763597152416153 }, "geometry": { "type": "Point", "coordinates": [ -122.494187992834682, 37.763597152416153 ] } },
{ "type": "Feature", "properties": { "id": "g2282", "minutes": 54.0, "lon": -122.49191737834659, "lat": 37.763587384875521 }, "geometry": { "type": "Point", "coordinates": [ -122.491917378346585, 37.763587384875521 ] } },
{ "type": "Feature", "properties": { "id": "g2283", "minutes": 51.0, "lon": -122.48964676495787, "lat": 37.76357757358943 }, "geometry": { "type": "Point", "coordinates": [ -122.489646764957868, 37.76357757358943 ] } },
{ "type": "Feature", "properties": { "id": "g2284", "minutes": 51.0, "lon": -122.48737615267339, "lat": 37.763567718557944 }, "geometry": { "type": "Point", "coordinates": [ -122.487376152673392, 37.763567718557944 ] } },
{ "type": "Feature", "properties": { "id": "g2285", "minutes": 50.0, "lon": -122.48510554149806, "lat": 37.763557819781106 }, "geometry": { "type": "Point", "coordinates": [ -122.485105541498058, 37.763557819781106 ] } },
{ "type": "Feature", "properties": { "id": "g2286", "minutes": 49.0, "lon": -122.48283493143684, "lat": 37.763547877259015 }, "geometry": { "type": "Point", "coordinates": [ -122.482834931436841, 37.763547877259015 ] } },
{ "type": "Feature", "properties": { "id": "g2287", "minutes": 48.0, "lon": -122.48056432249459, "lat": 37.763537890991714 }, "geometry": { "type": "Point", "coordinates": [ -122.480564322494587, 37.763537890991714 ] } },
{ "type": "Feature", "properties": { "id": "g2288", "minutes": 47.0, "lon": -122.47829371467624, "lat": 37.763527860979266 }, "geometry": { "type": "Point", "coordinates": [ -122.478293714676241, 37.763527860979266 ] } },
{ "type": "Feature", "properties": { "id": "g2289", "minutes": 47.0, "lon": -122.47602310798672, "lat": 37.763517787221744 }, "geometry": { "type": "Point", "coordinates": [ -122.47602310798672, 37.763517787221744 ] } },
{ "type": "Feature", "properties": { "id": "g2290", "minutes": 44.0, "lon": -122.47375250243091, "lat": 37.763507669719232 }, "geometry": { "type": "Point", "coordinates": [ -122.473752502430912, 37.763507669719232 ] } },
{ "type": "Feature", "properties": { "id": "g2291", "minutes": 44.0, "lon": -122.47148189801375, "lat": 37.763497508471772 }, "geometry": { "type": "Point", "coordinates": [ -122.471481898013749, 37.763497508471772 ] } },
{ "type": "Feature", "properties": { "id": "g2292", "minutes": 41.0, "lon": -122.46921129474012, "lat": 37.763487303479451 }, "geometry": { "type": "Point", "coordinates": [ -122.46921129474012, 37.763487303479451 ] } },
{ "type": "Feature", "properties": { "id": "g2293", "minutes": 37.0, "lon": -122.46694069261497, "lat": 37.763477054742332 }, "geometry": { "type": "Point", "coordinates": [ -122.466940692614969, 37.763477054742332 ] } },
{ "type": "Feature", "properties": { "id": "g2294", "minutes": 37.0, "lon": -122.46467009164319, "lat": 37.763466762260478 }, "geometry": { "type": "Point", "coordinates": [ -122.464670091643185, 37.763466762260478 ] } },
{ "type": "Feature", "properties": { "id": "g2295", "minutes": 38.0, "lon": -122.46239949182971, "lat": 37.763456426033954 }, "geometry": { "type": "Point", "coordinates": [ -122.462399491829714, 37.763456426033954 ] } },
{ "type": "Feature", "properties": { "id": "g2296", "minutes": 37.0, "lon": -122.46012889317942, "lat": 37.763446046062839 }, "geometry": { "type": "Point", "coordinates": [ -122.460128893179416, 37.763446046062839 ] } },
{ "type": "Feature", "properties": { "id": "g2297", "minutes": 36.0, "lon": -122.45785829569721, "lat": 37.763435622347195 }, "geometry": { "type": "Point", "coordinates": [ -122.457858295697207, 37.763435622347195 ] } },
{ "type": "Feature", "properties": { "id": "g2298", "minutes": 37.0, "lon": -122.45558769938805, "lat": 37.763425154887088 }, "geometry": { "type": "Point", "coordinates": [ -122.455587699388047, 37.763425154887088 ] } },
{ "type": "Feature", "properties": { "id": "g2299", "minutes": 35.0, "lon": -122.4533171042568, "lat": 37.763414643682616 }, "geometry": { "type": "Point", "coordinates": [ -122.453317104256797, 37.763414643682616 ] } },
{ "type": "Feature", "properties": { "id": "g2300", "minutes": 34.0, "lon": -122.45104651030843, "lat": 37.7634040887338 }, "geometry": { "type": "Point", "coordinates": [ -122.45104651030843, 37.7634040887338 ] } },
{ "type": "Feature", "properties": { "id": "g2301", "minutes": 33.0, "lon": -122.44877591754779, "lat": 37.763393490040748 }, "geometry": { "type": "Point", "coordinates": [ -122.448775917547792, 37.763393490040748 ] } },
{ "type": "Feature", "properties": { "id": "g2302", "minutes": 36.0, "lon": -122.44650532597983, "lat": 37.763382847603523 }, "geometry": { "type": "Point", "coordinates": [ -122.446505325979828, 37.763382847603523 ] } },
{ "type": "Feature", "properties": { "id": "g2303", "minutes": 34.0, "lon": -122.44423473560944, "lat": 37.763372161422183 }, "geometry": { "type": "Point", "coordinates": [ -122.444234735609442, 37.763372161422183 ] } },
{ "type": "Feature", "properties": { "id": "g2304", "minutes": 31.0, "lon": -122.44196414644153, "lat": 37.763361431496818 }, "geometry": { "type": "Point", "coordinates": [ -122.441964146441535, 37.763361431496818 ] } },
{ "type": "Feature", "properties": { "id": "g2305", "minutes": 28.0, "lon": -122.43969355848105, "lat": 37.763350657827488 }, "geometry": { "type": "Point", "coordinates": [ -122.439693558481054, 37.763350657827488 ] } },
{ "type": "Feature", "properties": { "id": "g2306", "minutes": 24.0, "lon": -122.43742297173286, "lat": 37.763339840414261 }, "geometry": { "type": "Point", "coordinates": [ -122.437422971732857, 37.763339840414261 ] } },
{ "type": "Feature", "properties": { "id": "g2307", "minutes": 21.0, "lon": -122.43515238620191, "lat": 37.76332897925721 }, "geometry": { "type": "Point", "coordinates": [ -122.435152386201906, 37.76332897925721 ] } },
{ "type": "Feature", "properties": { "id": "g2308", "minutes": 25.0, "lon": -122.43288180189309, "lat": 37.76331807435642 }, "geometry": { "type": "Point", "coordinates": [ -122.432881801893089, 37.76331807435642 ] } },
{ "type": "Feature", "properties": { "id": "g2309", "minutes": 27.0, "lon": -122.43061121881131, "lat": 37.763307125711961 }, "geometry": { "type": "Point", "coordinates": [ -122.430611218811308, 37.763307125711961 ] } },
{ "type": "Feature", "properties": { "id": "g2310", "minutes": 26.0, "lon": -122.42834063696151, "lat": 37.763296133323891 }, "geometry": { "type": "Point", "coordinates": [ -122.428340636961508, 37.763296133323891 ] } },
{ "type": "Feature", "properties": { "id": "g2311", "minutes": 28.0, "lon": -122.42607005634859, "lat": 37.763285097192295 }, "geometry": { "type": "Point", "coordinates": [ -122.426070056348593, 37.763285097192295 ] } },
{ "type": "Feature", "properties": { "id": "g2312", "minutes": 27.0, "lon": -122.42379947697744, "lat": 37.763274017317251 }, "geometry": { "type": "Point", "coordinates": [ -122.423799476977436, 37.763274017317251 ] } },
{ "type": "Feature", "properties": { "id": "g2313", "minutes": 24.0, "lon": -122.42152889885297, "lat": 37.763262893698808 }, "geometry": { "type": "Point", "coordinates": [ -122.421528898852969, 37.763262893698808 ] } },
{ "type": "Feature", "properties": { "id": "g2314", "minutes": 22.0, "lon": -122.41925832198014, "lat": 37.763251726337074 }, "geometry": { "type": "Point", "coordinates": [ -122.419258321980138, 37.763251726337074 ] } },
{ "type": "Feature", "properties": { "id": "g2315", "minutes": 26.0, "lon": -122.41698774636382, "lat": 37.763240515232106 }, "geometry": { "type": "Point", "coordinates": [ -122.416987746363816, 37.763240515232106 ] } },
{ "type": "Feature", "properties": { "id": "g2316", "minutes": 29.0, "lon": -122.41471717200892, "lat": 37.763229260383973 }, "geometry": { "type": "Point", "coordinates": [ -122.41471717200892, 37.763229260383973 ] } },
{ "type": "Feature", "properties": { "id": "g2317", "minutes": 33.0, "lon": -122.41244659892035, "lat": 37.763217961792748 }, "geometry": { "type": "Point", "coordinates": [ -122.412446598920354, 37.763217961792748 ] } },
{ "type": "Feature", "properties": { "id": "g2318", "minutes": 31.0, "lon": -122.41017602710306, "lat": 37.763206619458522 }, "geometry": { "type": "Point", "coordinates": [ -122.410176027103063, 37.763206619458522 ] } },
{ "type": "Feature", "properties": { "id": "g2319", "minutes": 32.0, "lon": -122.40790545656191, "lat": 37.763195233381367 }, "geometry": { "type": "Point", "coordinates": [ -122.407905456561906, 37.763195233381367 ] } },
{ "type": "Feature", "properties": { "id": "g2320", "minutes": 33.0, "lon": -122.40563488730187, "lat": 37.763183803561354 }, "geometry": { "type": "Point", "coordinates": [ -122.405634887301872, 37.763183803561354 ] } },
{ "type": "Feature", "properties": { "id": "g2321", "minutes": 34.0, "lon": -122.40336431932778, "lat": 37.763172329998554 }, "geometry": { "type": "Point", "coordinates": [ -122.403364319327778, 37.763172329998554 ] } },
{ "type": "Feature", "properties": { "id": "g2322", "minutes": 34.0, "lon": -122.4010937526446, "lat": 37.763160812693059 }, "geometry": { "type": "Point", "coordinates": [ -122.401093752644599, 37.763160812693059 ] } },
{ "type": "Feature", "properties": { "id": "g2323", "minutes": 36.0, "lon": -122.39882318725724, "lat": 37.763149251644926 }, "geometry": { "type": "Point", "coordinates": [ -122.398823187257236, 37.763149251644926 ] } },
{ "type": "Feature", "properties": { "id": "g2324", "minutes": 35.0, "lon": -122.39655262317058, "lat": 37.763137646854254 }, "geometry": { "type": "Point", "coordinates": [ -122.396552623170578, 37.763137646854254 ] } },
{ "type": "Feature", "properties": { "id": "g2325", "minutes": 37.0, "lon": -122.39428206038959, "lat": 37.763125998321101 }, "geometry": { "type": "Point", "coordinates": [ -122.394282060389585, 37.763125998321101 ] } },
{ "type": "Feature", "properties": { "id": "g2326", "minutes": 34.0, "lon": -122.39201149891912, "lat": 37.763114306045559 }, "geometry": { "type": "Point", "coordinates": [ -122.392011498919118, 37.763114306045559 ] } },
{ "type": "Feature", "properties": { "id": "g2327", "minutes": 30.0, "lon": -122.38974093876408, "lat": 37.763102570027684 }, "geometry": { "type": "Point", "coordinates": [ -122.389740938764078, 37.763102570027684 ] } },
{ "type": "Feature", "properties": { "id": "g2328", "minutes": 31.0, "lon": -122.38747037992944, "lat": 37.763090790267583 }, "geometry": { "type": "Point", "coordinates": [ -122.387470379929439, 37.763090790267583 ] } },
{ "type": "Feature", "properties": { "id": "g2329", "minutes": 32.0, "lon": -122.38519982242009, "lat": 37.763078966765313 }, "geometry": { "type": "Point", "coordinates": [ -122.385199822420091, 37.763078966765313 ] } },
{ "type": "Feature", "properties": { "id": "g2330", "minutes": 32.0, "lon": -122.38292926624089, "lat": 37.76306709952096 }, "geometry": { "type": "Point", "coordinates": [ -122.382929266240893, 37.76306709952096 ] } },
{ "type": "Feature", "properties": { "id": "g2331", "minutes": 32.0, "lon": -122.38065871139683, "lat": 37.763055188534601 }, "geometry": { "type": "Point", "coordinates": [ -122.380658711396833, 37.763055188534601 ] } },
{ "type": "Feature", "properties": { "id": "g2332", "minutes": 32.0, "lon": -122.37838815789274, "lat": 37.763043233806322 }, "geometry": { "type": "Point", "coordinates": [ -122.378388157892743, 37.763043233806322 ] } },
{ "type": "Feature", "properties": { "id": "g2344", "minutes": 61.0, "lon": -122.51234111193037, "lat": 37.765476304736545 }, "geometry": { "type": "Point", "coordinates": [ -122.512341111930368, 37.765476304736545 ] } },
{ "type": "Feature", "properties": { "id": "g2345", "minutes": 60.0, "lon": -122.51007043371892, "lat": 37.76546688655381 }, "geometry": { "type": "Point", "coordinates": [ -122.510070433718923, 37.76546688655381 ] } },
{ "type": "Feature", "properties": { "id": "g2346", "minutes": 61.0, "lon": -122.50779975656761, "lat": 37.765457424622291 }, "geometry": { "type": "Point", "coordinates": [ -122.507799756567607, 37.765457424622291 ] } },
{ "type": "Feature", "properties": { "id": "g2347", "minutes": 62.0, "lon": -122.50552908048138, "lat": 37.765447918942009 }, "geometry": { "type": "Point", "coordinates": [ -122.505529080481381, 37.765447918942009 ] } },
{ "type": "Feature", "properties": { "id": "g2348", "minutes": 61.0, "lon": -122.50325840546509, "lat": 37.765438369513049 }, "geometry": { "type": "Point", "coordinates": [ -122.50325840546509, 37.765438369513049 ] } },
{ "type": "Feature", "properties": { "id": "g2349", "minutes": 59.0, "lon": -122.50098773152371, "lat": 37.76542877633549 }, "geometry": { "type": "Point", "coordinates": [ -122.500987731523708, 37.76542877633549 ] } },
{ "type": "Feature", "properties": { "id": "g2350", "minutes": 60.0, "lon": -122.49871705866212, "lat": 37.765419139409381 }, "geometry": { "type": "Point", "coordinates": [ -122.498717058662123, 37.765419139409381 ] } },
{ "type": "Feature", "properties": { "id": "g2351", "minutes": 57.0, "lon": -122.49644638688525, "lat": 37.76540945873478 }, "geometry": { "type": "Point", "coordinates": [ -122.496446386885253, 37.76540945873478 ] } },
{ "type": "Feature", "properties": { "id": "g2352", "minutes": 55.0, "lon": -122.494175716198, "lat": 37.765399734311757 }, "geometry": { "type": "Point", "coordinates": [ -122.494175716198001, 37.765399734311757 ] } },
{ "type": "Feature", "properties": { "id": "g2353", "minutes": 55.0, "lon": -122.49190504660527, "lat": 37.765389966140361 }, "geometry": { "type": "Point", "coordinates": [ -122.491905046605268, 37.765389966140361 ] } },
{ "type": "Feature", "properties": { "id": "g2354", "minutes": 54.0, "lon": -122.48963437811199, "lat": 37.765380154220701 }, "geometry": { "type": "Point", "coordinates": [ -122.489634378111987, 37.765380154220701 ] } },
{ "type": "Feature", "properties": { "id": "g2355", "minutes": 53.0, "lon": -122.48736371072307, "lat": 37.765370298552803 }, "geometry": { "type": "Point", "coordinates": [ -122.487363710723073, 37.765370298552803 ] } },
{ "type": "Feature", "properties": { "id": "g2356", "minutes": 51.0, "lon": -122.48509304444342, "lat": 37.765360399136739 }, "geometry": { "type": "Point", "coordinates": [ -122.485093044443417, 37.765360399136739 ] } },
{ "type": "Feature", "properties": { "id": "g2357", "minutes": 50.0, "lon": -122.48282237927795, "lat": 37.765350455972587 }, "geometry": { "type": "Point", "coordinates": [ -122.482822379277948, 37.765350455972587 ] } },
{ "type": "Feature", "properties": { "id": "g2358", "minutes": 47.0, "lon": -122.48055171523158, "lat": 37.765340469060391 }, "geometry": { "type": "Point", "coordinates": [ -122.480551715231584, 37.765340469060391 ] } },
{ "type": "Feature", "properties": { "id": "g2359", "minutes": 46.0, "lon": -122.47828105230921, "lat": 37.765330438400255 }, "geometry": { "type": "Point", "coordinates": [ -122.478281052309214, 37.765330438400255 ] } },
{ "type": "Feature", "properties": { "id": "g2360", "minutes": 50.0, "lon": -122.4760103905158, "lat": 37.765320363992203 }, "geometry": { "type": "Point", "coordinates": [ -122.476010390515796, 37.765320363992203 ] } },
{ "type": "Feature", "properties": { "id": "g2361", "minutes": 45.0, "lon": -122.47373972985618, "lat": 37.765310245836332 }, "geometry": { "type": "Point", "coordinates": [ -122.473739729856177, 37.765310245836332 ] } },
{ "type": "Feature", "properties": { "id": "g2362", "minutes": 45.0, "lon": -122.47146907033532, "lat": 37.765300083932694 }, "geometry": { "type": "Point", "coordinates": [ -122.471469070335317, 37.765300083932694 ] } },
{ "type": "Feature", "properties": { "id": "g2363", "minutes": 43.0, "lon": -122.46919841195812, "lat": 37.765289878281365 }, "geometry": { "type": "Point", "coordinates": [ -122.469198411958118, 37.765289878281365 ] } },
{ "type": "Feature", "properties": { "id": "g2364", "minutes": 39.0, "lon": -122.4669277547295, "lat": 37.765279628882418 }, "geometry": { "type": "Point", "coordinates": [ -122.466927754729497, 37.765279628882418 ] } },
{ "type": "Feature", "properties": { "id": "g2365", "minutes": 39.0, "lon": -122.46465709865436, "lat": 37.765269335735908 }, "geometry": { "type": "Point", "coordinates": [ -122.464657098654357, 37.765269335735908 ] } },
{ "type": "Feature", "properties": { "id": "g2366", "minutes": 38.0, "lon": -122.46238644373759, "lat": 37.765258998841908 }, "geometry": { "type": "Point", "coordinates": [ -122.462386443737586, 37.765258998841908 ] } },
{ "type": "Feature", "properties": { "id": "g2367", "minutes": 36.0, "lon": -122.46011578998414, "lat": 37.765248618200495 }, "geometry": { "type": "Point", "coordinates": [ -122.460115789984144, 37.765248618200495 ] } },
{ "type": "Feature", "properties": { "id": "g2368", "minutes": 34.0, "lon": -122.45784513739892, "lat": 37.765238193811726 }, "geometry": { "type": "Point", "coordinates": [ -122.45784513739892, 37.765238193811726 ] } },
{ "type": "Feature", "properties": { "id": "g2369", "minutes": 33.0, "lon": -122.45557448598682, "lat": 37.765227725675665 }, "geometry": { "type": "Point", "coordinates": [ -122.455574485986816, 37.765227725675665 ] } },
{ "type": "Feature", "properties": { "id": "g2370", "minutes": 32.0, "lon": -122.45330383575278, "lat": 37.765217213792397 }, "geometry": { "type": "Point", "coordinates": [ -122.453303835752777, 37.765217213792397 ] } },
{ "type": "Feature", "properties": { "id": "g2371", "minutes": 32.0, "lon": -122.45103318670169, "lat": 37.765206658162001 }, "geometry": { "type": "Point", "coordinates": [ -122.451033186701693, 37.765206658162001 ] } },
{ "type": "Feature", "properties": { "id": "g2372", "minutes": 32.0, "lon": -122.44876253883847, "lat": 37.765196058784518 }, "geometry": { "type": "Point", "coordinates": [ -122.448762538838466, 37.765196058784518 ] } },
{ "type": "Feature", "properties": { "id": "g2373", "minutes": 37.0, "lon": -122.44649189216801, "lat": 37.765185415660028 }, "geometry": { "type": "Point", "coordinates": [ -122.446491892168012, 37.765185415660028 ] } },
{ "type": "Feature", "properties": { "id": "g2374", "minutes": 35.0, "lon": -122.44422124669526, "lat": 37.765174728788629 }, "geometry": { "type": "Point", "coordinates": [ -122.444221246695264, 37.765174728788629 ] } },
{ "type": "Feature", "properties": { "id": "g2375", "minutes": 32.0, "lon": -122.44195060242511, "lat": 37.765163998170351 }, "geometry": { "type": "Point", "coordinates": [ -122.441950602425109, 37.765163998170351 ] } },
{ "type": "Feature", "properties": { "id": "g2376", "minutes": 32.0, "lon": -122.43967995936248, "lat": 37.765153223805292 }, "geometry": { "type": "Point", "coordinates": [ -122.439679959362479, 37.765153223805292 ] } },
{ "type": "Feature", "properties": { "id": "g2377", "minutes": 27.0, "lon": -122.43740931751228, "lat": 37.765142405693524 }, "geometry": { "type": "Point", "coordinates": [ -122.437409317512277, 37.765142405693524 ] } },
{ "type": "Feature", "properties": { "id": "g2378", "minutes": 24.0, "lon": -122.43513867687942, "lat": 37.765131543835111 }, "geometry": { "type": "Point", "coordinates": [ -122.435138676879419, 37.765131543835111 ] } },
{ "type": "Feature", "properties": { "id": "g2379", "minutes": 25.0, "lon": -122.43286803746882, "lat": 37.765120638230108 }, "geometry": { "type": "Point", "coordinates": [ -122.432868037468822, 37.765120638230108 ] } },
{ "type": "Feature", "properties": { "id": "g2380", "minutes": 24.0, "lon": -122.4305973992854, "lat": 37.765109688878624 }, "geometry": { "type": "Point", "coordinates": [ -122.430597399285404, 37.765109688878624 ] } },
{ "type": "Feature", "properties": { "id": "g2381", "minutes": 24.0, "lon": -122.42832676233401, "lat": 37.765098695780715 }, "geometry": { "type": "Point", "coordinates": [ -122.428326762334009, 37.765098695780715 ] } },
{ "type": "Feature", "properties": { "id": "g2382", "minutes": 25.0, "lon": -122.42605612661966, "lat": 37.765087658936437 }, "geometry": { "type": "Point", "coordinates": [ -122.426056126619656, 37.765087658936437 ] } },
{ "type": "Feature", "properties": { "id": "g2383", "minutes": 25.0, "lon": -122.42378549214718, "lat": 37.765076578345891 }, "geometry": { "type": "Point", "coordinates": [ -122.423785492147175, 37.765076578345891 ] } },
{ "type": "Feature", "properties": { "id": "g2384", "minutes": 21.0, "lon": -122.42151485892151, "lat": 37.76506545400914 }, "geometry": { "type": "Point", "coordinates": [ -122.421514858921512, 37.76506545400914 ] } },
{ "type": "Feature", "properties": { "id": "g2385", "minutes": 20.0, "lon": -122.4192442269476, "lat": 37.765054285926254 }, "geometry": { "type": "Point", "coordinates": [ -122.419244226947598, 37.765054285926254 ] } },
{ "type": "Feature", "properties": { "id": "g2386", "minutes": 23.0, "lon": -122.41697359623031, "lat": 37.765043074097306 }, "geometry": { "type": "Point", "coordinates": [ -122.416973596230306, 37.765043074097306 ] } },
{ "type": "Feature", "properties": { "id": "g2387", "minutes": 26.0, "lon": -122.41470296677457, "lat": 37.765031818522381 }, "geometry": { "type": "Point", "coordinates": [ -122.41470296677457, 37.765031818522381 ] } },
{ "type": "Feature", "properties": { "id": "g2388", "minutes": 30.0, "lon": -122.41243233858528, "lat": 37.765020519201549 }, "geometry": { "type": "Point", "coordinates": [ -122.412432338585276, 37.765020519201549 ] } },
{ "type": "Feature", "properties": { "id": "g2389", "minutes": 29.0, "lon": -122.41016171166737, "lat": 37.765009176134875 }, "geometry": { "type": "Point", "coordinates": [ -122.410161711667371, 37.765009176134875 ] } },
{ "type": "Feature", "properties": { "id": "g2390", "minutes": 30.0, "lon": -122.40789108602574, "lat": 37.764997789322443 }, "geometry": { "type": "Point", "coordinates": [ -122.407891086025742, 37.764997789322443 ] } },
{ "type": "Feature", "properties": { "id": "g2391", "minutes": 32.0, "lon": -122.40562046166532, "lat": 37.764986358764347 }, "geometry": { "type": "Point", "coordinates": [ -122.405620461665322, 37.764986358764347 ] } },
{ "type": "Feature", "properties": { "id": "g2392", "minutes": 31.0, "lon": -122.40334983859101, "lat": 37.764974884460635 }, "geometry": { "type": "Point", "coordinates": [ -122.403349838591012, 37.764974884460635 ] } },
{ "type": "Feature", "properties": { "id": "g2393", "minutes": 32.0, "lon": -122.40107921680772, "lat": 37.764963366411386 }, "geometry": { "type": "Point", "coordinates": [ -122.401079216807716, 37.764963366411386 ] } },
{ "type": "Feature", "properties": { "id": "g2394", "minutes": 33.0, "lon": -122.39880859632032, "lat": 37.7649518046167 }, "geometry": { "type": "Point", "coordinates": [ -122.398808596320322, 37.7649518046167 ] } },
{ "type": "Feature", "properties": { "id": "g2395", "minutes": 32.0, "lon": -122.39653797713382, "lat": 37.764940199076626 }, "geometry": { "type": "Point", "coordinates": [ -122.396537977133818, 37.764940199076626 ] } },
{ "type": "Feature", "properties": { "id": "g2396", "minutes": 34.0, "lon": -122.39426735925306, "lat": 37.764928549791257 }, "geometry": { "type": "Point", "coordinates": [ -122.394267359253064, 37.764928549791257 ] } },
{ "type": "Feature", "properties": { "id": "g2397", "minutes": 31.0, "lon": -122.39199674268295, "lat": 37.764916856760671 }, "geometry": { "type": "Point", "coordinates": [ -122.391996742682949, 37.764916856760671 ] } },
{ "type": "Feature", "properties": { "id": "g2398", "minutes": 32.0, "lon": -122.38972612742845, "lat": 37.764905119984938 }, "geometry": { "type": "Point", "coordinates": [ -122.389726127428446, 37.764905119984938 ] } },
{ "type": "Feature", "properties": { "id": "g2399", "minutes": 32.0, "lon": -122.38745551349443, "lat": 37.764893339464138 }, "geometry": { "type": "Point", "coordinates": [ -122.38745551349443, 37.764893339464138 ] } },
{ "type": "Feature", "properties": { "id": "g2400", "minutes": 33.0, "lon": -122.38518490088582, "lat": 37.764881515198361 }, "geometry": { "type": "Point", "coordinates": [ -122.385184900885818, 37.764881515198361 ] } },
{ "type": "Feature", "properties": { "id": "g2401", "minutes": 32.0, "lon": -122.38291428960751, "lat": 37.764869647187673 }, "geometry": { "type": "Point", "coordinates": [ -122.382914289607513, 37.764869647187673 ] } },
{ "type": "Feature", "properties": { "id": "g2402", "minutes": 32.0, "lon": -122.38064367966443, "lat": 37.764857735432145 }, "geometry": { "type": "Point", "coordinates": [ -122.380643679664431, 37.764857735432145 ] } },
{ "type": "Feature", "properties": { "id": "g2414", "minutes": 60.0, "lon": -122.51460000945649, "lat": 37.767288266059772 }, "geometry": { "type": "Point", "coordinates": [ -122.514600009456487, 37.767288266059772 ] } },
{ "type": "Feature", "properties": { "id": "g2415", "minutes": 61.0, "lon": -122.51232927507931, "lat": 37.767278891020538 }, "geometry": { "type": "Point", "coordinates": [ -122.51232927507931, 37.767278891020538 ] } },
{ "type": "Feature", "properties": { "id": "g2416", "minutes": 60.0, "lon": -122.5100585417575, "lat": 37.767269472229628 }, "geometry": { "type": "Point", "coordinates": [ -122.510058541757502, 37.767269472229628 ] } },
{ "type": "Feature", "properties": { "id": "g2417", "minutes": 61.0, "lon": -122.50778780949594, "lat": 37.767260009687085 }, "geometry": { "type": "Point", "coordinates": [ -122.507787809495937, 37.767260009687085 ] } },
{ "type": "Feature", "properties": { "id": "g2418", "minutes": 63.0, "lon": -122.5055170782995, "lat": 37.767250503392972 }, "geometry": { "type": "Point", "coordinates": [ -122.505517078299505, 37.767250503392972 ] } },
{ "type": "Feature", "properties": { "id": "g2419", "minutes": 62.0, "lon": -122.50324634817316, "lat": 37.767240953347361 }, "geometry": { "type": "Point", "coordinates": [ -122.503246348173164, 37.767240953347361 ] } },
{ "type": "Feature", "properties": { "id": "g2420", "minutes": 62.0, "lon": -122.50097561912182, "lat": 37.767231359550308 }, "geometry": { "type": "Point", "coordinates": [ -122.500975619121817, 37.767231359550308 ] } },
{ "type": "Feature", "properties": { "id": "g2421", "minutes": 64.0, "lon": -122.49870489115035, "lat": 37.767221722001878 }, "geometry": { "type": "Point", "coordinates": [ -122.498704891150354, 37.767221722001878 ] } },
{ "type": "Feature", "properties": { "id": "g2422", "minutes": 61.0, "lon": -122.4964341642637, "lat": 37.767212040702148 }, "geometry": { "type": "Point", "coordinates": [ -122.496434164263704, 37.767212040702148 ] } },
{ "type": "Feature", "properties": { "id": "g2423", "minutes": 58.0, "lon": -122.49416343846677, "lat": 37.767202315651154 }, "geometry": { "type": "Point", "coordinates": [ -122.494163438466771, 37.767202315651154 ] } },
{ "type": "Feature", "properties": { "id": "g2424", "minutes": 58.0, "lon": -122.4918927137645, "lat": 37.767192546848989 }, "geometry": { "type": "Point", "coordinates": [ -122.4918927137645, 37.767192546848989 ] } },
{ "type": "Feature", "properties": { "id": "g2425", "minutes": 58.0, "lon": -122.48962199016175, "lat": 37.767182734295709 }, "geometry": { "type": "Point", "coordinates": [ -122.489621990161751, 37.767182734295709 ] } },
{ "type": "Feature", "properties": { "id": "g2426", "minutes": 58.0, "lon": -122.4873512676635, "lat": 37.767172877991371 }, "geometry": { "type": "Point", "coordinates": [ -122.487351267663499, 37.767172877991371 ] } },
{ "type": "Feature", "properties": { "id": "g2427", "minutes": 56.0, "lon": -122.48508054627459, "lat": 37.767162977936046 }, "geometry": { "type": "Point", "coordinates": [ -122.485080546274588, 37.767162977936046 ] } },
{ "type": "Feature", "properties": { "id": "g2428", "minutes": 54.0, "lon": -122.48280982599998, "lat": 37.767153034129798 }, "geometry": { "type": "Point", "coordinates": [ -122.482809825999979, 37.767153034129798 ] } },
{ "type": "Feature", "properties": { "id": "g2429", "minutes": 51.0, "lon": -122.48053910684459, "lat": 37.767143046572713 }, "geometry": { "type": "Point", "coordinates": [ -122.480539106844589, 37.767143046572713 ] } },
{ "type": "Feature", "properties": { "id": "g2430", "minutes": 48.0, "lon": -122.47826838881328, "lat": 37.767133015264818 }, "geometry": { "type": "Point", "coordinates": [ -122.478268388813277, 37.767133015264818 ] } },
{ "type": "Feature", "properties": { "id": "g2431", "minutes": 49.0, "lon": -122.47599767191102, "lat": 37.767122940206214 }, "geometry": { "type": "Point", "coordinates": [ -122.475997671911017, 37.767122940206214 ] } },
{ "type": "Feature", "properties": { "id": "g2432", "minutes": 52.0, "lon": -122.47372695614271, "lat": 37.767112821396957 }, "geometry": { "type": "Point", "coordinates": [ -122.473726956142713, 37.767112821396957 ] } },
{ "type": "Feature", "properties": { "id": "g2433", "minutes": 49.0, "lon": -122.47145624151325, "lat": 37.767102658837125 }, "geometry": { "type": "Point", "coordinates": [ -122.471456241513252, 37.767102658837125 ] } },
{ "type": "Feature", "properties": { "id": "g2434", "minutes": 44.0, "lon": -122.46918552802755, "lat": 37.767092452526754 }, "geometry": { "type": "Point", "coordinates": [ -122.469185528027552, 37.767092452526754 ] } },
{ "type": "Feature", "properties": { "id": "g2435", "minutes": 41.0, "lon": -122.46691481569053, "lat": 37.767082202465943 }, "geometry": { "type": "Point", "coordinates": [ -122.466914815690529, 37.767082202465943 ] } },
{ "type": "Feature", "properties": { "id": "g2436", "minutes": 41.0, "lon": -122.4646441045071, "lat": 37.767071908654749 }, "geometry": { "type": "Point", "coordinates": [ -122.464644104507101, 37.767071908654749 ] } },
{ "type": "Feature", "properties": { "id": "g2437", "minutes": 42.0, "lon": -122.46237339448217, "lat": 37.767061571093237 }, "geometry": { "type": "Point", "coordinates": [ -122.462373394482171, 37.767061571093237 ] } },
{ "type": "Feature", "properties": { "id": "g2438", "minutes": 40.0, "lon": -122.46010268562065, "lat": 37.767051189781476 }, "geometry": { "type": "Point", "coordinates": [ -122.460102685620654, 37.767051189781476 ] } },
{ "type": "Feature", "properties": { "id": "g2439", "minutes": 37.0, "lon": -122.4578319779275, "lat": 37.767040764719553 }, "geometry": { "type": "Point", "coordinates": [ -122.457831977927498, 37.767040764719553 ] } },
{ "type": "Feature", "properties": { "id": "g2440", "minutes": 38.0, "lon": -122.45556127140756, "lat": 37.76703029590751 }, "geometry": { "type": "Point", "coordinates": [ -122.455561271407561, 37.76703029590751 ] } },
{ "type": "Feature", "properties": { "id": "g2441", "minutes": 34.0, "lon": -122.45329056606579, "lat": 37.767019783345432 }, "geometry": { "type": "Point", "coordinates": [ -122.453290566065789, 37.767019783345432 ] } },
{ "type": "Feature", "properties": { "id": "g2442", "minutes": 33.0, "lon": -122.45101986190708, "lat": 37.767009227033405 }, "geometry": { "type": "Point", "coordinates": [ -122.451019861907085, 37.767009227033405 ] } },
{ "type": "Feature", "properties": { "id": "g2443", "minutes": 33.0, "lon": -122.44874915893634, "lat": 37.766998626971464 }, "geometry": { "type": "Point", "coordinates": [ -122.448749158936337, 37.766998626971464 ] } },
{ "type": "Feature", "properties": { "id": "g2444", "minutes": 35.0, "lon": -122.44647845715851, "lat": 37.766987983159694 }, "geometry": { "type": "Point", "coordinates": [ -122.446478457158506, 37.766987983159694 ] } },
{ "type": "Feature", "properties": { "id": "g2445", "minutes": 36.0, "lon": -122.44420775657851, "lat": 37.766977295598174 }, "geometry": { "type": "Point", "coordinates": [ -122.444207756578507, 37.766977295598174 ] } },
{ "type": "Feature", "properties": { "id": "g2446", "minutes": 36.0, "lon": -122.44193705720117, "lat": 37.766966564286975 }, "geometry": { "type": "Point", "coordinates": [ -122.441937057201173, 37.766966564286975 ] } },
{ "type": "Feature", "properties": { "id": "g2447", "minutes": 31.0, "lon": -122.43966635903152, "lat": 37.766955789226159 }, "geometry": { "type": "Point", "coordinates": [ -122.43966635903152, 37.766955789226159 ] } },
{ "type": "Feature", "properties": { "id": "g2448", "minutes": 29.0, "lon": -122.43739566207437, "lat": 37.766944970415793 }, "geometry": { "type": "Point", "coordinates": [ -122.437395662074366, 37.766944970415793 ] } },
{ "type": "Feature", "properties": { "id": "g2449", "minutes": 27.0, "lon": -122.4351249663347, "lat": 37.766934107855967 }, "geometry": { "type": "Point", "coordinates": [ -122.435124966334698, 37.766934107855967 ] } },
{ "type": "Feature", "properties": { "id": "g2450", "minutes": 25.0, "lon": -122.43285427181739, "lat": 37.766923201546753 }, "geometry": { "type": "Point", "coordinates": [ -122.432854271817391, 37.766923201546753 ] } },
{ "type": "Feature", "properties": { "id": "g2451", "minutes": 21.0, "lon": -122.43058357852736, "lat": 37.766912251488193 }, "geometry": { "type": "Point", "coordinates": [ -122.430583578527362, 37.766912251488193 ] } },
{ "type": "Feature", "properties": { "id": "g2452", "minutes": 22.0, "lon": -122.42831288646953, "lat": 37.766901257680409 }, "geometry": { "type": "Point", "coordinates": [ -122.428312886469527, 37.766901257680409 ] } },
{ "type": "Feature", "properties": { "id": "g2453", "minutes": 25.0, "lon": -122.4260421956488, "lat": 37.766890220123429 }, "geometry": { "type": "Point", "coordinates": [ -122.426042195648805, 37.766890220123429 ] } },
{ "type": "Feature", "properties": { "id": "g2454", "minutes": 29.0, "lon": -122.42377150607011, "lat": 37.766879138817345 }, "geometry": { "type": "Point", "coordinates": [ -122.423771506070111, 37.766879138817345 ] } },
{ "type": "Feature", "properties": { "id": "g2455", "minutes": 25.0, "lon": -122.42150081773833, "lat": 37.766868013762242 }, "geometry": { "type": "Point", "coordinates": [ -122.421500817738334, 37.766868013762242 ] } },
{ "type": "Feature", "properties": { "id": "g2456", "minutes": 23.0, "lon": -122.41923013065841, "lat": 37.76685684495817 }, "geometry": { "type": "Point", "coordinates": [ -122.419230130658406, 37.76685684495817 ] } },
{ "type": "Feature", "properties": { "id": "g2457", "minutes": 26.0, "lon": -122.41695944483523, "lat": 37.766845632405222 }, "geometry": { "type": "Point", "coordinates": [ -122.416959444835229, 37.766845632405222 ] } },
{ "type": "Feature", "properties": { "id": "g2458", "minutes": 29.0, "lon": -122.41468876027375, "lat": 37.766834376103468 }, "geometry": { "type": "Point", "coordinates": [ -122.414688760273748, 37.766834376103468 ] } },
{ "type": "Feature", "properties": { "id": "g2459", "minutes": 30.0, "lon": -122.41241807697882, "lat": 37.766823076052972 }, "geometry": { "type": "Point", "coordinates": [ -122.412418076978824, 37.766823076052972 ] } },
{ "type": "Feature", "properties": { "id": "g2460", "minutes": 30.0, "lon": -122.41014739495539, "lat": 37.766811732253828 }, "geometry": { "type": "Point", "coordinates": [ -122.410147394955388, 37.766811732253828 ] } },
{ "type": "Feature", "properties": { "id": "g2461", "minutes": 29.0, "lon": -122.40787671420838, "lat": 37.766800344706098 }, "geometry": { "type": "Point", "coordinates": [ -122.407876714208385, 37.766800344706098 ] } },
{ "type": "Feature", "properties": { "id": "g2462", "minutes": 32.0, "lon": -122.40560603474268, "lat": 37.766788913409854 }, "geometry": { "type": "Point", "coordinates": [ -122.405606034742675, 37.766788913409854 ] } },
{ "type": "Feature", "properties": { "id": "g2463", "minutes": 31.0, "lon": -122.40333535656318, "lat": 37.766777438365196 }, "geometry": { "type": "Point", "coordinates": [ -122.403335356563176, 37.766777438365196 ] } },
{ "type": "Feature", "properties": { "id": "g2464", "minutes": 32.0, "lon": -122.40106467967487, "lat": 37.766765919572173 }, "geometry": { "type": "Point", "coordinates": [ -122.401064679674874, 37.766765919572173 ] } },
{ "type": "Feature", "properties": { "id": "g2465", "minutes": 32.0, "lon": -122.39879400408259, "lat": 37.766754357030869 }, "geometry": { "type": "Point", "coordinates": [ -122.398794004082589, 37.766754357030869 ] } },
{ "type": "Feature", "properties": { "id": "g2466", "minutes": 30.0, "lon": -122.39652332979129, "lat": 37.766742750741372 }, "geometry": { "type": "Point", "coordinates": [ -122.396523329791293, 37.766742750741372 ] } },
{ "type": "Feature", "properties": { "id": "g2467", "minutes": 30.0, "lon": -122.39425265680588, "lat": 37.766731100703758 }, "geometry": { "type": "Point", "coordinates": [ -122.394252656805875, 37.766731100703758 ] } },
{ "type": "Feature", "properties": { "id": "g2468", "minutes": 28.0, "lon": -122.39198198513124, "lat": 37.766719406918085 }, "geometry": { "type": "Point", "coordinates": [ -122.391981985131238, 37.766719406918085 ] } },
{ "type": "Feature", "properties": { "id": "g2469", "minutes": 27.0, "lon": -122.38971131477231, "lat": 37.766707669384459 }, "geometry": { "type": "Point", "coordinates": [ -122.389711314772313, 37.766707669384459 ] } },
{ "type": "Feature", "properties": { "id": "g2470", "minutes": 30.0, "lon": -122.387440645734, "lat": 37.766695888102937 }, "geometry": { "type": "Point", "coordinates": [ -122.387440645734003, 37.766695888102937 ] } },
{ "type": "Feature", "properties": { "id": "g2471", "minutes": 31.0, "lon": -122.38516997802122, "lat": 37.766684063073612 }, "geometry": { "type": "Point", "coordinates": [ -122.385169978021224, 37.766684063073612 ] } },
{ "type": "Feature", "properties": { "id": "g2472", "minutes": 30.0, "lon": -122.38289931163887, "lat": 37.76667219429654 }, "geometry": { "type": "Point", "coordinates": [ -122.382899311638866, 37.76667219429654 ] } },
{ "type": "Feature", "properties": { "id": "g2485", "minutes": 59.0, "lon": -122.5145882266655, "lat": 37.769090852393198 }, "geometry": { "type": "Point", "coordinates": [ -122.514588226665495, 37.769090852393198 ] } },
{ "type": "Feature", "properties": { "id": "g2486", "minutes": 59.0, "lon": -122.51231743717295, "lat": 37.769081476748575 }, "geometry": { "type": "Point", "coordinates": [ -122.512317437172953, 37.769081476748575 ] } },
{ "type": "Feature", "properties": { "id": "g2487", "minutes": 58.0, "lon": -122.51004664873585, "lat": 37.76907205734944 }, "geometry": { "type": "Point", "coordinates": [ -122.510046648735852, 37.76907205734944 ] } },
{ "type": "Feature", "properties": { "id": "g2488", "minutes": 60.0, "lon": -122.50777586135908, "lat": 37.769062594195852 }, "geometry": { "type": "Point", "coordinates": [ -122.507775861359079, 37.769062594195852 ] } },
{ "type": "Feature", "properties": { "id": "g2489", "minutes": 59.0, "lon": -122.50550507504758, "lat": 37.769053087287872 }, "geometry": { "type": "Point", "coordinates": [ -122.50550507504758, 37.769053087287872 ] } },
{ "type": "Feature", "properties": { "id": "g2490", "minutes": 59.0, "lon": -122.50323428980624, "lat": 37.769043536625581 }, "geometry": { "type": "Point", "coordinates": [ -122.503234289806244, 37.769043536625581 ] } },
{ "type": "Feature", "properties": { "id": "g2491", "minutes": 60.0, "lon": -122.50096350564, "lat": 37.769033942209006 }, "geometry": { "type": "Point", "coordinates": [ -122.500963505640001, 37.769033942209006 ] } },
{ "type": "Feature", "properties": { "id": "g2492", "minutes": 61.0, "lon": -122.49869272255377, "lat": 37.76902430403824 }, "geometry": { "type": "Point", "coordinates": [ -122.49869272255377, 37.76902430403824 ] } },
{ "type": "Feature", "properties": { "id": "g2493", "minutes": 61.0, "lon": -122.49642194055242, "lat": 37.769014622113332 }, "geometry": { "type": "Point", "coordinates": [ -122.496421940552423, 37.769014622113332 ] } },
{ "type": "Feature", "properties": { "id": "g2494", "minutes": 59.0, "lon": -122.49415115964094, "lat": 37.769004896434353 }, "geometry": { "type": "Point", "coordinates": [ -122.494151159640936, 37.769004896434353 ] } },
{ "type": "Feature", "properties": { "id": "g2495", "minutes": 61.0, "lon": -122.49188037982417, "lat": 37.768995127001368 }, "geometry": { "type": "Point", "coordinates": [ -122.491880379824167, 37.768995127001368 ] } },
{ "type": "Feature", "properties": { "id": "g2496", "minutes": 59.0, "lon": -122.48960960110706, "lat": 37.76898531381444 }, "geometry": { "type": "Point", "coordinates": [ -122.489609601107063, 37.76898531381444 ] } },
{ "type": "Feature", "properties": { "id": "g2497", "minutes": 63.0, "lon": -122.48733882349454, "lat": 37.76897545687364 }, "geometry": { "type": "Point", "coordinates": [ -122.487338823494539, 37.76897545687364 ] } },
{ "type": "Feature", "properties": { "id": "g2498", "minutes": 61.0, "lon": -122.48506804699147, "lat": 37.768965556179026 }, "geometry": { "type": "Point", "coordinates": [ -122.485068046991472, 37.768965556179026 ] } },
{ "type": "Feature", "properties": { "id": "g2499", "minutes": 58.0, "lon": -122.48279727160281, "lat": 37.768955611730668 }, "geometry": { "type": "Point", "coordinates": [ -122.482797271602806, 37.768955611730668 ] } },
{ "type": "Feature", "properties": { "id": "g2500", "minutes": 52.0, "lon": -122.48052649733344, "lat": 37.76894562352863 }, "geometry": { "type": "Point", "coordinates": [ -122.480526497333443, 37.76894562352863 ] } },
{ "type": "Feature", "properties": { "id": "g2501", "minutes": 52.0, "lon": -122.47825572418832, "lat": 37.768935591572969 }, "geometry": { "type": "Point", "coordinates": [ -122.478255724188315, 37.768935591572969 ] } },
{ "type": "Feature", "properties": { "id": "g2502", "minutes": 59.0, "lon": -122.47598495217234, "lat": 37.768925515863778 }, "geometry": { "type": "Point", "coordinates": [ -122.47598495217234, 37.768925515863778 ] } },
{ "type": "Feature", "properties": { "id": "g2503", "minutes": 57.0, "lon": -122.47371418129039, "lat": 37.768915396401098 }, "geometry": { "type": "Point", "coordinates": [ -122.47371418129039, 37.768915396401098 ] } },
{ "type": "Feature", "properties": { "id": "g2504", "minutes": 49.0, "lon": -122.47144341154741, "lat": 37.768905233185016 }, "geometry": { "type": "Point", "coordinates": [ -122.471443411547412, 37.768905233185016 ] } },
{ "type": "Feature", "properties": { "id": "g2505", "minutes": 46.0, "lon": -122.46917264294829, "lat": 37.768895026215588 }, "geometry": { "type": "Point", "coordinates": [ -122.469172642948294, 37.768895026215588 ] } },
{ "type": "Feature", "properties": { "id": "g2506", "minutes": 45.0, "lon": -122.46690187549798, "lat": 37.768884775492879 }, "geometry": { "type": "Point", "coordinates": [ -122.466901875497982, 37.768884775492879 ] } },
{ "type": "Feature", "properties": { "id": "g2507", "minutes": 45.0, "lon": -122.46463110920135, "lat": 37.768874481016965 }, "geometry": { "type": "Point", "coordinates": [ -122.464631109201349, 37.768874481016965 ] } },
{ "type": "Feature", "properties": { "id": "g2508", "minutes": 46.0, "lon": -122.46236034406333, "lat": 37.768864142787912 }, "geometry": { "type": "Point", "coordinates": [ -122.462360344063327, 37.768864142787912 ] } },
{ "type": "Feature", "properties": { "id": "g2509", "minutes": 43.0, "lon": -122.46008958008886, "lat": 37.768853760805797 }, "geometry": { "type": "Point", "coordinates": [ -122.460089580088862, 37.768853760805797 ] } },
{ "type": "Feature", "properties": { "id": "g2510", "minutes": 41.0, "lon": -122.45781881728283, "lat": 37.76884333507067 }, "geometry": { "type": "Point", "coordinates": [ -122.457818817282828, 37.76884333507067 ] } },
{ "type": "Feature", "properties": { "id": "g2511", "minutes": 39.0, "lon": -122.45554805565014, "lat": 37.768832865582617 }, "geometry": { "type": "Point", "coordinates": [ -122.455548055650141, 37.768832865582617 ] } },
{ "type": "Feature", "properties": { "id": "g2512", "minutes": 36.0, "lon": -122.45327729519572, "lat": 37.768822352341701 }, "geometry": { "type": "Point", "coordinates": [ -122.453277295195718, 37.768822352341701 ] } },
{ "type": "Feature", "properties": { "id": "g2513", "minutes": 34.0, "lon": -122.45100653592448, "lat": 37.768811795347993 }, "geometry": { "type": "Point", "coordinates": [ -122.451006535924478, 37.768811795347993 ] } },
{ "type": "Feature", "properties": { "id": "g2514", "minutes": 35.0, "lon": -122.44873577784134, "lat": 37.768801194601558 }, "geometry": { "type": "Point", "coordinates": [ -122.448735777841335, 37.768801194601558 ] } },
{ "type": "Feature", "properties": { "id": "g2515", "minutes": 37.0, "lon": -122.44646502095121, "lat": 37.768790550102473 }, "geometry": { "type": "Point", "coordinates": [ -122.446465020951209, 37.768790550102473 ] } },
{ "type": "Feature", "properties": { "id": "g2516", "minutes": 36.0, "lon": -122.44419426525901, "lat": 37.768779861850817 }, "geometry": { "type": "Point", "coordinates": [ -122.444194265259014, 37.768779861850817 ] } },
{ "type": "Feature", "properties": { "id": "g2517", "minutes": 35.0, "lon": -122.44192351076961, "lat": 37.76876912984666 }, "geometry": { "type": "Point", "coordinates": [ -122.441923510769612, 37.76876912984666 ] } },
{ "type": "Feature", "properties": { "id": "g2518", "minutes": 32.0, "lon": -122.43965275748796, "lat": 37.768758354090046 }, "geometry": { "type": "Point", "coordinates": [ -122.439652757487963, 37.768758354090046 ] } },
{ "type": "Feature", "properties": { "id": "g2519", "minutes": 29.0, "lon": -122.437382005419, "lat": 37.768747534581074 }, "geometry": { "type": "Point", "coordinates": [ -122.437382005418996, 37.768747534581074 ] } },
{ "type": "Feature", "properties": { "id": "g2520", "minutes": 27.0, "lon": -122.4351112545676, "lat": 37.7687366713198 }, "geometry": { "type": "Point", "coordinates": [ -122.435111254567602, 37.7687366713198 ] } },
{ "type": "Feature", "properties": { "id": "g2521", "minutes": 26.0, "lon": -122.43284050493868, "lat": 37.768725764306318 }, "geometry": { "type": "Point", "coordinates": [ -122.432840504938682, 37.768725764306318 ] } },
{ "type": "Feature", "properties": { "id": "g2522", "minutes": 23.0, "lon": -122.43056975653715, "lat": 37.768714813540676 }, "geometry": { "type": "Point", "coordinates": [ -122.430569756537153, 37.768714813540676 ] } },
{ "type": "Feature", "properties": { "id": "g2523", "minutes": 22.0, "lon": -122.42829900936793, "lat": 37.76870381902296 }, "geometry": { "type": "Point", "coordinates": [ -122.428299009367933, 37.76870381902296 ] } },
{ "type": "Feature", "properties": { "id": "g2524", "minutes": 26.0, "lon": -122.42602826343597, "lat": 37.768692780753241 }, "geometry": { "type": "Point", "coordinates": [ -122.426028263435967, 37.768692780753241 ] } },
{ "type": "Feature", "properties": { "id": "g2525", "minutes": 28.0, "lon": -122.42375751874611, "lat": 37.768681698731598 }, "geometry": { "type": "Point", "coordinates": [ -122.423757518746115, 37.768681698731598 ] } },
{ "type": "Feature", "properties": { "id": "g2526", "minutes": 25.0, "lon": -122.42148677530329, "lat": 37.768670572958094 }, "geometry": { "type": "Point", "coordinates": [ -122.421486775303293, 37.768670572958094 ] } },
{ "type": "Feature", "properties": { "id": "g2527", "minutes": 24.0, "lon": -122.41921603311248, "lat": 37.768659403432814 }, "geometry": { "type": "Point", "coordinates": [ -122.419216033112477, 37.768659403432814 ] } },
{ "type": "Feature", "properties": { "id": "g2528", "minutes": 27.0, "lon": -122.4169452921785, "lat": 37.768648190155815 }, "geometry": { "type": "Point", "coordinates": [ -122.416945292178497, 37.768648190155815 ] } },
{ "type": "Feature", "properties": { "id": "g2529", "minutes": 29.0, "lon": -122.41467455250634, "lat": 37.768636933127198 }, "geometry": { "type": "Point", "coordinates": [ -122.414674552506341, 37.768636933127198 ] } },
{ "type": "Feature", "properties": { "id": "g2530", "minutes": 29.0, "lon": -122.41240381410086, "lat": 37.768625632347032 }, "geometry": { "type": "Point", "coordinates": [ -122.412403814100855, 37.768625632347032 ] } },
{ "type": "Feature", "properties": { "id": "g2531", "minutes": 30.0, "lon": -122.41013307696701, "lat": 37.76861428781536 }, "geometry": { "type": "Point", "coordinates": [ -122.410133076967014, 37.76861428781536 ] } },
{ "type": "Feature", "properties": { "id": "g2532", "minutes": 29.0, "lon": -122.40786234110966, "lat": 37.76860289953229 }, "geometry": { "type": "Point", "coordinates": [ -122.407862341109663, 37.76860289953229 ] } },
{ "type": "Feature", "properties": { "id": "g2533", "minutes": 32.0, "lon": -122.40559160653378, "lat": 37.768591467497892 }, "geometry": { "type": "Point", "coordinates": [ -122.405591606533775, 37.768591467497892 ] } },
{ "type": "Feature", "properties": { "id": "g2534", "minutes": 31.0, "lon": -122.40332087324425, "lat": 37.76857999171223 }, "geometry": { "type": "Point", "coordinates": [ -122.403320873244255, 37.76857999171223 ] } },
{ "type": "Feature", "properties": { "id": "g2535", "minutes": 33.0, "lon": -122.40105014124599, "lat": 37.768568472175403 }, "geometry": { "type": "Point", "coordinates": [ -122.401050141245989, 37.768568472175403 ] } },
{ "type": "Feature", "properties": { "id": "g2536", "minutes": 35.0, "lon": -122.39877941054388, "lat": 37.768556908887469 }, "geometry": { "type": "Point", "coordinates": [ -122.398779410543881, 37.768556908887469 ] } },
{ "type": "Feature", "properties": { "id": "g2537", "minutes": 33.0, "lon": -122.39650868114289, "lat": 37.768545301848505 }, "geometry": { "type": "Point", "coordinates": [ -122.39650868114289, 37.768545301848505 ] } },
{ "type": "Feature", "properties": { "id": "g2538", "minutes": 30.0, "lon": -122.39423795304789, "lat": 37.768533651058604 }, "geometry": { "type": "Point", "coordinates": [ -122.394237953047892, 37.768533651058604 ] } },
{ "type": "Feature", "properties": { "id": "g2539", "minutes": 26.0, "lon": -122.3919672262638, "lat": 37.768521956517823 }, "geometry": { "type": "Point", "coordinates": [ -122.391967226263802, 37.768521956517823 ] } },
{ "type": "Feature", "properties": { "id": "g2540", "minutes": 23.0, "lon": -122.38969650079555, "lat": 37.768510218226247 }, "geometry": { "type": "Point", "coordinates": [ -122.389696500795552, 37.768510218226247 ] } },
{ "type": "Feature", "properties": { "id": "g2541", "minutes": 32.0, "lon": -122.38742577664803, "lat": 37.768498436183968 }, "geometry": { "type": "Point", "coordinates": [ -122.38742577664803, 37.768498436183968 ] } },
{ "type": "Feature", "properties": { "id": "g2542", "minutes": 30.0, "lon": -122.38515505382618, "lat": 37.768486610391051 }, "geometry": { "type": "Point", "coordinates": [ -122.385155053826182, 37.768486610391051 ] } },
{ "type": "Feature", "properties": { "id": "g2543", "minutes": 35.0, "lon": -122.38288433233488, "lat": 37.768474740847573 }, "geometry": { "type": "Point", "coordinates": [ -122.382884332334882, 37.768474740847573 ] } },
{ "type": "Feature", "properties": { "id": "g2556", "minutes": 59.0, "lon": -122.51457644282401, "lat": 37.770893438170688 }, "geometry": { "type": "Point", "coordinates": [ -122.514576442824008, 37.770893438170688 ] } },
{ "type": "Feature", "properties": { "id": "g2557", "minutes": 57.0, "lon": -122.51230559821116, "lat": 37.770884061920633 }, "geometry": { "type": "Point", "coordinates": [ -122.512305598211157, 37.770884061920633 ] } },
{ "type": "Feature", "properties": { "id": "g2558", "minutes": 55.0, "lon": -122.51003475465384, "lat": 37.770874641913267 }, "geometry": { "type": "Point", "coordinates": [ -122.510034754653844, 37.770874641913267 ] } },
{ "type": "Feature", "properties": { "id": "g2559", "minutes": 56.0, "lon": -122.50776391215697, "lat": 37.770865178148611 }, "geometry": { "type": "Point", "coordinates": [ -122.507763912156975, 37.770865178148611 ] } },
{ "type": "Feature", "properties": { "id": "g2560", "minutes": 57.0, "lon": -122.50549307072546, "lat": 37.77085567062673 }, "geometry": { "type": "Point", "coordinates": [ -122.505493070725464, 37.77085567062673 ] } },
{ "type": "Feature", "properties": { "id": "g2561", "minutes": 56.0, "lon": -122.50322223036422, "lat": 37.770846119347709 }, "geometry": { "type": "Point", "coordinates": [ -122.503222230364216, 37.770846119347709 ] } },
{ "type": "Feature", "properties": { "id": "g2562", "minutes": 58.0, "lon": -122.50095139107819, "lat": 37.770836524311591 }, "geometry": { "type": "Point", "coordinates": [ -122.500951391078189, 37.770836524311591 ] } },
{ "type": "Feature", "properties": { "id": "g2563", "minutes": 56.0, "lon": -122.49868055287224, "lat": 37.770826885518446 }, "geometry": { "type": "Point", "coordinates": [ -122.498680552872244, 37.770826885518446 ] } },
{ "type": "Feature", "properties": { "id": "g2564", "minutes": 55.0, "lon": -122.49640971575133, "lat": 37.770817202968345 }, "geometry": { "type": "Point", "coordinates": [ -122.496409715751327, 37.770817202968345 ] } },
{ "type": "Feature", "properties": { "id": "g2565", "minutes": 56.0, "lon": -122.49413887972032, "lat": 37.770807476661346 }, "geometry": { "type": "Point", "coordinates": [ -122.494138879720325, 37.770807476661346 ] } },
{ "type": "Feature", "properties": { "id": "g2566", "minutes": 56.0, "lon": -122.49186804478418, "lat": 37.770797706597506 }, "geometry": { "type": "Point", "coordinates": [ -122.491868044784184, 37.770797706597506 ] } },
{ "type": "Feature", "properties": { "id": "g2567", "minutes": 53.0, "lon": -122.48959721094779, "lat": 37.770787892776916 }, "geometry": { "type": "Point", "coordinates": [ -122.489597210947792, 37.770787892776916 ] } },
{ "type": "Feature", "properties": { "id": "g2568", "minutes": 56.0, "lon": -122.4873263782161, "lat": 37.770778035199612 }, "geometry": { "type": "Point", "coordinates": [ -122.487326378216096, 37.770778035199612 ] } },
{ "type": "Feature", "properties": { "id": "g2569", "minutes": 55.0, "lon": -122.48505554659396, "lat": 37.770768133865673 }, "geometry": { "type": "Point", "coordinates": [ -122.485055546593955, 37.770768133865673 ] } },
{ "type": "Feature", "properties": { "id": "g2570", "minutes": 54.0, "lon": -122.48278471608631, "lat": 37.770758188775176 }, "geometry": { "type": "Point", "coordinates": [ -122.482784716086314, 37.770758188775176 ] } },
{ "type": "Feature", "properties": { "id": "g2571", "minutes": 52.0, "lon": -122.48051388669812, "lat": 37.770748199928157 }, "geometry": { "type": "Point", "coordinates": [ -122.48051388669812, 37.770748199928157 ] } },
{ "type": "Feature", "properties": { "id": "g2572", "minutes": 54.0, "lon": -122.47824305843423, "lat": 37.770738167324708 }, "geometry": { "type": "Point", "coordinates": [ -122.478243058434231, 37.770738167324708 ] } },
{ "type": "Feature", "properties": { "id": "g2573", "minutes": 54.0, "lon": -122.47597223129959, "lat": 37.77072809096488 }, "geometry": { "type": "Point", "coordinates": [ -122.475972231299593, 37.77072809096488 ] } },
{ "type": "Feature", "properties": { "id": "g2574", "minutes": 51.0, "lon": -122.4737014052991, "lat": 37.770717970848764 }, "geometry": { "type": "Point", "coordinates": [ -122.473701405299096, 37.770717970848764 ] } },
{ "type": "Feature", "properties": { "id": "g2575", "minutes": 50.0, "lon": -122.47143058043768, "lat": 37.770707806976404 }, "geometry": { "type": "Point", "coordinates": [ -122.471430580437683, 37.770707806976404 ] } },
{ "type": "Feature", "properties": { "id": "g2576", "minutes": 48.0, "lon": -122.46915975672025, "lat": 37.770697599347869 }, "geometry": { "type": "Point", "coordinates": [ -122.469159756720245, 37.770697599347869 ] } },
{ "type": "Feature", "properties": { "id": "g2577", "minutes": 45.0, "lon": -122.46688893415171, "lat": 37.770687347963253 }, "geometry": { "type": "Point", "coordinates": [ -122.466888934151712, 37.770687347963253 ] } },
{ "type": "Feature", "properties": { "id": "g2578", "minutes": 46.0, "lon": -122.46461811273699, "lat": 37.770677052822577 }, "geometry": { "type": "Point", "coordinates": [ -122.464618112736986, 37.770677052822577 ] } },
{ "type": "Feature", "properties": { "id": "g2579", "minutes": 47.0, "lon": -122.46234729248097, "lat": 37.770666713925955 }, "geometry": { "type": "Point", "coordinates": [ -122.46234729248097, 37.770666713925955 ] } },
{ "type": "Feature", "properties": { "id": "g2580", "minutes": 46.0, "lon": -122.46007647338861, "lat": 37.770656331273436 }, "geometry": { "type": "Point", "coordinates": [ -122.460076473388611, 37.770656331273436 ] } },
{ "type": "Feature", "properties": { "id": "g2581", "minutes": 44.0, "lon": -122.45780565546481, "lat": 37.770645904865084 }, "geometry": { "type": "Point", "coordinates": [ -122.45780565546481, 37.770645904865084 ] } },
{ "type": "Feature", "properties": { "id": "g2582", "minutes": 40.0, "lon": -122.45553483871444, "lat": 37.770635434700992 }, "geometry": { "type": "Point", "coordinates": [ -122.455534838714442, 37.770635434700992 ] } },
{ "type": "Feature", "properties": { "id": "g2583", "minutes": 38.0, "lon": -122.45326402314248, "lat": 37.770624920781195 }, "geometry": { "type": "Point", "coordinates": [ -122.453264023142481, 37.770624920781195 ] } },
{ "type": "Feature", "properties": { "id": "g2584", "minutes": 37.0, "lon": -122.4509932087538, "lat": 37.770614363105786 }, "geometry": { "type": "Point", "coordinates": [ -122.4509932087538, 37.770614363105786 ] } },
{ "type": "Feature", "properties": { "id": "g2585", "minutes": 35.0, "lon": -122.44872239555335, "lat": 37.77060376167482 }, "geometry": { "type": "Point", "coordinates": [ -122.448722395553347, 37.77060376167482 ] } },
{ "type": "Feature", "properties": { "id": "g2586", "minutes": 36.0, "lon": -122.44645158354599, "lat": 37.770593116488399 }, "geometry": { "type": "Point", "coordinates": [ -122.446451583545993, 37.770593116488399 ] } },
{ "type": "Feature", "properties": { "id": "g2587", "minutes": 35.0, "lon": -122.44418077273669, "lat": 37.770582427546572 }, "geometry": { "type": "Point", "coordinates": [ -122.444180772736686, 37.770582427546572 ] } },
{ "type": "Feature", "properties": { "id": "g2588", "minutes": 33.0, "lon": -122.44190996313031, "lat": 37.770571694849401 }, "geometry": { "type": "Point", "coordinates": [ -122.441909963130314, 37.770571694849401 ] } },
{ "type": "Feature", "properties": { "id": "g2589", "minutes": 32.0, "lon": -122.43963915473179, "lat": 37.770560918396953 }, "geometry": { "type": "Point", "coordinates": [ -122.439639154731793, 37.770560918396953 ] } },
{ "type": "Feature", "properties": { "id": "g2590", "minutes": 31.0, "lon": -122.43736834754604, "lat": 37.770550098189339 }, "geometry": { "type": "Point", "coordinates": [ -122.437368347546041, 37.770550098189339 ] } },
{ "type": "Feature", "properties": { "id": "g2591", "minutes": 28.0, "lon": -122.435097541578, "lat": 37.77053923422659 }, "geometry": { "type": "Point", "coordinates": [ -122.435097541578003, 37.77053923422659 ] } },
{ "type": "Feature", "properties": { "id": "g2592", "minutes": 27.0, "lon": -122.43282673683257, "lat": 37.77052832650881 }, "geometry": { "type": "Point", "coordinates": [ -122.432826736832567, 37.77052832650881 ] } },
{ "type": "Feature", "properties": { "id": "g2593", "minutes": 29.0, "lon": -122.43055593331464, "lat": 37.77051737503605 }, "geometry": { "type": "Point", "coordinates": [ -122.430555933314636, 37.77051737503605 ] } },
{ "type": "Feature", "properties": { "id": "g2594", "minutes": 25.0, "lon": -122.42828513102911, "lat": 37.770506379808381 }, "geometry": { "type": "Point", "coordinates": [ -122.428285131029114, 37.770506379808381 ] } },
{ "type": "Feature", "properties": { "id": "g2595", "minutes": 26.0, "lon": -122.42601432998096, "lat": 37.770495340825896 }, "geometry": { "type": "Point", "coordinates": [ -122.426014329980958, 37.770495340825896 ] } },
{ "type": "Feature", "properties": { "id": "g2596", "minutes": 27.0, "lon": -122.42374353017505, "lat": 37.770484258088644 }, "geometry": { "type": "Point", "coordinates": [ -122.423743530175045, 37.770484258088644 ] } },
{ "type": "Feature", "properties": { "id": "g2597", "minutes": 25.0, "lon": -122.42147273161632, "lat": 37.770473131596709 }, "geometry": { "type": "Point", "coordinates": [ -122.421472731616319, 37.770473131596709 ] } },
{ "type": "Feature", "properties": { "id": "g2598", "minutes": 23.0, "lon": -122.41920193430965, "lat": 37.770461961350186 }, "geometry": { "type": "Point", "coordinates": [ -122.419201934309655, 37.770461961350186 ] } },
{ "type": "Feature", "properties": { "id": "g2599", "minutes": 24.0, "lon": -122.41693113825998, "lat": 37.770450747349123 }, "geometry": { "type": "Point", "coordinates": [ -122.416931138259983, 37.770450747349123 ] } },
{ "type": "Feature", "properties": { "id": "g2600", "minutes": 27.0, "lon": -122.41466034347222, "lat": 37.770439489593592 }, "geometry": { "type": "Point", "coordinates": [ -122.414660343472221, 37.770439489593592 ] } },
{ "type": "Feature", "properties": { "id": "g2601", "minutes": 24.0, "lon": -122.41238954995129, "lat": 37.770428188083699 }, "geometry": { "type": "Point", "coordinates": [ -122.412389549951286, 37.770428188083699 ] } },
{ "type": "Feature", "properties": { "id": "g2602", "minutes": 28.0, "lon": -122.41011875770209, "lat": 37.770416842819486 }, "geometry": { "type": "Point", "coordinates": [ -122.410118757702094, 37.770416842819486 ] } },
{ "type": "Feature", "properties": { "id": "g2603", "minutes": 29.0, "lon": -122.40784796672955, "lat": 37.770405453801033 }, "geometry": { "type": "Point", "coordinates": [ -122.407847966729548, 37.770405453801033 ] } },
{ "type": "Feature", "properties": { "id": "g2604", "minutes": 30.0, "lon": -122.40557717703857, "lat": 37.770394021028437 }, "geometry": { "type": "Point", "coordinates": [ -122.405577177038566, 37.770394021028437 ] } },
{ "type": "Feature", "properties": { "id": "g2605", "minutes": 31.0, "lon": -122.40330638863405, "lat": 37.770382544501757 }, "geometry": { "type": "Point", "coordinates": [ -122.40330638863405, 37.770382544501757 ] } },
{ "type": "Feature", "properties": { "id": "g2606", "minutes": 33.0, "lon": -122.40103560152092, "lat": 37.770371024221078 }, "geometry": { "type": "Point", "coordinates": [ -122.401035601520917, 37.770371024221078 ] } },
{ "type": "Feature", "properties": { "id": "g2607", "minutes": 37.0, "lon": -122.39876481570408, "lat": 37.770359460186469 }, "geometry": { "type": "Point", "coordinates": [ -122.398764815704084, 37.770359460186469 ] } },
{ "type": "Feature", "properties": { "id": "g2608", "minutes": 35.0, "lon": -122.39649403118847, "lat": 37.770347852398011 }, "geometry": { "type": "Point", "coordinates": [ -122.396494031188467, 37.770347852398011 ] } },
{ "type": "Feature", "properties": { "id": "g2609", "minutes": 33.0, "lon": -122.394223247979, "lat": 37.770336200855773 }, "geometry": { "type": "Point", "coordinates": [ -122.394223247978999, 37.770336200855773 ] } },
{ "type": "Feature", "properties": { "id": "g2610", "minutes": 31.0, "lon": -122.39195246608055, "lat": 37.770324505559856 }, "geometry": { "type": "Point", "coordinates": [ -122.391952466080554, 37.770324505559856 ] } },
{ "type": "Feature", "properties": { "id": "g2611", "minutes": 26.0, "lon": -122.38968168549806, "lat": 37.770312766510308 }, "geometry": { "type": "Point", "coordinates": [ -122.389681685498061, 37.770312766510308 ] } },
{ "type": "Feature", "properties": { "id": "g2612", "minutes": 28.0, "lon": -122.38741090623643, "lat": 37.770300983707223 }, "geometry": { "type": "Point", "coordinates": [ -122.387410906236425, 37.770300983707223 ] } },
{ "type": "Feature", "properties": { "id": "g2613", "minutes": 31.0, "lon": -122.38514012830059, "lat": 37.770289157150671 }, "geometry": { "type": "Point", "coordinates": [ -122.385140128300591, 37.770289157150671 ] } },
{ "type": "Feature", "properties": { "id": "g2614", "minutes": 34.0, "lon": -122.38286935169545, "lat": 37.770277286840759 }, "geometry": { "type": "Point", "coordinates": [ -122.382869351695447, 37.770277286840759 ] } },
{ "type": "Feature", "properties": { "id": "g2627", "minutes": 57.0, "lon": -122.5145646579319, "lat": 37.772696023392193 }, "geometry": { "type": "Point", "coordinates": [ -122.514564657931899, 37.772696023392193 ] } },
{ "type": "Feature", "properties": { "id": "g2628", "minutes": 57.0, "lon": -122.51229375819382, "lat": 37.772686646536705 }, "geometry": { "type": "Point", "coordinates": [ -122.51229375819382, 37.772686646536705 ] } },
{ "type": "Feature", "properties": { "id": "g2629", "minutes": 55.0, "lon": -122.51002285951139, "lat": 37.772677225921058 }, "geometry": { "type": "Point", "coordinates": [ -122.510022859511395, 37.772677225921058 ] } },
{ "type": "Feature", "properties": { "id": "g2630", "minutes": 56.0, "lon": -122.50775196188951, "lat": 37.7726677615453 }, "geometry": { "type": "Point", "coordinates": [ -122.507751961889511, 37.7726677615453 ] } },
{ "type": "Feature", "properties": { "id": "g2631", "minutes": 57.0, "lon": -122.50548106533307, "lat": 37.772658253409503 }, "geometry": { "type": "Point", "coordinates": [ -122.505481065333072, 37.772658253409503 ] } },
{ "type": "Feature", "properties": { "id": "g2632", "minutes": 55.0, "lon": -122.50321016984702, "lat": 37.772648701513724 }, "geometry": { "type": "Point", "coordinates": [ -122.503210169847023, 37.772648701513724 ] } },
{ "type": "Feature", "properties": { "id": "g2633", "minutes": 55.0, "lon": -122.50093927543628, "lat": 37.772639105858026 }, "geometry": { "type": "Point", "coordinates": [ -122.500939275436281, 37.772639105858026 ] } },
{ "type": "Feature", "properties": { "id": "g2634", "minutes": 56.0, "lon": -122.49866838210572, "lat": 37.772629466442488 }, "geometry": { "type": "Point", "coordinates": [ -122.49866838210572, 37.772629466442488 ] } },
{ "type": "Feature", "properties": { "id": "g2635", "minutes": 53.0, "lon": -122.4963974898603, "lat": 37.77261978326716 }, "geometry": { "type": "Point", "coordinates": [ -122.4963974898603, 37.77261978326716 ] } },
{ "type": "Feature", "properties": { "id": "g2636", "minutes": 53.0, "lon": -122.49412659870488, "lat": 37.772610056332105 }, "geometry": { "type": "Point", "coordinates": [ -122.494126598704881, 37.772610056332105 ] } },
{ "type": "Feature", "properties": { "id": "g2637", "minutes": 54.0, "lon": -122.49185570864445, "lat": 37.772600285637395 }, "geometry": { "type": "Point", "coordinates": [ -122.491855708644451, 37.772600285637395 ] } },
{ "type": "Feature", "properties": { "id": "g2638", "minutes": 51.0, "lon": -122.48958481968387, "lat": 37.772590471183094 }, "geometry": { "type": "Point", "coordinates": [ -122.48958481968387, 37.772590471183094 ] } },
{ "type": "Feature", "properties": { "id": "g2639", "minutes": 50.0, "lon": -122.48731393182804, "lat": 37.772580612969264 }, "geometry": { "type": "Point", "coordinates": [ -122.487313931828041, 37.772580612969264 ] } },
{ "type": "Feature", "properties": { "id": "g2640", "minutes": 49.0, "lon": -122.48504304508195, "lat": 37.772570710995979 }, "geometry": { "type": "Point", "coordinates": [ -122.485043045081952, 37.772570710995979 ] } },
{ "type": "Feature", "properties": { "id": "g2641", "minutes": 49.0, "lon": -122.48277215945042, "lat": 37.772560765263286 }, "geometry": { "type": "Point", "coordinates": [ -122.48277215945042, 37.772560765263286 ] } },
{ "type": "Feature", "properties": { "id": "g2642", "minutes": 49.0, "lon": -122.48050127493846, "lat": 37.772550775771272 }, "geometry": { "type": "Point", "coordinates": [ -122.480501274938462, 37.772550775771272 ] } },
{ "type": "Feature", "properties": { "id": "g2643", "minutes": 52.0, "lon": -122.47823039155089, "lat": 37.772540742519993 }, "geometry": { "type": "Point", "coordinates": [ -122.478230391550895, 37.772540742519993 ] } },
{ "type": "Feature", "properties": { "id": "g2644", "minutes": 49.0, "lon": -122.47595950929269, "lat": 37.772530665509521 }, "geometry": { "type": "Point", "coordinates": [ -122.475959509292693, 37.772530665509521 ] } },
{ "type": "Feature", "properties": { "id": "g2645", "minutes": 47.0, "lon": -122.47368862816876, "lat": 37.772520544739919 }, "geometry": { "type": "Point", "coordinates": [ -122.473688628168759, 37.772520544739919 ] } },
{ "type": "Feature", "properties": { "id": "g2646", "minutes": 45.0, "lon": -122.47141774818398, "lat": 37.772510380211244 }, "geometry": { "type": "Point", "coordinates": [ -122.471417748183981, 37.772510380211244 ] } },
{ "type": "Feature", "properties": { "id": "g2647", "minutes": 47.0, "lon": -122.46914686934331, "lat": 37.772500171923589 }, "geometry": { "type": "Point", "coordinates": [ -122.469146869343305, 37.772500171923589 ] } },
{ "type": "Feature", "properties": { "id": "g2648", "minutes": 45.0, "lon": -122.46687599165163, "lat": 37.77248991987701 }, "geometry": { "type": "Point", "coordinates": [ -122.466875991651634, 37.77248991987701 ] } },
{ "type": "Feature", "properties": { "id": "g2649", "minutes": 43.0, "lon": -122.4646051151139, "lat": 37.772479624071558 }, "geometry": { "type": "Point", "coordinates": [ -122.464605115113898, 37.772479624071558 ] } },
{ "type": "Feature", "properties": { "id": "g2650", "minutes": 44.0, "lon": -122.46233423973499, "lat": 37.772469284507331 }, "geometry": { "type": "Point", "coordinates": [ -122.462334239734986, 37.772469284507331 ] } },
{ "type": "Feature", "properties": { "id": "g2651", "minutes": 43.0, "lon": -122.46006336551982, "lat": 37.772458901184379 }, "geometry": { "type": "Point", "coordinates": [ -122.460063365519815, 37.772458901184379 ] } },
{ "type": "Feature", "properties": { "id": "g2652", "minutes": 43.0, "lon": -122.4577924924733, "lat": 37.772448474102774 }, "geometry": { "type": "Point", "coordinates": [ -122.457792492473303, 37.772448474102774 ] } },
{ "type": "Feature", "properties": { "id": "g2653", "minutes": 42.0, "lon": -122.45552162060038, "lat": 37.772438003262586 }, "geometry": { "type": "Point", "coordinates": [ -122.455521620600379, 37.772438003262586 ] } },
{ "type": "Feature", "properties": { "id": "g2654", "minutes": 40.0, "lon": -122.45325074990596, "lat": 37.772427488663887 }, "geometry": { "type": "Point", "coordinates": [ -122.453250749905962, 37.772427488663887 ] } },
{ "type": "Feature", "properties": { "id": "g2655", "minutes": 39.0, "lon": -122.45097988039491, "lat": 37.772416930306747 }, "geometry": { "type": "Point", "coordinates": [ -122.450979880394911, 37.772416930306747 ] } },
{ "type": "Feature", "properties": { "id": "g2656", "minutes": 38.0, "lon": -122.44870901207221, "lat": 37.772406328191245 }, "geometry": { "type": "Point", "coordinates": [ -122.448709012072214, 37.772406328191245 ] } },
{ "type": "Feature", "properties": { "id": "g2657", "minutes": 38.0, "lon": -122.44643814494275, "lat": 37.772395682317423 }, "geometry": { "type": "Point", "coordinates": [ -122.446438144942746, 37.772395682317423 ] } },
{ "type": "Feature", "properties": { "id": "g2658", "minutes": 37.0, "lon": -122.4441672790114, "lat": 37.772384992685389 }, "geometry": { "type": "Point", "coordinates": [ -122.444167279011396, 37.772384992685389 ] } },
{ "type": "Feature", "properties": { "id": "g2659", "minutes": 35.0, "lon": -122.44189641428314, "lat": 37.772374259295184 }, "geometry": { "type": "Point", "coordinates": [ -122.441896414283136, 37.772374259295184 ] } },
{ "type": "Feature", "properties": { "id": "g2660", "minutes": 33.0, "lon": -122.43962555076283, "lat": 37.772363482146893 }, "geometry": { "type": "Point", "coordinates": [ -122.439625550762827, 37.772363482146893 ] } },
{ "type": "Feature", "properties": { "id": "g2661", "minutes": 31.0, "lon": -122.43735468845543, "lat": 37.772352661240589 }, "geometry": { "type": "Point", "coordinates": [ -122.437354688455429, 37.772352661240589 ] } },
{ "type": "Feature", "properties": { "id": "g2662", "minutes": 31.0, "lon": -122.43508382736582, "lat": 37.772341796576335 }, "geometry": { "type": "Point", "coordinates": [ -122.435083827365816, 37.772341796576335 ] } },
{ "type": "Feature", "properties": { "id": "g2663", "minutes": 30.0, "lon": -122.43281296749892, "lat": 37.772330888154215 }, "geometry": { "type": "Point", "coordinates": [ -122.432812967498919, 37.772330888154215 ] } },
{ "type": "Feature", "properties": { "id": "g2664", "minutes": 27.0, "lon": -122.43054210885967, "lat": 37.772319935974295 }, "geometry": { "type": "Point", "coordinates": [ -122.430542108859669, 37.772319935974295 ] } },
{ "type": "Feature", "properties": { "id": "g2665", "minutes": 27.0, "lon": -122.42827125145297, "lat": 37.772308940036645 }, "geometry": { "type": "Point", "coordinates": [ -122.428271251452969, 37.772308940036645 ] } },
{ "type": "Feature", "properties": { "id": "g2666", "minutes": 26.0, "lon": -122.42600039528371, "lat": 37.772297900341343 }, "geometry": { "type": "Point", "coordinates": [ -122.426000395283708, 37.772297900341343 ] } },
{ "type": "Feature", "properties": { "id": "g2667", "minutes": 25.0, "lon": -122.42372954035683, "lat": 37.772286816888467 }, "geometry": { "type": "Point", "coordinates": [ -122.423729540356831, 37.772286816888467 ] } },
{ "type": "Feature", "properties": { "id": "g2668", "minutes": 22.0, "lon": -122.42145868667724, "lat": 37.772275689678082 }, "geometry": { "type": "Point", "coordinates": [ -122.421458686677241, 37.772275689678082 ] } },
{ "type": "Feature", "properties": { "id": "g2669", "minutes": 20.0, "lon": -122.41918783424984, "lat": 37.772264518710259 }, "geometry": { "type": "Point", "coordinates": [ -122.41918783424984, 37.772264518710259 ] } },
{ "type": "Feature", "properties": { "id": "g2670", "minutes": 23.0, "lon": -122.41691698307957, "lat": 37.772253303985089 }, "geometry": { "type": "Point", "coordinates": [ -122.416916983079574, 37.772253303985089 ] } },
{ "type": "Feature", "properties": { "id": "g2671", "minutes": 23.0, "lon": -122.41464613317132, "lat": 37.77224204550263 }, "geometry": { "type": "Point", "coordinates": [ -122.414646133171317, 37.77224204550263 ] } },
{ "type": "Feature", "properties": { "id": "g2672", "minutes": 26.0, "lon": -122.41237528453, "lat": 37.772230743262973 }, "geometry": { "type": "Point", "coordinates": [ -122.41237528453, 37.772230743262973 ] } },
{ "type": "Feature", "properties": { "id": "g2673", "minutes": 25.0, "lon": -122.41010443716054, "lat": 37.77221939726617 }, "geometry": { "type": "Point", "coordinates": [ -122.410104437160541, 37.77221939726617 ] } },
{ "type": "Feature", "properties": { "id": "g2674", "minutes": 27.0, "lon": -122.40783359106784, "lat": 37.772208007512326 }, "geometry": { "type": "Point", "coordinates": [ -122.407833591067842, 37.772208007512326 ] } },
{ "type": "Feature", "properties": { "id": "g2675", "minutes": 28.0, "lon": -122.40556274625686, "lat": 37.772196574001491 }, "geometry": { "type": "Point", "coordinates": [ -122.405562746256862, 37.772196574001491 ] } },
{ "type": "Feature", "properties": { "id": "g2676", "minutes": 30.0, "lon": -122.40329190273243, "lat": 37.772185096733736 }, "geometry": { "type": "Point", "coordinates": [ -122.403291902732434, 37.772185096733736 ] } },
{ "type": "Feature", "properties": { "id": "g2677", "minutes": 32.0, "lon": -122.40102106049956, "lat": 37.772173575709182 }, "geometry": { "type": "Point", "coordinates": [ -122.401021060499559, 37.772173575709182 ] } },
{ "type": "Feature", "properties": { "id": "g2678", "minutes": 35.0, "lon": -122.39875021956307, "lat": 37.772162010927865 }, "geometry": { "type": "Point", "coordinates": [ -122.39875021956307, 37.772162010927865 ] } },
{ "type": "Feature", "properties": { "id": "g2679", "minutes": 35.0, "lon": -122.39647937992794, "lat": 37.772150402389862 }, "geometry": { "type": "Point", "coordinates": [ -122.396479379927939, 37.772150402389862 ] } },
{ "type": "Feature", "properties": { "id": "g2680", "minutes": 33.0, "lon": -122.39420854159904, "lat": 37.77213875009528 }, "geometry": { "type": "Point", "coordinates": [ -122.394208541599042, 37.77213875009528 ] } },
{ "type": "Feature", "properties": { "id": "g2681", "minutes": 31.0, "lon": -122.39193770458132, "lat": 37.772127054044162 }, "geometry": { "type": "Point", "coordinates": [ -122.391937704581323, 37.772127054044162 ] } },
{ "type": "Feature", "properties": { "id": "g2682", "minutes": 28.0, "lon": -122.3896668688797, "lat": 37.772115314236601 }, "geometry": { "type": "Point", "coordinates": [ -122.389666868879701, 37.772115314236601 ] } },
{ "type": "Feature", "properties": { "id": "g2683", "minutes": 31.0, "lon": -122.38739603449905, "lat": 37.772103530672695 }, "geometry": { "type": "Point", "coordinates": [ -122.387396034499048, 37.772103530672695 ] } },
{ "type": "Feature", "properties": { "id": "g2684", "minutes": 33.0, "lon": -122.38512520144431, "lat": 37.772091703352487 }, "geometry": { "type": "Point", "coordinates": [ -122.385125201444311, 37.772091703352487 ] } },
{ "type": "Feature", "properties": { "id": "g2685", "minutes": 38.0, "lon": -122.38285436972038, "lat": 37.77207983227607 }, "geometry": { "type": "Point", "coordinates": [ -122.382854369720377, 37.77207983227607 ] } },
{ "type": "Feature", "properties": { "id": "g2686", "minutes": 40.0, "lon": -122.38058353933219, "lat": 37.772067917443529 }, "geometry": { "type": "Point", "coordinates": [ -122.380583539332193, 37.772067917443529 ] } },
{ "type": "Feature", "properties": { "id": "g2698", "minutes": 59.0, "lon": -122.51455287198907, "lat": 37.774498608057748 }, "geometry": { "type": "Point", "coordinates": [ -122.514552871989068, 37.774498608057748 ] } },
{ "type": "Feature", "properties": { "id": "g2699", "minutes": 59.0, "lon": -122.51228191712086, "lat": 37.774489230596792 }, "geometry": { "type": "Point", "coordinates": [ -122.512281917120859, 37.774489230596792 ] } },
{ "type": "Feature", "properties": { "id": "g2700", "minutes": 56.0, "lon": -122.51001096330839, "lat": 37.774479809372835 }, "geometry": { "type": "Point", "coordinates": [ -122.510010963308389, 37.774479809372835 ] } },
{ "type": "Feature", "properties": { "id": "g2701", "minutes": 57.0, "lon": -122.50774001055657, "lat": 37.774470344385939 }, "geometry": { "type": "Point", "coordinates": [ -122.507740010556574, 37.774470344385939 ] } },
{ "type": "Feature", "properties": { "id": "g2702", "minutes": 58.0, "lon": -122.50546905887032, "lat": 37.774460835636191 }, "geometry": { "type": "Point", "coordinates": [ -122.505469058870318, 37.774460835636191 ] } },
{ "type": "Feature", "properties": { "id": "g2703", "minutes": 57.0, "lon": -122.50319810825454, "lat": 37.774451283123632 }, "geometry": { "type": "Point", "coordinates": [ -122.503198108254537, 37.774451283123632 ] } },
{ "type": "Feature", "properties": { "id": "g2704", "minutes": 55.0, "lon": -122.50092715871415, "lat": 37.774441686848341 }, "geometry": { "type": "Point", "coordinates": [ -122.500927158714148, 37.774441686848341 ] } },
{ "type": "Feature", "properties": { "id": "g2705", "minutes": 57.0, "lon": -122.49865621025407, "lat": 37.774432046810361 }, "geometry": { "type": "Point", "coordinates": [ -122.498656210254069, 37.774432046810361 ] } },
{ "type": "Feature", "properties": { "id": "g2706", "minutes": 54.0, "lon": -122.49638526287923, "lat": 37.774422363009776 }, "geometry": { "type": "Point", "coordinates": [ -122.49638526287923, 37.774422363009776 ] } },
{ "type": "Feature", "properties": { "id": "g2707", "minutes": 54.0, "lon": -122.49411431659452, "lat": 37.774412635446637 }, "geometry": { "type": "Point", "coordinates": [ -122.494114316594519, 37.774412635446637 ] } },
{ "type": "Feature", "properties": { "id": "g2708", "minutes": 55.0, "lon": -122.49184337140484, "lat": 37.774402864121022 }, "geometry": { "type": "Point", "coordinates": [ -122.49184337140484, 37.774402864121022 ] } },
{ "type": "Feature", "properties": { "id": "g2709", "minutes": 53.0, "lon": -122.48957242731515, "lat": 37.774393049032994 }, "geometry": { "type": "Point", "coordinates": [ -122.489572427315153, 37.774393049032994 ] } },
{ "type": "Feature", "properties": { "id": "g2710", "minutes": 52.0, "lon": -122.48730148433035, "lat": 37.774383190182604 }, "geometry": { "type": "Point", "coordinates": [ -122.487301484330345, 37.774383190182604 ] } },
{ "type": "Feature", "properties": { "id": "g2711", "minutes": 51.0, "lon": -122.48503054245531, "lat": 37.774373287569929 }, "geometry": { "type": "Point", "coordinates": [ -122.485030542455306, 37.774373287569929 ] } },
{ "type": "Feature", "properties": { "id": "g2712", "minutes": 52.0, "lon": -122.48275960169501, "lat": 37.774363341195034 }, "geometry": { "type": "Point", "coordinates": [ -122.482759601695008, 37.774363341195034 ] } },
{ "type": "Feature", "properties": { "id": "g2713", "minutes": 51.0, "lon": -122.48048866205433, "lat": 37.774353351057982 }, "geometry": { "type": "Point", "coordinates": [ -122.480488662054327, 37.774353351057982 ] } },
{ "type": "Feature", "properties": { "id": "g2714", "minutes": 50.0, "lon": -122.47821772353819, "lat": 37.774343317158838 }, "geometry": { "type": "Point", "coordinates": [ -122.478217723538194, 37.774343317158838 ] } },
{ "type": "Feature", "properties": { "id": "g2715", "minutes": 50.0, "lon": -122.47594678615151, "lat": 37.774333239497679 }, "geometry": { "type": "Point", "coordinates": [ -122.475946786151511, 37.774333239497679 ] } },
{ "type": "Feature", "properties": { "id": "g2716", "minutes": 48.0, "lon": -122.47367584989921, "lat": 37.77432311807457 }, "geometry": { "type": "Point", "coordinates": [ -122.473675849899209, 37.77432311807457 ] } },
{ "type": "Feature", "properties": { "id": "g2717", "minutes": 46.0, "lon": -122.47140491478618, "lat": 37.774312952889566 }, "geometry": { "type": "Point", "coordinates": [ -122.471404914786177, 37.774312952889566 ] } },
{ "type": "Feature", "properties": { "id": "g2718", "minutes": 47.0, "lon": -122.46913398081736, "lat": 37.774302743942741 }, "geometry": { "type": "Point", "coordinates": [ -122.469133980817361, 37.774302743942741 ] } },
{ "type": "Feature", "properties": { "id": "g2719", "minutes": 45.0, "lon": -122.46686304799765, "lat": 37.774292491234171 }, "geometry": { "type": "Point", "coordinates": [ -122.466863047997649, 37.774292491234171 ] } },
{ "type": "Feature", "properties": { "id": "g2720", "minutes": 43.0, "lon": -122.46459211633197, "lat": 37.774282194763913 }, "geometry": { "type": "Point", "coordinates": [ -122.464592116331971, 37.774282194763913 ] } },
{ "type": "Feature", "properties": { "id": "g2721", "minutes": 42.0, "lon": -122.46232118582523, "lat": 37.774271854532046 }, "geometry": { "type": "Point", "coordinates": [ -122.462321185825232, 37.774271854532046 ] } },
{ "type": "Feature", "properties": { "id": "g2722", "minutes": 40.0, "lon": -122.46005025648236, "lat": 37.774261470538626 }, "geometry": { "type": "Point", "coordinates": [ -122.460050256482361, 37.774261470538626 ] } },
{ "type": "Feature", "properties": { "id": "g2723", "minutes": 39.0, "lon": -122.45777932830823, "lat": 37.774251042783725 }, "geometry": { "type": "Point", "coordinates": [ -122.457779328308234, 37.774251042783725 ] } },
{ "type": "Feature", "properties": { "id": "g2724", "minutes": 39.0, "lon": -122.45550840130782, "lat": 37.774240571267434 }, "geometry": { "type": "Point", "coordinates": [ -122.455508401307824, 37.774240571267434 ] } },
{ "type": "Feature", "properties": { "id": "g2725", "minutes": 38.0, "lon": -122.45323747548602, "lat": 37.77423005598979 }, "geometry": { "type": "Point", "coordinates": [ -122.45323747548602, 37.77423005598979 ] } },
{ "type": "Feature", "properties": { "id": "g2726", "minutes": 41.0, "lon": -122.45096655084771, "lat": 37.774219496950892 }, "geometry": { "type": "Point", "coordinates": [ -122.45096655084771, 37.774219496950892 ] } },
{ "type": "Feature", "properties": { "id": "g2727", "minutes": 39.0, "lon": -122.44869562739784, "lat": 37.774208894150796 }, "geometry": { "type": "Point", "coordinates": [ -122.448695627397839, 37.774208894150796 ] } },
{ "type": "Feature", "properties": { "id": "g2728", "minutes": 38.0, "lon": -122.44642470514134, "lat": 37.774198247589574 }, "geometry": { "type": "Point", "coordinates": [ -122.446424705141339, 37.774198247589574 ] } },
{ "type": "Feature", "properties": { "id": "g2729", "minutes": 38.0, "lon": -122.44415378408307, "lat": 37.774187557267275 }, "geometry": { "type": "Point", "coordinates": [ -122.44415378408307, 37.774187557267275 ] } },
{ "type": "Feature", "properties": { "id": "g2730", "minutes": 36.0, "lon": -122.44188286422798, "lat": 37.774176823184014 }, "geometry": { "type": "Point", "coordinates": [ -122.441882864227978, 37.774176823184014 ] } },
{ "type": "Feature", "properties": { "id": "g2731", "minutes": 35.0, "lon": -122.43961194558098, "lat": 37.774166045339825 }, "geometry": { "type": "Point", "coordinates": [ -122.439611945580978, 37.774166045339825 ] } },
{ "type": "Feature", "properties": { "id": "g2732", "minutes": 33.0, "lon": -122.43734102814697, "lat": 37.774155223734802 }, "geometry": { "type": "Point", "coordinates": [ -122.437341028146975, 37.774155223734802 ] } },
{ "type": "Feature", "properties": { "id": "g2733", "minutes": 33.0, "lon": -122.43507011193091, "lat": 37.774144358369014 }, "geometry": { "type": "Point", "coordinates": [ -122.435070111930912, 37.774144358369014 ] } },
{ "type": "Feature", "properties": { "id": "g2734", "minutes": 32.0, "lon": -122.43279919693768, "lat": 37.774133449242527 }, "geometry": { "type": "Point", "coordinates": [ -122.43279919693768, 37.774133449242527 ] } },
{ "type": "Feature", "properties": { "id": "g2735", "minutes": 30.0, "lon": -122.43052828317218, "lat": 37.77412249635541 }, "geometry": { "type": "Point", "coordinates": [ -122.43052828317218, 37.77412249635541 ] } },
{ "type": "Feature", "properties": { "id": "g2736", "minutes": 28.0, "lon": -122.42825737063934, "lat": 37.774111499707743 }, "geometry": { "type": "Point", "coordinates": [ -122.428257370639344, 37.774111499707743 ] } },
{ "type": "Feature", "properties": { "id": "g2737", "minutes": 26.0, "lon": -122.4259864593441, "lat": 37.774100459299596 }, "geometry": { "type": "Point", "coordinates": [ -122.425986459344102, 37.774100459299596 ] } },
{ "type": "Feature", "properties": { "id": "g2738", "minutes": 23.0, "lon": -122.42371554929132, "lat": 37.774089375131055 }, "geometry": { "type": "Point", "coordinates": [ -122.423715549291316, 37.774089375131055 ] } },
{ "type": "Feature", "properties": { "id": "g2739", "minutes": 19.0, "lon": -122.42144464048596, "lat": 37.774078247202176 }, "geometry": { "type": "Point", "coordinates": [ -122.421444640485959, 37.774078247202176 ] } },
{ "type": "Feature", "properties": { "id": "g2740", "minutes": 18.0, "lon": -122.4191737329329, "lat": 37.774067075513038 }, "geometry": { "type": "Point", "coordinates": [ -122.419173732932904, 37.774067075513038 ] } },
{ "type": "Feature", "properties": { "id": "g2741", "minutes": 18.0, "lon": -122.41690282663711, "lat": 37.774055860063726 }, "geometry": { "type": "Point", "coordinates": [ -122.416902826637113, 37.774055860063726 ] } },
{ "type": "Feature", "properties": { "id": "g2742", "minutes": 22.0, "lon": -122.41463192160344, "lat": 37.774044600854296 }, "geometry": { "type": "Point", "coordinates": [ -122.414631921603444, 37.774044600854296 ] } },
{ "type": "Feature", "properties": { "id": "g2743", "minutes": 23.0, "lon": -122.41236101783684, "lat": 37.774033297884849 }, "geometry": { "type": "Point", "coordinates": [ -122.412361017836844, 37.774033297884849 ] } },
{ "type": "Feature", "properties": { "id": "g2744", "minutes": 23.0, "lon": -122.41009011534223, "lat": 37.774021951155426 }, "geometry": { "type": "Point", "coordinates": [ -122.410090115342229, 37.774021951155426 ] } },
{ "type": "Feature", "properties": { "id": "g2745", "minutes": 25.0, "lon": -122.40781921412447, "lat": 37.774010560666127 }, "geometry": { "type": "Point", "coordinates": [ -122.407819214124473, 37.774010560666127 ] } },
{ "type": "Feature", "properties": { "id": "g2746", "minutes": 27.0, "lon": -122.40554831418855, "lat": 37.773999126417017 }, "geometry": { "type": "Point", "coordinates": [ -122.40554831418855, 37.773999126417017 ] } },
{ "type": "Feature", "properties": { "id": "g2747", "minutes": 29.0, "lon": -122.40327741553934, "lat": 37.773987648408188 }, "geometry": { "type": "Point", "coordinates": [ -122.403277415539335, 37.773987648408188 ] } },
{ "type": "Feature", "properties": { "id": "g2748", "minutes": 28.0, "lon": -122.40100651818175, "lat": 37.773976126639702 }, "geometry": { "type": "Point", "coordinates": [ -122.401006518181745, 37.773976126639702 ] } },
{ "type": "Feature", "properties": { "id": "g2749", "minutes": 30.0, "lon": -122.39873562212072, "lat": 37.773964561111633 }, "geometry": { "type": "Point", "coordinates": [ -122.398735622120725, 37.773964561111633 ] } },
{ "type": "Feature", "properties": { "id": "g2750", "minutes": 29.0, "lon": -122.39646472736113, "lat": 37.773952951824057 }, "geometry": { "type": "Point", "coordinates": [ -122.396464727361135, 37.773952951824057 ] } },
{ "type": "Feature", "properties": { "id": "g2751", "minutes": 30.0, "lon": -122.39419383390793, "lat": 37.773941298777082 }, "geometry": { "type": "Point", "coordinates": [ -122.394193833907934, 37.773941298777082 ] } },
{ "type": "Feature", "properties": { "id": "g2752", "minutes": 29.0, "lon": -122.39192294176604, "lat": 37.77392960197075 }, "geometry": { "type": "Point", "coordinates": [ -122.39192294176604, 37.77392960197075 ] } },
{ "type": "Feature", "properties": { "id": "g2753", "minutes": 29.0, "lon": -122.38965205094034, "lat": 37.773917861405145 }, "geometry": { "type": "Point", "coordinates": [ -122.389652050940342, 37.773917861405145 ] } },
{ "type": "Feature", "properties": { "id": "g2754", "minutes": 31.0, "lon": -122.38738116143574, "lat": 37.773906077080362 }, "geometry": { "type": "Point", "coordinates": [ -122.387381161435741, 37.773906077080362 ] } },
{ "type": "Feature", "properties": { "id": "g2755", "minutes": 35.0, "lon": -122.3851102732572, "lat": 37.773894248996463 }, "geometry": { "type": "Point", "coordinates": [ -122.385110273257197, 37.773894248996463 ] } },
{ "type": "Feature", "properties": { "id": "g2756", "minutes": 38.0, "lon": -122.38283938640959, "lat": 37.773882377153527 }, "geometry": { "type": "Point", "coordinates": [ -122.382839386409586, 37.773882377153527 ] } },
{ "type": "Feature", "properties": { "id": "g2757", "minutes": 40.0, "lon": -122.38056850089782, "lat": 37.773870461551645 }, "geometry": { "type": "Point", "coordinates": [ -122.380568500897823, 37.773870461551645 ] } },
{ "type": "Feature", "properties": { "id": "g2769", "minutes": 62.0, "lon": -122.51454108499541, "lat": 37.776301192167345 }, "geometry": { "type": "Point", "coordinates": [ -122.514541084995415, 37.776301192167345 ] } },
{ "type": "Feature", "properties": { "id": "g2770", "minutes": 62.0, "lon": -122.51227007499217, "lat": 37.77629181410088 }, "geometry": { "type": "Point", "coordinates": [ -122.512270074992173, 37.77629181410088 ] } },
{ "type": "Feature", "properties": { "id": "g2771", "minutes": 57.0, "lon": -122.50999906604474, "lat": 37.776282392268577 }, "geometry": { "type": "Point", "coordinates": [ -122.509999066044742, 37.776282392268577 ] } },
{ "type": "Feature", "properties": { "id": "g2772", "minutes": 59.0, "lon": -122.50772805815808, "lat": 37.776272926670529 }, "geometry": { "type": "Point", "coordinates": [ -122.507728058158079, 37.776272926670529 ] } },
{ "type": "Feature", "properties": { "id": "g2773", "minutes": 57.0, "lon": -122.50545705133706, "lat": 37.776263417306801 }, "geometry": { "type": "Point", "coordinates": [ -122.505457051337061, 37.776263417306801 ] } },
{ "type": "Feature", "properties": { "id": "g2774", "minutes": 56.0, "lon": -122.50318604558665, "lat": 37.776253864177434 }, "geometry": { "type": "Point", "coordinates": [ -122.503186045586645, 37.776253864177434 ] } },
{ "type": "Feature", "properties": { "id": "g2775", "minutes": 55.0, "lon": -122.50091504091172, "lat": 37.7762442672825 }, "geometry": { "type": "Point", "coordinates": [ -122.500915040911721, 37.7762442672825 ] } },
{ "type": "Feature", "properties": { "id": "g2776", "minutes": 56.0, "lon": -122.49864403731722, "lat": 37.776234626622063 }, "geometry": { "type": "Point", "coordinates": [ -122.49864403731722, 37.776234626622063 ] } },
{ "type": "Feature", "properties": { "id": "g2777", "minutes": 54.0, "lon": -122.49637303480802, "lat": 37.776224942196194 }, "geometry": { "type": "Point", "coordinates": [ -122.496373034808016, 37.776224942196194 ] } },
{ "type": "Feature", "properties": { "id": "g2778", "minutes": 53.0, "lon": -122.49410203338908, "lat": 37.776215214004949 }, "geometry": { "type": "Point", "coordinates": [ -122.494102033389083, 37.776215214004949 ] } },
{ "type": "Feature", "properties": { "id": "g2779", "minutes": 53.0, "lon": -122.49183103306528, "lat": 37.776205442048393 }, "geometry": { "type": "Point", "coordinates": [ -122.491831033065282, 37.776205442048393 ] } },
{ "type": "Feature", "properties": { "id": "g2780", "minutes": 54.0, "lon": -122.48956003384157, "lat": 37.77619562632659 }, "geometry": { "type": "Point", "coordinates": [ -122.48956003384157, 37.77619562632659 ] } },
{ "type": "Feature", "properties": { "id": "g2781", "minutes": 53.0, "lon": -122.48728903572282, "lat": 37.776185766839625 }, "geometry": { "type": "Point", "coordinates": [ -122.487289035722824, 37.776185766839625 ] } },
{ "type": "Feature", "properties": { "id": "g2782", "minutes": 50.0, "lon": -122.48501803871397, "lat": 37.776175863587518 }, "geometry": { "type": "Point", "coordinates": [ -122.485018038713974, 37.776175863587518 ] } },
{ "type": "Feature", "properties": { "id": "g2783", "minutes": 51.0, "lon": -122.48274704281997, "lat": 37.776165916570392 }, "geometry": { "type": "Point", "coordinates": [ -122.482747042819966, 37.776165916570392 ] } },
{ "type": "Feature", "properties": { "id": "g2784", "minutes": 50.0, "lon": -122.48047604804567, "lat": 37.776155925788281 }, "geometry": { "type": "Point", "coordinates": [ -122.480476048045674, 37.776155925788281 ] } },
{ "type": "Feature", "properties": { "id": "g2785", "minutes": 50.0, "lon": -122.47820505439606, "lat": 37.776145891241242 }, "geometry": { "type": "Point", "coordinates": [ -122.478205054396057, 37.776145891241242 ] } },
{ "type": "Feature", "properties": { "id": "g2786", "minutes": 50.0, "lon": -122.47593406187598, "lat": 37.776135812929361 }, "geometry": { "type": "Point", "coordinates": [ -122.475934061875975, 37.776135812929361 ] } },
{ "type": "Feature", "properties": { "id": "g2787", "minutes": 48.0, "lon": -122.4736630704904, "lat": 37.776125690852709 }, "geometry": { "type": "Point", "coordinates": [ -122.473663070490403, 37.776125690852709 ] } },
{ "type": "Feature", "properties": { "id": "g2788", "minutes": 47.0, "lon": -122.4713920802442, "lat": 37.776115525011342 }, "geometry": { "type": "Point", "coordinates": [ -122.4713920802442, 37.776115525011342 ] } },
{ "type": "Feature", "properties": { "id": "g2789", "minutes": 48.0, "lon": -122.46912109114231, "lat": 37.776105315405331 }, "geometry": { "type": "Point", "coordinates": [ -122.469121091142313, 37.776105315405331 ] } },
{ "type": "Feature", "properties": { "id": "g2790", "minutes": 46.0, "lon": -122.46685010318964, "lat": 37.776095062034742 }, "geometry": { "type": "Point", "coordinates": [ -122.466850103189643, 37.776095062034742 ] } },
{ "type": "Feature", "properties": { "id": "g2791", "minutes": 44.0, "lon": -122.46457911639111, "lat": 37.776084764899636 }, "geometry": { "type": "Point", "coordinates": [ -122.464579116391107, 37.776084764899636 ] } },
{ "type": "Feature", "properties": { "id": "g2792", "minutes": 45.0, "lon": -122.46230813075162, "lat": 37.7760744240001 }, "geometry": { "type": "Point", "coordinates": [ -122.462308130751623, 37.7760744240001 ] } },
{ "type": "Feature", "properties": { "id": "g2793", "minutes": 43.0, "lon": -122.46003714627611, "lat": 37.776064039336177 }, "geometry": { "type": "Point", "coordinates": [ -122.460037146276107, 37.776064039336177 ] } },
{ "type": "Feature", "properties": { "id": "g2794", "minutes": 42.0, "lon": -122.45776616296949, "lat": 37.776053610907965 }, "geometry": { "type": "Point", "coordinates": [ -122.457766162969492, 37.776053610907965 ] } },
{ "type": "Feature", "properties": { "id": "g2795", "minutes": 42.0, "lon": -122.45549518083666, "lat": 37.776043138715515 }, "geometry": { "type": "Point", "coordinates": [ -122.455495180836664, 37.776043138715515 ] } },
{ "type": "Feature", "properties": { "id": "g2796", "minutes": 39.0, "lon": -122.45322419988256, "lat": 37.776032622758919 }, "geometry": { "type": "Point", "coordinates": [ -122.453224199882555, 37.776032622758919 ] } },
{ "type": "Feature", "properties": { "id": "g2797", "minutes": 40.0, "lon": -122.45095322011208, "lat": 37.776022063038212 }, "geometry": { "type": "Point", "coordinates": [ -122.450953220112083, 37.776022063038212 ] } },
{ "type": "Feature", "properties": { "id": "g2798", "minutes": 38.0, "lon": -122.44868224153015, "lat": 37.776011459553494 }, "geometry": { "type": "Point", "coordinates": [ -122.44868224153015, 37.776011459553494 ] } },
{ "type": "Feature", "properties": { "id": "g2799", "minutes": 35.0, "lon": -122.44641126414166, "lat": 37.776000812304808 }, "geometry": { "type": "Point", "coordinates": [ -122.446411264141659, 37.776000812304808 ] } },
{ "type": "Feature", "properties": { "id": "g2800", "minutes": 37.0, "lon": -122.44414028795157, "lat": 37.775990121292253 }, "geometry": { "type": "Point", "coordinates": [ -122.444140287951569, 37.775990121292253 ] } },
{ "type": "Feature", "properties": { "id": "g2801", "minutes": 35.0, "lon": -122.44186931296476, "lat": 37.775979386515885 }, "geometry": { "type": "Point", "coordinates": [ -122.441869312964755, 37.775979386515885 ] } },
{ "type": "Feature", "properties": { "id": "g2802", "minutes": 36.0, "lon": -122.43959833918613, "lat": 37.775968607975784 }, "geometry": { "type": "Point", "coordinates": [ -122.439598339186134, 37.775968607975784 ] } },
{ "type": "Feature", "properties": { "id": "g2803", "minutes": 34.0, "lon": -122.43732736662064, "lat": 37.775957785672006 }, "geometry": { "type": "Point", "coordinates": [ -122.437327366620636, 37.775957785672006 ] } },
{ "type": "Feature", "properties": { "id": "g2804", "minutes": 34.0, "lon": -122.43505639527319, "lat": 37.775946919604635 }, "geometry": { "type": "Point", "coordinates": [ -122.435056395273193, 37.775946919604635 ] } },
{ "type": "Feature", "properties": { "id": "g2805", "minutes": 33.0, "lon": -122.43278542514868, "lat": 37.775936009773751 }, "geometry": { "type": "Point", "coordinates": [ -122.43278542514868, 37.775936009773751 ] } },
{ "type": "Feature", "properties": { "id": "g2806", "minutes": 31.0, "lon": -122.43051445625204, "lat": 37.77592505617941 }, "geometry": { "type": "Point", "coordinates": [ -122.430514456252041, 37.77592505617941 ] } },
{ "type": "Feature", "properties": { "id": "g2807", "minutes": 31.0, "lon": -122.42824348858815, "lat": 37.775914058821691 }, "geometry": { "type": "Point", "coordinates": [ -122.428243488588151, 37.775914058821691 ] } },
{ "type": "Feature", "properties": { "id": "g2808", "minutes": 28.0, "lon": -122.42597252216198, "lat": 37.775903017700664 }, "geometry": { "type": "Point", "coordinates": [ -122.425972522161985, 37.775903017700664 ] } },
{ "type": "Feature", "properties": { "id": "g2809", "minutes": 24.0, "lon": -122.4237015569784, "lat": 37.775891932816421 }, "geometry": { "type": "Point", "coordinates": [ -122.423701556978401, 37.775891932816421 ] } },
{ "type": "Feature", "properties": { "id": "g2810", "minutes": 20.0, "lon": -122.42143059304236, "lat": 37.775880804169013 }, "geometry": { "type": "Point", "coordinates": [ -122.421430593042359, 37.775880804169013 ] } },
{ "type": "Feature", "properties": { "id": "g2811", "minutes": 17.0, "lon": -122.41915963035876, "lat": 37.775869631758532 }, "geometry": { "type": "Point", "coordinates": [ -122.419159630358763, 37.775869631758532 ] } },
{ "type": "Feature", "properties": { "id": "g2812", "minutes": 20.0, "lon": -122.41688866893251, "lat": 37.77585841558502 }, "geometry": { "type": "Point", "coordinates": [ -122.416888668932515, 37.77585841558502 ] } },
{ "type": "Feature", "properties": { "id": "g2813", "minutes": 18.0, "lon": -122.41461770876853, "lat": 37.775847155648592 }, "geometry": { "type": "Point", "coordinates": [ -122.414617708768532, 37.775847155648592 ] } },
{ "type": "Feature", "properties": { "id": "g2814", "minutes": 20.0, "lon": -122.4123467498717, "lat": 37.77583585194931 }, "geometry": { "type": "Point", "coordinates": [ -122.412346749871702, 37.77583585194931 ] } },
{ "type": "Feature", "properties": { "id": "g2815", "minutes": 22.0, "lon": -122.410075792247, "lat": 37.77582450448724 }, "geometry": { "type": "Point", "coordinates": [ -122.410075792247, 37.77582450448724 ] } },
{ "type": "Feature", "properties": { "id": "g2816", "minutes": 23.0, "lon": -122.4078048358993, "lat": 37.775813113262458 }, "geometry": { "type": "Point", "coordinates": [ -122.407804835899299, 37.775813113262458 ] } },
{ "type": "Feature", "properties": { "id": "g2817", "minutes": 25.0, "lon": -122.40553388083352, "lat": 37.775801678275059 }, "geometry": { "type": "Point", "coordinates": [ -122.405533880833516, 37.775801678275059 ] } },
{ "type": "Feature", "properties": { "id": "g2818", "minutes": 24.0, "lon": -122.40326292705458, "lat": 37.77579019952509 }, "geometry": { "type": "Point", "coordinates": [ -122.403262927054584, 37.77579019952509 ] } },
{ "type": "Feature", "properties": { "id": "g2819", "minutes": 27.0, "lon": -122.40099197456742, "lat": 37.775778677012646 }, "geometry": { "type": "Point", "coordinates": [ -122.400991974567418, 37.775778677012646 ] } },
{ "type": "Feature", "properties": { "id": "g2820", "minutes": 26.0, "lon": -122.39872102337689, "lat": 37.775767110737796 }, "geometry": { "type": "Point", "coordinates": [ -122.398721023376893, 37.775767110737796 ] } },
{ "type": "Feature", "properties": { "id": "g2821", "minutes": 26.0, "lon": -122.396450073488, "lat": 37.775755500700626 }, "geometry": { "type": "Point", "coordinates": [ -122.396450073487998, 37.775755500700626 ] } },
{ "type": "Feature", "properties": { "id": "g2822", "minutes": 26.0, "lon": -122.39417912490555, "lat": 37.775743846901214 }, "geometry": { "type": "Point", "coordinates": [ -122.394179124905548, 37.775743846901214 ] } },
{ "type": "Feature", "properties": { "id": "g2823", "minutes": 28.0, "lon": -122.39190817763455, "lat": 37.775732149339618 }, "geometry": { "type": "Point", "coordinates": [ -122.391908177634548, 37.775732149339618 ] } },
{ "type": "Feature", "properties": { "id": "g2824", "minutes": 31.0, "lon": -122.38963723167986, "lat": 37.775720408015928 }, "geometry": { "type": "Point", "coordinates": [ -122.389637231679856, 37.775720408015928 ] } },
{ "type": "Feature", "properties": { "id": "g2825", "minutes": 34.0, "lon": -122.38736628704642, "lat": 37.775708622930232 }, "geometry": { "type": "Point", "coordinates": [ -122.387366287046419, 37.775708622930232 ] } },
{ "type": "Feature", "properties": { "id": "g2826", "minutes": 37.0, "lon": -122.38509534373912, "lat": 37.775696794082606 }, "geometry": { "type": "Point", "coordinates": [ -122.385095343739124, 37.775696794082606 ] } },
{ "type": "Feature", "properties": { "id": "g2827", "minutes": 38.0, "lon": -122.38282440176293, "lat": 37.775684921473115 }, "geometry": { "type": "Point", "coordinates": [ -122.382824401762932, 37.775684921473115 ] } },
{ "type": "Feature", "properties": { "id": "g2840", "minutes": 62.0, "lon": -122.51452929695084, "lat": 37.778103775720943 }, "geometry": { "type": "Point", "coordinates": [ -122.51452929695084, 37.778103775720943 ] } },
{ "type": "Feature", "properties": { "id": "g2841", "minutes": 57.0, "lon": -122.51225823180764, "lat": 37.778094397048946 }, "geometry": { "type": "Point", "coordinates": [ -122.512258231807635, 37.778094397048946 ] } },
{ "type": "Feature", "properties": { "id": "g2842", "minutes": 54.0, "lon": -122.50998716772035, "lat": 37.778084974608284 }, "geometry": { "type": "Point", "coordinates": [ -122.509987167720354, 37.778084974608284 ] } },
{ "type": "Feature", "properties": { "id": "g2843", "minutes": 55.0, "lon": -122.50771610469393, "lat": 37.778075508399048 }, "geometry": { "type": "Point", "coordinates": [ -122.507716104693927, 37.778075508399048 ] } },
{ "type": "Feature", "properties": { "id": "g2844", "minutes": 54.0, "lon": -122.50544504273326, "lat": 37.778065998421297 }, "geometry": { "type": "Point", "coordinates": [ -122.505445042733257, 37.778065998421297 ] } },
{ "type": "Feature", "properties": { "id": "g2845", "minutes": 52.0, "lon": -122.50317398184328, "lat": 37.778056444675094 }, "geometry": { "type": "Point", "coordinates": [ -122.503173981843275, 37.778056444675094 ] } },
{ "type": "Feature", "properties": { "id": "g2846", "minutes": 51.0, "lon": -122.5009029220289, "lat": 37.778046847160496 }, "geometry": { "type": "Point", "coordinates": [ -122.500902922028899, 37.778046847160496 ] } },
{ "type": "Feature", "properties": { "id": "g2847", "minutes": 54.0, "lon": -122.49863186329503, "lat": 37.778037205877567 }, "geometry": { "type": "Point", "coordinates": [ -122.498631863295032, 37.778037205877567 ] } },
{ "type": "Feature", "properties": { "id": "g2848", "minutes": 51.0, "lon": -122.49636080564659, "lat": 37.778027520826384 }, "geometry": { "type": "Point", "coordinates": [ -122.496360805646589, 37.778027520826384 ] } },
{ "type": "Feature", "properties": { "id": "g2849", "minutes": 51.0, "lon": -122.49408974908846, "lat": 37.778017792006985 }, "geometry": { "type": "Point", "coordinates": [ -122.494089749088459, 37.778017792006985 ] } },
{ "type": "Feature", "properties": { "id": "g2850", "minutes": 51.0, "lon": -122.49181869362565, "lat": 37.778008019419474 }, "geometry": { "type": "Point", "coordinates": [ -122.491818693625646, 37.778008019419474 ] } },
{ "type": "Feature", "properties": { "id": "g2851", "minutes": 54.0, "lon": -122.48954763926297, "lat": 37.777998203063873 }, "geometry": { "type": "Point", "coordinates": [ -122.489547639262966, 37.777998203063873 ] } },
{ "type": "Feature", "properties": { "id": "g2852", "minutes": 51.0, "lon": -122.48727658600541, "lat": 37.777988342940283 }, "geometry": { "type": "Point", "coordinates": [ -122.487276586005407, 37.777988342940283 ] } },
{ "type": "Feature", "properties": { "id": "g2853", "minutes": 48.0, "lon": -122.48500553385784, "lat": 37.777978439048745 }, "geometry": { "type": "Point", "coordinates": [ -122.485005533857844, 37.777978439048745 ] } },
{ "type": "Feature", "properties": { "id": "g2854", "minutes": 50.0, "lon": -122.48273448282518, "lat": 37.777968491389331 }, "geometry": { "type": "Point", "coordinates": [ -122.48273448282518, 37.777968491389331 ] } },
{ "type": "Feature", "properties": { "id": "g2855", "minutes": 48.0, "lon": -122.48046343291239, "lat": 37.777958499962132 }, "geometry": { "type": "Point", "coordinates": [ -122.480463432912387, 37.777958499962132 ] } },
{ "type": "Feature", "properties": { "id": "g2856", "minutes": 48.0, "lon": -122.47819238412436, "lat": 37.777948464767171 }, "geometry": { "type": "Point", "coordinates": [ -122.478192384124355, 37.777948464767171 ] } },
{ "type": "Feature", "properties": { "id": "g2857", "minutes": 49.0, "lon": -122.47592133646596, "lat": 37.777938385804546 }, "geometry": { "type": "Point", "coordinates": [ -122.475921336465959, 37.777938385804546 ] } },
{ "type": "Feature", "properties": { "id": "g2858", "minutes": 47.0, "lon": -122.47365028994219, "lat": 37.777928263074315 }, "geometry": { "type": "Point", "coordinates": [ -122.473650289942185, 37.777928263074315 ] } },
{ "type": "Feature", "properties": { "id": "g2859", "minutes": 46.0, "lon": -122.47137924455788, "lat": 37.777918096576549 }, "geometry": { "type": "Point", "coordinates": [ -122.47137924455788, 37.777918096576549 ] } },
{ "type": "Feature", "properties": { "id": "g2860", "minutes": 48.0, "lon": -122.469108200318, "lat": 37.777907886311304 }, "geometry": { "type": "Point", "coordinates": [ -122.469108200318004, 37.777907886311304 ] } },
{ "type": "Feature", "properties": { "id": "g2861", "minutes": 47.0, "lon": -122.46683715722746, "lat": 37.777897632278666 }, "geometry": { "type": "Point", "coordinates": [ -122.466837157227459, 37.777897632278666 ] } },
{ "type": "Feature", "properties": { "id": "g2862", "minutes": 43.0, "lon": -122.46456611529116, "lat": 37.777887334478685 }, "geometry": { "type": "Point", "coordinates": [ -122.464566115291163, 37.777887334478685 ] } },
{ "type": "Feature", "properties": { "id": "g2863", "minutes": 45.0, "lon": -122.46229507451405, "lat": 37.777876992911445 }, "geometry": { "type": "Point", "coordinates": [ -122.462295074514046, 37.777876992911445 ] } },
{ "type": "Feature", "properties": { "id": "g2864", "minutes": 43.0, "lon": -122.460024034901, "lat": 37.77786660757701 }, "geometry": { "type": "Point", "coordinates": [ -122.460024034900997, 37.77786660757701 ] } },
{ "type": "Feature", "properties": { "id": "g2865", "minutes": 42.0, "lon": -122.45775299645695, "lat": 37.777856178475446 }, "geometry": { "type": "Point", "coordinates": [ -122.457752996456946, 37.777856178475446 ] } },
{ "type": "Feature", "properties": { "id": "g2866", "minutes": 43.0, "lon": -122.45548195918681, "lat": 37.777845705606822 }, "geometry": { "type": "Point", "coordinates": [ -122.455481959186812, 37.777845705606822 ] } },
{ "type": "Feature", "properties": { "id": "g2867", "minutes": 41.0, "lon": -122.45321092309548, "lat": 37.77783518897121 }, "geometry": { "type": "Point", "coordinates": [ -122.453210923095483, 37.77783518897121 ] } },
{ "type": "Feature", "properties": { "id": "g2868", "minutes": 42.0, "lon": -122.4509398881879, "lat": 37.777824628568673 }, "geometry": { "type": "Point", "coordinates": [ -122.450939888187904, 37.777824628568673 ] } },
{ "type": "Feature", "properties": { "id": "g2869", "minutes": 40.0, "lon": -122.44866885446898, "lat": 37.777814024399291 }, "geometry": { "type": "Point", "coordinates": [ -122.448668854468977, 37.777814024399291 ] } },
{ "type": "Feature", "properties": { "id": "g2870", "minutes": 38.0, "lon": -122.44639782194362, "lat": 37.777803376463126 }, "geometry": { "type": "Point", "coordinates": [ -122.44639782194362, 37.777803376463126 ] } },
{ "type": "Feature", "properties": { "id": "g2871", "minutes": 39.0, "lon": -122.44412679061676, "lat": 37.777792684760271 }, "geometry": { "type": "Point", "coordinates": [ -122.444126790616764, 37.777792684760271 ] } },
{ "type": "Feature", "properties": { "id": "g2872", "minutes": 35.0, "lon": -122.4418557604933, "lat": 37.77778194929077 }, "geometry": { "type": "Point", "coordinates": [ -122.441855760493297, 37.77778194929077 ] } },
{ "type": "Feature", "properties": { "id": "g2873", "minutes": 33.0, "lon": -122.43958473157817, "lat": 37.777771170054706 }, "geometry": { "type": "Point", "coordinates": [ -122.439584731578165, 37.777771170054706 ] } },
{ "type": "Feature", "properties": { "id": "g2874", "minutes": 32.0, "lon": -122.43731370387624, "lat": 37.777760347052144 }, "geometry": { "type": "Point", "coordinates": [ -122.437313703876242, 37.777760347052144 ] } },
{ "type": "Feature", "properties": { "id": "g2875", "minutes": 32.0, "lon": -122.4350426773925, "lat": 37.77774948028317 }, "geometry": { "type": "Point", "coordinates": [ -122.435042677392502, 37.77774948028317 ] } },
{ "type": "Feature", "properties": { "id": "g2876", "minutes": 31.0, "lon": -122.43277165213181, "lat": 37.777738569747846 }, "geometry": { "type": "Point", "coordinates": [ -122.432771652131805, 37.777738569747846 ] } },
{ "type": "Feature", "properties": { "id": "g2877", "minutes": 32.0, "lon": -122.43050062809908, "lat": 37.777727615446238 }, "geometry": { "type": "Point", "coordinates": [ -122.430500628099082, 37.777727615446238 ] } },
{ "type": "Feature", "properties": { "id": "g2878", "minutes": 32.0, "lon": -122.42822960529926, "lat": 37.777716617378445 }, "geometry": { "type": "Point", "coordinates": [ -122.428229605299265, 37.777716617378445 ] } },
{ "type": "Feature", "properties": { "id": "g2879", "minutes": 29.0, "lon": -122.42595858373727, "lat": 37.777705575544523 }, "geometry": { "type": "Point", "coordinates": [ -122.42595858373727, 37.777705575544523 ] } },
{ "type": "Feature", "properties": { "id": "g2880", "minutes": 27.0, "lon": -122.42368756341797, "lat": 37.777694489944523 }, "geometry": { "type": "Point", "coordinates": [ -122.423687563417971, 37.777694489944523 ] } },
{ "type": "Feature", "properties": { "id": "g2881", "minutes": 23.0, "lon": -122.42141654434633, "lat": 37.77768336057855 }, "geometry": { "type": "Point", "coordinates": [ -122.421416544346329, 37.77768336057855 ] } },
{ "type": "Feature", "properties": { "id": "g2882", "minutes": 21.0, "lon": -122.41914552652723, "lat": 37.777672187446683 }, "geometry": { "type": "Point", "coordinates": [ -122.419145526527231, 37.777672187446683 ] } },
{ "type": "Feature", "properties": { "id": "g2883", "minutes": 18.0, "lon": -122.41687450996564, "lat": 37.777660970548972 }, "geometry": { "type": "Point", "coordinates": [ -122.416874509965638, 37.777660970548972 ] } },
{ "type": "Feature", "properties": { "id": "g2884", "minutes": 17.0, "lon": -122.41460349466641, "lat": 37.777649709885509 }, "geometry": { "type": "Point", "coordinates": [ -122.414603494666409, 37.777649709885509 ] } },
{ "type": "Feature", "properties": { "id": "g2885", "minutes": 18.0, "lon": -122.41233248063449, "lat": 37.777638405456358 }, "geometry": { "type": "Point", "coordinates": [ -122.41233248063449, 37.777638405456358 ] } },
{ "type": "Feature", "properties": { "id": "g2886", "minutes": 20.0, "lon": -122.41006146787477, "lat": 37.77762705726159 }, "geometry": { "type": "Point", "coordinates": [ -122.410061467874769, 37.77762705726159 ] } },
{ "type": "Feature", "properties": { "id": "g2887", "minutes": 23.0, "lon": -122.40779045639221, "lat": 37.777615665301298 }, "geometry": { "type": "Point", "coordinates": [ -122.407790456392206, 37.777615665301298 ] } },
{ "type": "Feature", "properties": { "id": "g2888", "minutes": 22.0, "lon": -122.40551944619166, "lat": 37.777604229575552 }, "geometry": { "type": "Point", "coordinates": [ -122.405519446191661, 37.777604229575552 ] } },
{ "type": "Feature", "properties": { "id": "g2889", "minutes": 23.0, "lon": -122.40324843727809, "lat": 37.777592750084409 }, "geometry": { "type": "Point", "coordinates": [ -122.403248437278094, 37.777592750084409 ] } },
{ "type": "Feature", "properties": { "id": "g2890", "minutes": 23.0, "lon": -122.40097742965642, "lat": 37.777581226827976 }, "geometry": { "type": "Point", "coordinates": [ -122.400977429656422, 37.777581226827976 ] } },
{ "type": "Feature", "properties": { "id": "g2891", "minutes": 25.0, "lon": -122.39870642333152, "lat": 37.777569659806311 }, "geometry": { "type": "Point", "coordinates": [ -122.398706423331518, 37.777569659806311 ] } },
{ "type": "Feature", "properties": { "id": "g2892", "minutes": 25.0, "lon": -122.39643541830833, "lat": 37.777558049019504 }, "geometry": { "type": "Point", "coordinates": [ -122.396435418308329, 37.777558049019504 ] } },
{ "type": "Feature", "properties": { "id": "g2893", "minutes": 24.0, "lon": -122.39416441459174, "lat": 37.77754639446762 }, "geometry": { "type": "Point", "coordinates": [ -122.394164414591742, 37.77754639446762 ] } },
{ "type": "Feature", "properties": { "id": "g2894", "minutes": 26.0, "lon": -122.39189341218673, "lat": 37.777534696150731 }, "geometry": { "type": "Point", "coordinates": [ -122.391893412186732, 37.777534696150731 ] } },
{ "type": "Feature", "properties": { "id": "g2895", "minutes": 29.0, "lon": -122.38962241109814, "lat": 37.777522954068928 }, "geometry": { "type": "Point", "coordinates": [ -122.389622411098145, 37.777522954068928 ] } },
{ "type": "Feature", "properties": { "id": "g2896", "minutes": 29.0, "lon": -122.38735141133094, "lat": 37.777511168222283 }, "geometry": { "type": "Point", "coordinates": [ -122.38735141133094, 37.777511168222283 ] } },
{ "type": "Feature", "properties": { "id": "g2897", "minutes": 37.0, "lon": -122.38508041288999, "lat": 37.777499338610887 }, "geometry": { "type": "Point", "coordinates": [ -122.385080412889991, 37.777499338610887 ] } },
{ "type": "Feature", "properties": { "id": "g2911", "minutes": 62.0, "lon": -122.51451750785526, "lat": 37.779906358718542 }, "geometry": { "type": "Point", "coordinates": [ -122.51451750785526, 37.779906358718542 ] } },
{ "type": "Feature", "properties": { "id": "g2912", "minutes": 60.0, "lon": -122.51224638756716, "lat": 37.779896979440977 }, "geometry": { "type": "Point", "coordinates": [ -122.51224638756716, 37.779896979440977 ] } },
{ "type": "Feature", "properties": { "id": "g2913", "minutes": 54.0, "lon": -122.5099752683351, "lat": 37.779887556391927 }, "geometry": { "type": "Point", "coordinates": [ -122.509975268335097, 37.779887556391927 ] } },
{ "type": "Feature", "properties": { "id": "g2914", "minutes": 51.0, "lon": -122.507704150164, "lat": 37.779878089571476 }, "geometry": { "type": "Point", "coordinates": [ -122.507704150164002, 37.779878089571476 ] } },
{ "type": "Feature", "properties": { "id": "g2915", "minutes": 50.0, "lon": -122.50543303305875, "lat": 37.779868578979688 }, "geometry": { "type": "Point", "coordinates": [ -122.50543303305875, 37.779868578979688 ] } },
{ "type": "Feature", "properties": { "id": "g2916", "minutes": 50.0, "lon": -122.50316191702429, "lat": 37.779859024616606 }, "geometry": { "type": "Point", "coordinates": [ -122.503161917024286, 37.779859024616606 ] } },
{ "type": "Feature", "properties": { "id": "g2917", "minutes": 50.0, "lon": -122.50089080206553, "lat": 37.779849426482315 }, "geometry": { "type": "Point", "coordinates": [ -122.500890802065527, 37.779849426482315 ] } },
{ "type": "Feature", "properties": { "id": "g2918", "minutes": 51.0, "lon": -122.4986196881874, "lat": 37.779839784576879 }, "geometry": { "type": "Point", "coordinates": [ -122.498619688187404, 37.779839784576879 ] } },
{ "type": "Feature", "properties": { "id": "g2919", "minutes": 47.0, "lon": -122.49634857539479, "lat": 37.779830098900341 }, "geometry": { "type": "Point", "coordinates": [ -122.496348575394791, 37.779830098900341 ] } },
{ "type": "Feature", "properties": { "id": "g2920", "minutes": 48.0, "lon": -122.49407746369261, "lat": 37.779820369452779 }, "geometry": { "type": "Point", "coordinates": [ -122.494077463692605, 37.779820369452779 ] } },
{ "type": "Feature", "properties": { "id": "g2921", "minutes": 48.0, "lon": -122.49180635308582, "lat": 37.779810596234256 }, "geometry": { "type": "Point", "coordinates": [ -122.491806353085821, 37.779810596234256 ] } },
{ "type": "Feature", "properties": { "id": "g2922", "minutes": 50.0, "lon": -122.4895352435793, "lat": 37.779800779244837 }, "geometry": { "type": "Point", "coordinates": [ -122.489535243579297, 37.779800779244837 ] } },
{ "type": "Feature", "properties": { "id": "g2923", "minutes": 48.0, "lon": -122.48726413517798, "lat": 37.779790918484593 }, "geometry": { "type": "Point", "coordinates": [ -122.487264135177981, 37.779790918484593 ] } },
{ "type": "Feature", "properties": { "id": "g2924", "minutes": 44.0, "lon": -122.48499302788676, "lat": 37.779781013953581 }, "geometry": { "type": "Point", "coordinates": [ -122.484993027886759, 37.779781013953581 ] } },
{ "type": "Feature", "properties": { "id": "g2925", "minutes": 48.0, "lon": -122.48272192171058, "lat": 37.779771065651879 }, "geometry": { "type": "Point", "coordinates": [ -122.482721921710578, 37.779771065651879 ] } },
{ "type": "Feature", "properties": { "id": "g2926", "minutes": 45.0, "lon": -122.48045081665434, "lat": 37.779761073579529 }, "geometry": { "type": "Point", "coordinates": [ -122.48045081665434, 37.779761073579529 ] } },
{ "type": "Feature", "properties": { "id": "g2927", "minutes": 45.0, "lon": -122.47817971272296, "lat": 37.779751037736631 }, "geometry": { "type": "Point", "coordinates": [ -122.478179712722962, 37.779751037736631 ] } },
{ "type": "Feature", "properties": { "id": "g2928", "minutes": 46.0, "lon": -122.47590860992138, "lat": 37.77974095812322 }, "geometry": { "type": "Point", "coordinates": [ -122.475908609921376, 37.77974095812322 ] } },
{ "type": "Feature", "properties": { "id": "g2929", "minutes": 44.0, "lon": -122.47363750825447, "lat": 37.779730834739382 }, "geometry": { "type": "Point", "coordinates": [ -122.47363750825447, 37.779730834739382 ] } },
{ "type": "Feature", "properties": { "id": "g2930", "minutes": 43.0, "lon": -122.47136640772716, "lat": 37.779720667585188 }, "geometry": { "type": "Point", "coordinates": [ -122.47136640772716, 37.779720667585188 ] } },
{ "type": "Feature", "properties": { "id": "g2931", "minutes": 45.0, "lon": -122.46909530834439, "lat": 37.779710456660695 }, "geometry": { "type": "Point", "coordinates": [ -122.469095308344393, 37.779710456660695 ] } },
{ "type": "Feature", "properties": { "id": "g2932", "minutes": 42.0, "lon": -122.46682421011106, "lat": 37.779700201965966 }, "geometry": { "type": "Point", "coordinates": [ -122.466824210111056, 37.779700201965966 ] } },
{ "type": "Feature", "properties": { "id": "g2933", "minutes": 40.0, "lon": -122.46455311303208, "lat": 37.779689903501087 }, "geometry": { "type": "Point", "coordinates": [ -122.464553113032082, 37.779689903501087 ] } },
{ "type": "Feature", "properties": { "id": "g2934", "minutes": 42.0, "lon": -122.46228201711239, "lat": 37.779679561266114 }, "geometry": { "type": "Point", "coordinates": [ -122.462282017112386, 37.779679561266114 ] } },
{ "type": "Feature", "properties": { "id": "g2935", "minutes": 40.0, "lon": -122.46001092235689, "lat": 37.779669175261112 }, "geometry": { "type": "Point", "coordinates": [ -122.460010922356886, 37.779669175261112 ] } },
{ "type": "Feature", "properties": { "id": "g2936", "minutes": 40.0, "lon": -122.45773982877047, "lat": 37.779658745486159 }, "geometry": { "type": "Point", "coordinates": [ -122.457739828770471, 37.779658745486159 ] } },
{ "type": "Feature", "properties": { "id": "g2937", "minutes": 41.0, "lon": -122.45546873635809, "lat": 37.779648271941326 }, "geometry": { "type": "Point", "coordinates": [ -122.455468736358085, 37.779648271941326 ] } },
{ "type": "Feature", "properties": { "id": "g2938", "minutes": 42.0, "lon": -122.45319764512465, "lat": 37.779637754626677 }, "geometry": { "type": "Point", "coordinates": [ -122.453197645124646, 37.779637754626677 ] } },
{ "type": "Feature", "properties": { "id": "g2939", "minutes": 41.0, "lon": -122.45092655507504, "lat": 37.779627193542275 }, "geometry": { "type": "Point", "coordinates": [ -122.450926555075043, 37.779627193542275 ] } },
{ "type": "Feature", "properties": { "id": "g2940", "minutes": 38.0, "lon": -122.44865546621425, "lat": 37.779616588688206 }, "geometry": { "type": "Point", "coordinates": [ -122.448655466214248, 37.779616588688206 ] } },
{ "type": "Feature", "properties": { "id": "g2941", "minutes": 39.0, "lon": -122.44638437854709, "lat": 37.779605940064542 }, "geometry": { "type": "Point", "coordinates": [ -122.446384378547094, 37.779605940064542 ] } },
{ "type": "Feature", "properties": { "id": "g2942", "minutes": 39.0, "lon": -122.44411329207855, "lat": 37.779595247671331 }, "geometry": { "type": "Point", "coordinates": [ -122.444113292078555, 37.779595247671331 ] } },
{ "type": "Feature", "properties": { "id": "g2943", "minutes": 37.0, "lon": -122.44184220681353, "lat": 37.779584511508666 }, "geometry": { "type": "Point", "coordinates": [ -122.441842206813533, 37.779584511508666 ] } },
{ "type": "Feature", "properties": { "id": "g2944", "minutes": 34.0, "lon": -122.43957112275694, "lat": 37.779573731576619 }, "geometry": { "type": "Point", "coordinates": [ -122.439571122756945, 37.779573731576619 ] } },
{ "type": "Feature", "properties": { "id": "g2945", "minutes": 34.0, "lon": -122.43730003991372, "lat": 37.779562907875231 }, "geometry": { "type": "Point", "coordinates": [ -122.437300039913723, 37.779562907875231 ] } },
{ "type": "Feature", "properties": { "id": "g2946", "minutes": 34.0, "lon": -122.43502895828874, "lat": 37.779552040404624 }, "geometry": { "type": "Point", "coordinates": [ -122.43502895828874, 37.779552040404624 ] } },
{ "type": "Feature", "properties": { "id": "g2947", "minutes": 30.0, "lon": -122.43275787788696, "lat": 37.779541129164834 }, "geometry": { "type": "Point", "coordinates": [ -122.432757877886957, 37.779541129164834 ] } },
{ "type": "Feature", "properties": { "id": "g2948", "minutes": 32.0, "lon": -122.43048679871326, "lat": 37.77953017415593 }, "geometry": { "type": "Point", "coordinates": [ -122.430486798713261, 37.77953017415593 ] } },
{ "type": "Feature", "properties": { "id": "g2949", "minutes": 31.0, "lon": -122.42821572077258, "lat": 37.779519175378013 }, "geometry": { "type": "Point", "coordinates": [ -122.428215720772585, 37.779519175378013 ] } },
{ "type": "Feature", "properties": { "id": "g2950", "minutes": 29.0, "lon": -122.42594464406982, "lat": 37.779508132831133 }, "geometry": { "type": "Point", "coordinates": [ -122.425944644069816, 37.779508132831133 ] } },
{ "type": "Feature", "properties": { "id": "g2951", "minutes": 27.0, "lon": -122.42367356860991, "lat": 37.779497046515374 }, "geometry": { "type": "Point", "coordinates": [ -122.423673568609914, 37.779497046515374 ] } },
{ "type": "Feature", "properties": { "id": "g2952", "minutes": 25.0, "lon": -122.42140249439775, "lat": 37.779485916430808 }, "geometry": { "type": "Point", "coordinates": [ -122.421402494397753, 37.779485916430808 ] } },
{ "type": "Feature", "properties": { "id": "g2953", "minutes": 22.0, "lon": -122.41913142143827, "lat": 37.779474742577506 }, "geometry": { "type": "Point", "coordinates": [ -122.419131421438266, 37.779474742577506 ] } },
{ "type": "Feature", "properties": { "id": "g2954", "minutes": 19.0, "lon": -122.41686034973638, "lat": 37.779463524955553 }, "geometry": { "type": "Point", "coordinates": [ -122.416860349736382, 37.779463524955553 ] } },
{ "type": "Feature", "properties": { "id": "g2955", "minutes": 16.0, "lon": -122.41458927929699, "lat": 37.779452263565013 }, "geometry": { "type": "Point", "coordinates": [ -122.41458927929699, 37.779452263565013 ] } },
{ "type": "Feature", "properties": { "id": "g2956", "minutes": 18.0, "lon": -122.41231821012502, "lat": 37.779440958405957 }, "geometry": { "type": "Point", "coordinates": [ -122.412318210125022, 37.779440958405957 ] } },
{ "type": "Feature", "properties": { "id": "g2957", "minutes": 19.0, "lon": -122.41004714222539, "lat": 37.77942960947847 }, "geometry": { "type": "Point", "coordinates": [ -122.410047142225395, 37.77942960947847 ] } },
{ "type": "Feature", "properties": { "id": "g2958", "minutes": 18.0, "lon": -122.40777607560304, "lat": 37.779418216782624 }, "geometry": { "type": "Point", "coordinates": [ -122.407776075603039, 37.779418216782624 ] } },
{ "type": "Feature", "properties": { "id": "g2959", "minutes": 20.0, "lon": -122.40550501026284, "lat": 37.77940678031851 }, "geometry": { "type": "Point", "coordinates": [ -122.405505010262843, 37.77940678031851 ] } },
{ "type": "Feature", "properties": { "id": "g2960", "minutes": 19.0, "lon": -122.40323394620972, "lat": 37.779395300086172 }, "geometry": { "type": "Point", "coordinates": [ -122.403233946209724, 37.779395300086172 ] } },
{ "type": "Feature", "properties": { "id": "g2961", "minutes": 21.0, "lon": -122.40096288344861, "lat": 37.779383776085702 }, "geometry": { "type": "Point", "coordinates": [ -122.400962883448614, 37.779383776085702 ] } },
{ "type": "Feature", "properties": { "id": "g2962", "minutes": 21.0, "lon": -122.3986918219844, "lat": 37.779372208317184 }, "geometry": { "type": "Point", "coordinates": [ -122.3986918219844, 37.779372208317184 ] } },
{ "type": "Feature", "properties": { "id": "g2963", "minutes": 24.0, "lon": -122.39642076182204, "lat": 37.779360596780698 }, "geometry": { "type": "Point", "coordinates": [ -122.396420761822043, 37.779360596780698 ] } },
{ "type": "Feature", "properties": { "id": "g2964", "minutes": 26.0, "lon": -122.39414970296642, "lat": 37.779348941476314 }, "geometry": { "type": "Point", "coordinates": [ -122.394149702966416, 37.779348941476314 ] } },
{ "type": "Feature", "properties": { "id": "g2965", "minutes": 25.0, "lon": -122.39187864542245, "lat": 37.779337242404097 }, "geometry": { "type": "Point", "coordinates": [ -122.391878645422452, 37.779337242404097 ] } },
{ "type": "Feature", "properties": { "id": "g2966", "minutes": 23.0, "lon": -122.38960758919505, "lat": 37.779325499564131 }, "geometry": { "type": "Point", "coordinates": [ -122.389607589195052, 37.779325499564131 ] } },
{ "type": "Feature", "properties": { "id": "g2967", "minutes": 28.0, "lon": -122.38733653428916, "lat": 37.779313712956522 }, "geometry": { "type": "Point", "coordinates": [ -122.387336534289162, 37.779313712956522 ] } },
{ "type": "Feature", "properties": { "id": "g2968", "minutes": 29.0, "lon": -122.3850654807097, "lat": 37.779301882581308 }, "geometry": { "type": "Point", "coordinates": [ -122.385065480709699, 37.779301882581308 ] } },
{ "type": "Feature", "properties": { "id": "g2982", "minutes": 62.0, "lon": -122.51450571770854, "lat": 37.781708941160154 }, "geometry": { "type": "Point", "coordinates": [ -122.514505717708545, 37.781708941160154 ] } },
{ "type": "Feature", "properties": { "id": "g2983", "minutes": 59.0, "lon": -122.51223454227065, "lat": 37.781699561276987 }, "geometry": { "type": "Point", "coordinates": [ -122.512234542270647, 37.781699561276987 ] } },
{ "type": "Feature", "properties": { "id": "g2984", "minutes": 59.0, "lon": -122.5099633678889, "lat": 37.781690137619528 }, "geometry": { "type": "Point", "coordinates": [ -122.509963367888901, 37.781690137619528 ] } },
{ "type": "Feature", "properties": { "id": "g2985", "minutes": 59.0, "lon": -122.50769219456822, "lat": 37.781680670187832 }, "geometry": { "type": "Point", "coordinates": [ -122.507692194568222, 37.781680670187832 ] } },
{ "type": "Feature", "properties": { "id": "g2986", "minutes": 56.0, "lon": -122.50542102231347, "lat": 37.781671158981958 }, "geometry": { "type": "Point", "coordinates": [ -122.50542102231347, 37.781671158981958 ] } },
{ "type": "Feature", "properties": { "id": "g2987", "minutes": 55.0, "lon": -122.50314985112961, "lat": 37.781661604001997 }, "geometry": { "type": "Point", "coordinates": [ -122.503149851129606, 37.781661604001997 ] } },
{ "type": "Feature", "properties": { "id": "g2988", "minutes": 54.0, "lon": -122.50087868102156, "lat": 37.781652005247977 }, "geometry": { "type": "Point", "coordinates": [ -122.500878681021561, 37.781652005247977 ] } },
{ "type": "Feature", "properties": { "id": "g2989", "minutes": 56.0, "lon": -122.49860751199425, "lat": 37.781642362719971 }, "geometry": { "type": "Point", "coordinates": [ -122.498607511994251, 37.781642362719971 ] } },
{ "type": "Feature", "properties": { "id": "g2990", "minutes": 51.0, "lon": -122.49633634405254, "lat": 37.781632676418063 }, "geometry": { "type": "Point", "coordinates": [ -122.496336344052537, 37.781632676418063 ] } },
{ "type": "Feature", "properties": { "id": "g2991", "minutes": 50.0, "lon": -122.49406517720141, "lat": 37.781622946342296 }, "geometry": { "type": "Point", "coordinates": [ -122.494065177201406, 37.781622946342296 ] } },
{ "type": "Feature", "properties": { "id": "g2992", "minutes": 51.0, "lon": -122.49179401144573, "lat": 37.781613172492754 }, "geometry": { "type": "Point", "coordinates": [ -122.491794011445734, 37.781613172492754 ] } },
{ "type": "Feature", "properties": { "id": "g2993", "minutes": 53.0, "lon": -122.48952284679042, "lat": 37.781603354869475 }, "geometry": { "type": "Point", "coordinates": [ -122.489522846790422, 37.781603354869475 ] } },
{ "type": "Feature", "properties": { "id": "g2994", "minutes": 49.0, "lon": -122.48725168324043, "lat": 37.781593493472549 }, "geometry": { "type": "Point", "coordinates": [ -122.48725168324043, 37.781593493472549 ] } },
{ "type": "Feature", "properties": { "id": "g2995", "minutes": 46.0, "lon": -122.48498052080065, "lat": 37.781583588302041 }, "geometry": { "type": "Point", "coordinates": [ -122.484980520800647, 37.781583588302041 ] } },
{ "type": "Feature", "properties": { "id": "g2996", "minutes": 48.0, "lon": -122.48270935947602, "lat": 37.781573639358001 }, "geometry": { "type": "Point", "coordinates": [ -122.482709359476019, 37.781573639358001 ] } },
{ "type": "Feature", "properties": { "id": "g2997", "minutes": 46.0, "lon": -122.48043819927143, "lat": 37.781563646640507 }, "geometry": { "type": "Point", "coordinates": [ -122.480438199271433, 37.781563646640507 ] } },
{ "type": "Feature", "properties": { "id": "g2998", "minutes": 45.0, "lon": -122.47816704019182, "lat": 37.781553610149615 }, "geometry": { "type": "Point", "coordinates": [ -122.478167040191821, 37.781553610149615 ] } },
{ "type": "Feature", "properties": { "id": "g2999", "minutes": 46.0, "lon": -122.47589588224207, "lat": 37.781543529885404 }, "geometry": { "type": "Point", "coordinates": [ -122.475895882242071, 37.781543529885404 ] } },
{ "type": "Feature", "properties": { "id": "g3000", "minutes": 43.0, "lon": -122.47362472542714, "lat": 37.781533405847931 }, "geometry": { "type": "Point", "coordinates": [ -122.473624725427143, 37.781533405847931 ] } },
{ "type": "Feature", "properties": { "id": "g3001", "minutes": 42.0, "lon": -122.47135356975191, "lat": 37.781523238037259 }, "geometry": { "type": "Point", "coordinates": [ -122.471353569751912, 37.781523238037259 ] } },
{ "type": "Feature", "properties": { "id": "g3002", "minutes": 44.0, "lon": -122.46908241522134, "lat": 37.781513026453482 }, "geometry": { "type": "Point", "coordinates": [ -122.469082415221337, 37.781513026453482 ] } },
{ "type": "Feature", "properties": { "id": "g3003", "minutes": 42.0, "lon": -122.46681126184031, "lat": 37.78150277109664 }, "geometry": { "type": "Point", "coordinates": [ -122.466811261840306, 37.78150277109664 ] } },
{ "type": "Feature", "properties": { "id": "g3004", "minutes": 38.0, "lon": -122.46454010961372, "lat": 37.781492471966814 }, "geometry": { "type": "Point", "coordinates": [ -122.464540109613722, 37.781492471966814 ] } },
{ "type": "Feature", "properties": { "id": "g3005", "minutes": 40.0, "lon": -122.46226895854655, "lat": 37.781482129064074 }, "geometry": { "type": "Point", "coordinates": [ -122.462268958546545, 37.781482129064074 ] } },
{ "type": "Feature", "properties": { "id": "g3006", "minutes": 37.0, "lon": -122.45999780864366, "lat": 37.781471742388483 }, "geometry": { "type": "Point", "coordinates": [ -122.459997808643664, 37.781471742388483 ] } },
{ "type": "Feature", "properties": { "id": "g3007", "minutes": 37.0, "lon": -122.45772665990999, "lat": 37.78146131194012 }, "geometry": { "type": "Point", "coordinates": [ -122.457726659909994, 37.78146131194012 ] } },
{ "type": "Feature", "properties": { "id": "g3008", "minutes": 37.0, "lon": -122.45545551235045, "lat": 37.781450837719042 }, "geometry": { "type": "Point", "coordinates": [ -122.455455512350454, 37.781450837719042 ] } },
{ "type": "Feature", "properties": { "id": "g3009", "minutes": 36.0, "lon": -122.45318436596997, "lat": 37.781440319725313 }, "geometry": { "type": "Point", "coordinates": [ -122.453184365969975, 37.781440319725313 ] } },
{ "type": "Feature", "properties": { "id": "g3010", "minutes": 37.0, "lon": -122.45091322077346, "lat": 37.781429757959032 }, "geometry": { "type": "Point", "coordinates": [ -122.450913220773458, 37.781429757959032 ] } },
{ "type": "Feature", "properties": { "id": "g3011", "minutes": 35.0, "lon": -122.44864207676581, "lat": 37.781419152420234 }, "geometry": { "type": "Point", "coordinates": [ -122.448642076765807, 37.781419152420234 ] } },
{ "type": "Feature", "properties": { "id": "g3012", "minutes": 36.0, "lon": -122.44637093395195, "lat": 37.78140850310902 }, "geometry": { "type": "Point", "coordinates": [ -122.446370933951954, 37.78140850310902 ] } },
{ "type": "Feature", "properties": { "id": "g3013", "minutes": 36.0, "lon": -122.44409979233684, "lat": 37.781397810025439 }, "geometry": { "type": "Point", "coordinates": [ -122.444099792336843, 37.781397810025439 ] } },
{ "type": "Feature", "properties": { "id": "g3014", "minutes": 35.0, "lon": -122.44182865192536, "lat": 37.781387073169576 }, "geometry": { "type": "Point", "coordinates": [ -122.441828651925363, 37.781387073169576 ] } },
{ "type": "Feature", "properties": { "id": "g3015", "minutes": 32.0, "lon": -122.4395575127224, "lat": 37.781376292541495 }, "geometry": { "type": "Point", "coordinates": [ -122.439557512722402, 37.781376292541495 ] } },
{ "type": "Feature", "properties": { "id": "g3016", "minutes": 33.0, "lon": -122.43728637473292, "lat": 37.781365468141274 }, "geometry": { "type": "Point", "coordinates": [ -122.437286374732921, 37.781365468141274 ] } },
{ "type": "Feature", "properties": { "id": "g3017", "minutes": 34.0, "lon": -122.43501523796182, "lat": 37.781354599968971 }, "geometry": { "type": "Point", "coordinates": [ -122.435015237961821, 37.781354599968971 ] } },
{ "type": "Feature", "properties": { "id": "g3018", "minutes": 31.0, "lon": -122.43274410241402, "lat": 37.781343688024677 }, "geometry": { "type": "Point", "coordinates": [ -122.43274410241402, 37.781343688024677 ] } },
{ "type": "Feature", "properties": { "id": "g3019", "minutes": 32.0, "lon": -122.43047296809441, "lat": 37.781332732308456 }, "geometry": { "type": "Point", "coordinates": [ -122.430472968094406, 37.781332732308456 ] } },
{ "type": "Feature", "properties": { "id": "g3020", "minutes": 31.0, "lon": -122.42820183500794, "lat": 37.781321732820381 }, "geometry": { "type": "Point", "coordinates": [ -122.42820183500794, 37.781321732820381 ] } },
{ "type": "Feature", "properties": { "id": "g3021", "minutes": 31.0, "lon": -122.42593070315952, "lat": 37.781310689560534 }, "geometry": { "type": "Point", "coordinates": [ -122.425930703159523, 37.781310689560534 ] } },
{ "type": "Feature", "properties": { "id": "g3022", "minutes": 29.0, "lon": -122.42365957255407, "lat": 37.781299602528954 }, "geometry": { "type": "Point", "coordinates": [ -122.423659572554072, 37.781299602528954 ] } },
{ "type": "Feature", "properties": { "id": "g3023", "minutes": 25.0, "lon": -122.42138844319649, "lat": 37.781288471725766 }, "geometry": { "type": "Point", "coordinates": [ -122.421388443196491, 37.781288471725766 ] } },
{ "type": "Feature", "properties": { "id": "g3024", "minutes": 24.0, "lon": -122.41911731509168, "lat": 37.781277297151007 }, "geometry": { "type": "Point", "coordinates": [ -122.419117315091682, 37.781277297151007 ] } },
{ "type": "Feature", "properties": { "id": "g3025", "minutes": 22.0, "lon": -122.41684618824461, "lat": 37.781266078804762 }, "geometry": { "type": "Point", "coordinates": [ -122.416846188244605, 37.781266078804762 ] } },
{ "type": "Feature", "properties": { "id": "g3026", "minutes": 19.0, "lon": -122.41457506266015, "lat": 37.781254816687117 }, "geometry": { "type": "Point", "coordinates": [ -122.414575062660148, 37.781254816687117 ] } },
{ "type": "Feature", "properties": { "id": "g3027", "minutes": 18.0, "lon": -122.41230393834324, "lat": 37.781243510798134 }, "geometry": { "type": "Point", "coordinates": [ -122.412303938343243, 37.781243510798134 ] } },
{ "type": "Feature", "properties": { "id": "g3028", "minutes": 17.0, "lon": -122.41003281529881, "lat": 37.781232161137893 }, "geometry": { "type": "Point", "coordinates": [ -122.410032815298806, 37.781232161137893 ] } },
{ "type": "Feature", "properties": { "id": "g3029", "minutes": 15.0, "lon": -122.40776169353173, "lat": 37.781220767706458 }, "geometry": { "type": "Point", "coordinates": [ -122.407761693531725, 37.781220767706458 ] } },
{ "type": "Feature", "properties": { "id": "g3030", "minutes": 15.0, "lon": -122.40549057304692, "lat": 37.78120933050392 }, "geometry": { "type": "Point", "coordinates": [ -122.405490573046919, 37.78120933050392 ] } },
{ "type": "Feature", "properties": { "id": "g3031", "minutes": 18.0, "lon": -122.40321945384935, "lat": 37.781197849530358 }, "geometry": { "type": "Point", "coordinates": [ -122.403219453849346, 37.781197849530358 ] } },
{ "type": "Feature", "properties": { "id": "g3032", "minutes": 17.0, "lon": -122.40094833594388, "lat": 37.781186324785828 }, "geometry": { "type": "Point", "coordinates": [ -122.40094833594388, 37.781186324785828 ] } },
{ "type": "Feature", "properties": { "id": "g3033", "minutes": 19.0, "lon": -122.39867721933545, "lat": 37.781174756270424 }, "geometry": { "type": "Point", "coordinates": [ -122.398677219335454, 37.781174756270424 ] } },
{ "type": "Feature", "properties": { "id": "g3034", "minutes": 21.0, "lon": -122.396406104029, "lat": 37.781163143984209 }, "geometry": { "type": "Point", "coordinates": [ -122.396406104028998, 37.781163143984209 ] } },
{ "type": "Feature", "properties": { "id": "g3035", "minutes": 24.0, "lon": -122.3941349900294, "lat": 37.781151487927282 }, "geometry": { "type": "Point", "coordinates": [ -122.3941349900294, 37.781151487927282 ] } },
{ "type": "Feature", "properties": { "id": "g3036", "minutes": 24.0, "lon": -122.39186387734159, "lat": 37.781139788099708 }, "geometry": { "type": "Point", "coordinates": [ -122.391863877341592, 37.781139788099708 ] } },
{ "type": "Feature", "properties": { "id": "g3037", "minutes": 25.0, "lon": -122.38959276597048, "lat": 37.781128044501557 }, "geometry": { "type": "Point", "coordinates": [ -122.389592765970477, 37.781128044501557 ] } },
{ "type": "Feature", "properties": { "id": "g3038", "minutes": 26.0, "lon": -122.387321655921, "lat": 37.781116257132915 }, "geometry": { "type": "Point", "coordinates": [ -122.387321655920999, 37.781116257132915 ] } },
{ "type": "Feature", "properties": { "id": "g3039", "minutes": 26.0, "lon": -122.38505054719803, "lat": 37.781104425993874 }, "geometry": { "type": "Point", "coordinates": [ -122.385050547198034, 37.781104425993874 ] } },
{ "type": "Feature", "properties": { "id": "g3053", "minutes": 61.0, "lon": -122.51449392651061, "lat": 37.783511523045746 }, "geometry": { "type": "Point", "coordinates": [ -122.51449392651061, 37.783511523045746 ] } },
{ "type": "Feature", "properties": { "id": "g3054", "minutes": 65.0, "lon": -122.51222269591803, "lat": 37.783502142556948 }, "geometry": { "type": "Point", "coordinates": [ -122.512222695918027, 37.783502142556948 ] } },
{ "type": "Feature", "properties": { "id": "g3055", "minutes": 63.0, "lon": -122.50995146638165, "lat": 37.783492718291043 }, "geometry": { "type": "Point", "coordinates": [ -122.509951466381651, 37.783492718291043 ] } },
{ "type": "Feature", "properties": { "id": "g3056", "minutes": 64.0, "lon": -122.50768023790646, "lat": 37.783483250248082 }, "geometry": { "type": "Point", "coordinates": [ -122.507680237906456, 37.783483250248082 ] } },
{ "type": "Feature", "properties": { "id": "g3057", "minutes": 60.0, "lon": -122.5054090104973, "lat": 37.783473738428107 }, "geometry": { "type": "Point", "coordinates": [ -122.505409010497303, 37.783473738428107 ] } },
{ "type": "Feature", "properties": { "id": "g3058", "minutes": 57.0, "lon": -122.50313778415914, "lat": 37.78346418283121 }, "geometry": { "type": "Point", "coordinates": [ -122.503137784159136, 37.78346418283121 ] } },
{ "type": "Feature", "properties": { "id": "g3059", "minutes": 56.0, "lon": -122.50086655889689, "lat": 37.783454583457434 }, "geometry": { "type": "Point", "coordinates": [ -122.500866558896888, 37.783454583457434 ] } },
{ "type": "Feature", "properties": { "id": "g3060", "minutes": 57.0, "lon": -122.49859533471545, "lat": 37.783444940306858 }, "geometry": { "type": "Point", "coordinates": [ -122.498595334715446, 37.783444940306858 ] } },
{ "type": "Feature", "properties": { "id": "g3061", "minutes": 55.0, "lon": -122.49632411161977, "lat": 37.783435253379551 }, "geometry": { "type": "Point", "coordinates": [ -122.496324111619771, 37.783435253379551 ] } },
{ "type": "Feature", "properties": { "id": "g3062", "minutes": 53.0, "lon": -122.49405288961471, "lat": 37.78342552267555 }, "geometry": { "type": "Point", "coordinates": [ -122.494052889614707, 37.78342552267555 ] } },
{ "type": "Feature", "properties": { "id": "g3063", "minutes": 52.0, "lon": -122.49178166870524, "lat": 37.78341574819494 }, "geometry": { "type": "Point", "coordinates": [ -122.491781668705244, 37.78341574819494 ] } },
{ "type": "Feature", "properties": { "id": "g3064", "minutes": 53.0, "lon": -122.48951044889624, "lat": 37.783405929937778 }, "geometry": { "type": "Point", "coordinates": [ -122.48951044889624, 37.783405929937778 ] } },
{ "type": "Feature", "properties": { "id": "g3065", "minutes": 51.0, "lon": -122.48723923019269, "lat": 37.783396067904143 }, "geometry": { "type": "Point", "coordinates": [ -122.487239230192685, 37.783396067904143 ] } },
{ "type": "Feature", "properties": { "id": "g3066", "minutes": 48.0, "lon": -122.48496801259941, "lat": 37.783386162094089 }, "geometry": { "type": "Point", "coordinates": [ -122.48496801259941, 37.783386162094089 ] } },
{ "type": "Feature", "properties": { "id": "g3067", "minutes": 50.0, "lon": -122.4826967961214, "lat": 37.783376212507683 }, "geometry": { "type": "Point", "coordinates": [ -122.482696796121402, 37.783376212507683 ] } },
{ "type": "Feature", "properties": { "id": "g3068", "minutes": 48.0, "lon": -122.48042558076355, "lat": 37.783366219145002 }, "geometry": { "type": "Point", "coordinates": [ -122.480425580763551, 37.783366219145002 ] } },
{ "type": "Feature", "properties": { "id": "g3069", "minutes": 48.0, "lon": -122.47815436653077, "lat": 37.783356182006088 }, "geometry": { "type": "Point", "coordinates": [ -122.478154366530774, 37.783356182006088 ] } },
{ "type": "Feature", "properties": { "id": "g3070", "minutes": 47.0, "lon": -122.47588315342797, "lat": 37.783346101091041 }, "geometry": { "type": "Point", "coordinates": [ -122.475883153427972, 37.783346101091041 ] } },
{ "type": "Feature", "properties": { "id": "g3071", "minutes": 44.0, "lon": -122.47361194146011, "lat": 37.783335976399897 }, "geometry": { "type": "Point", "coordinates": [ -122.473611941460106, 37.783335976399897 ] } },
{ "type": "Feature", "properties": { "id": "g3072", "minutes": 45.0, "lon": -122.47134073063204, "lat": 37.783325807932748 }, "geometry": { "type": "Point", "coordinates": [ -122.471340730632036, 37.783325807932748 ] } },
{ "type": "Feature", "properties": { "id": "g3073", "minutes": 45.0, "lon": -122.46906952094872, "lat": 37.783315595689643 }, "geometry": { "type": "Point", "coordinates": [ -122.469069520948722, 37.783315595689643 ] } },
{ "type": "Feature", "properties": { "id": "g3074", "minutes": 43.0, "lon": -122.46679831241508, "lat": 37.783305339670655 }, "geometry": { "type": "Point", "coordinates": [ -122.466798312415079, 37.783305339670655 ] } },
{ "type": "Feature", "properties": { "id": "g3075", "minutes": 40.0, "lon": -122.46452710503598, "lat": 37.783295039875874 }, "geometry": { "type": "Point", "coordinates": [ -122.464527105035984, 37.783295039875874 ] } },
{ "type": "Feature", "properties": { "id": "g3076", "minutes": 43.0, "lon": -122.46225589881641, "lat": 37.783284696305323 }, "geometry": { "type": "Point", "coordinates": [ -122.462255898816409, 37.783284696305323 ] } },
{ "type": "Feature", "properties": { "id": "g3077", "minutes": 40.0, "lon": -122.45998469376121, "lat": 37.783274308959115 }, "geometry": { "type": "Point", "coordinates": [ -122.459984693761214, 37.783274308959115 ] } },
{ "type": "Feature", "properties": { "id": "g3078", "minutes": 40.0, "lon": -122.45771348987537, "lat": 37.783263877837292 }, "geometry": { "type": "Point", "coordinates": [ -122.457713489875374, 37.783263877837292 ] } },
{ "type": "Feature", "properties": { "id": "g3079", "minutes": 39.0, "lon": -122.45544228716376, "lat": 37.783253402939934 }, "geometry": { "type": "Point", "coordinates": [ -122.455442287163763, 37.783253402939934 ] } },
{ "type": "Feature", "properties": { "id": "g3080", "minutes": 38.0, "lon": -122.45317108563133, "lat": 37.783242884267111 }, "geometry": { "type": "Point", "coordinates": [ -122.453171085631325, 37.783242884267111 ] } },
{ "type": "Feature", "properties": { "id": "g3081", "minutes": 38.0, "lon": -122.45089988528295, "lat": 37.783232321818893 }, "geometry": { "type": "Point", "coordinates": [ -122.450899885282951, 37.783232321818893 ] } },
{ "type": "Feature", "properties": { "id": "g3082", "minutes": 36.0, "lon": -122.4486286861236, "lat": 37.783221715595353 }, "geometry": { "type": "Point", "coordinates": [ -122.448628686123598, 37.783221715595353 ] } },
{ "type": "Feature", "properties": { "id": "g3083", "minutes": 32.0, "lon": -122.44635748815814, "lat": 37.783211065596554 }, "geometry": { "type": "Point", "coordinates": [ -122.446357488158142, 37.783211065596554 ] } },
{ "type": "Feature", "properties": { "id": "g3084", "minutes": 33.0, "lon": -122.4440862913915, "lat": 37.783200371822574 }, "geometry": { "type": "Point", "coordinates": [ -122.4440862913915, 37.783200371822574 ] } },
{ "type": "Feature", "properties": { "id": "g3085", "minutes": 30.0, "lon": -122.4418150958286, "lat": 37.783189634273477 }, "geometry": { "type": "Point", "coordinates": [ -122.441815095828602, 37.783189634273477 ] } },
{ "type": "Feature", "properties": { "id": "g3086", "minutes": 28.0, "lon": -122.43954390147438, "lat": 37.783178852949334 }, "geometry": { "type": "Point", "coordinates": [ -122.43954390147438, 37.783178852949334 ] } },
{ "type": "Feature", "properties": { "id": "g3087", "minutes": 30.0, "lon": -122.43727270833375, "lat": 37.783168027850223 }, "geometry": { "type": "Point", "coordinates": [ -122.437272708333751, 37.783168027850223 ] } },
{ "type": "Feature", "properties": { "id": "g3088", "minutes": 29.0, "lon": -122.4350015164116, "lat": 37.783157158976216 }, "geometry": { "type": "Point", "coordinates": [ -122.435001516411603, 37.783157158976216 ] } },
{ "type": "Feature", "properties": { "id": "g3089", "minutes": 28.0, "lon": -122.43273032571284, "lat": 37.783146246327391 }, "geometry": { "type": "Point", "coordinates": [ -122.432730325712839, 37.783146246327391 ] } },
{ "type": "Feature", "properties": { "id": "g3090", "minutes": 30.0, "lon": -122.43045913624245, "lat": 37.783135289903811 }, "geometry": { "type": "Point", "coordinates": [ -122.430459136242447, 37.783135289903811 ] } },
{ "type": "Feature", "properties": { "id": "g3091", "minutes": 27.0, "lon": -122.42818794800529, "lat": 37.78312428970554 }, "geometry": { "type": "Point", "coordinates": [ -122.428187948005288, 37.78312428970554 ] } },
{ "type": "Feature", "properties": { "id": "g3092", "minutes": 29.0, "lon": -122.42591676100628, "lat": 37.783113245732679 }, "geometry": { "type": "Point", "coordinates": [ -122.425916761006278, 37.783113245732679 ] } },
{ "type": "Feature", "properties": { "id": "g3093", "minutes": 29.0, "lon": -122.42364557525033, "lat": 37.783102157985276 }, "geometry": { "type": "Point", "coordinates": [ -122.423645575250333, 37.783102157985276 ] } },
{ "type": "Feature", "properties": { "id": "g3094", "minutes": 25.0, "lon": -122.42137439074241, "lat": 37.78309102646341 }, "geometry": { "type": "Point", "coordinates": [ -122.421374390742415, 37.78309102646341 ] } },
{ "type": "Feature", "properties": { "id": "g3095", "minutes": 26.0, "lon": -122.41910320748741, "lat": 37.783079851167166 }, "geometry": { "type": "Point", "coordinates": [ -122.41910320748741, 37.783079851167166 ] } },
{ "type": "Feature", "properties": { "id": "g3096", "minutes": 25.0, "lon": -122.41683202549022, "lat": 37.783068632096594 }, "geometry": { "type": "Point", "coordinates": [ -122.416832025490223, 37.783068632096594 ] } },
{ "type": "Feature", "properties": { "id": "g3097", "minutes": 22.0, "lon": -122.4145608447558, "lat": 37.783057369251807 }, "geometry": { "type": "Point", "coordinates": [ -122.414560844755798, 37.783057369251807 ] } },
{ "type": "Feature", "properties": { "id": "g3098", "minutes": 19.0, "lon": -122.41228966528899, "lat": 37.783046062632856 }, "geometry": { "type": "Point", "coordinates": [ -122.412289665288995, 37.783046062632856 ] } },
{ "type": "Feature", "properties": { "id": "g3099", "minutes": 16.0, "lon": -122.41001848709482, "lat": 37.783034712239818 }, "geometry": { "type": "Point", "coordinates": [ -122.410018487094817, 37.783034712239818 ] } },
{ "type": "Feature", "properties": { "id": "g3100", "minutes": 14.0, "lon": -122.40774731017811, "lat": 37.783023318072757 }, "geometry": { "type": "Point", "coordinates": [ -122.40774731017811, 37.783023318072757 ] } },
{ "type": "Feature", "properties": { "id": "g3101", "minutes": 14.0, "lon": -122.40547613454382, "lat": 37.783011880131781 }, "geometry": { "type": "Point", "coordinates": [ -122.405476134543818, 37.783011880131781 ] } },
{ "type": "Feature", "properties": { "id": "g3102", "minutes": 14.0, "lon": -122.40320496019686, "lat": 37.783000398416938 }, "geometry": { "type": "Point", "coordinates": [ -122.403204960196859, 37.783000398416938 ] } },
{ "type": "Feature", "properties": { "id": "g3103", "minutes": 17.0, "lon": -122.40093378714214, "lat": 37.782988872928321 }, "geometry": { "type": "Point", "coordinates": [ -122.400933787142137, 37.782988872928321 ] } },
{ "type": "Feature", "properties": { "id": "g3104", "minutes": 16.0, "lon": -122.39866261538458, "lat": 37.782977303665987 }, "geometry": { "type": "Point", "coordinates": [ -122.39866261538458, 37.782977303665987 ] } },
{ "type": "Feature", "properties": { "id": "g3105", "minutes": 21.0, "lon": -122.39639144492909, "lat": 37.782965690630029 }, "geometry": { "type": "Point", "coordinates": [ -122.396391444929094, 37.782965690630029 ] } },
{ "type": "Feature", "properties": { "id": "g3106", "minutes": 17.0, "lon": -122.39412027578061, "lat": 37.782954033820523 }, "geometry": { "type": "Point", "coordinates": [ -122.394120275780608, 37.782954033820523 ] } },
{ "type": "Feature", "properties": { "id": "g3107", "minutes": 19.0, "lon": -122.39184910794404, "lat": 37.782942333237543 }, "geometry": { "type": "Point", "coordinates": [ -122.39184910794404, 37.782942333237543 ] } },
{ "type": "Feature", "properties": { "id": "g3108", "minutes": 24.0, "lon": -122.38957794142429, "lat": 37.782930588881165 }, "geometry": { "type": "Point", "coordinates": [ -122.389577941424292, 37.782930588881165 ] } },
{ "type": "Feature", "properties": { "id": "g3109", "minutes": 22.0, "lon": -122.38730677622628, "lat": 37.782918800751474 }, "geometry": { "type": "Point", "coordinates": [ -122.387306776226282, 37.782918800751474 ] } },
{ "type": "Feature", "properties": { "id": "g3110", "minutes": 26.0, "lon": -122.38503561235494, "lat": 37.782906968848543 }, "geometry": { "type": "Point", "coordinates": [ -122.38503561235494, 37.782906968848543 ] } },
{ "type": "Feature", "properties": { "id": "g3125", "minutes": 64.0, "lon": -122.51221084850917, "lat": 37.785304723280888 }, "geometry": { "type": "Point", "coordinates": [ -122.51221084850917, 37.785304723280888 ] } },
{ "type": "Feature", "properties": { "id": "g3126", "minutes": 66.0, "lon": -122.50993956381326, "lat": 37.785295298406503 }, "geometry": { "type": "Point", "coordinates": [ -122.509939563813262, 37.785295298406503 ] } },
{ "type": "Feature", "properties": { "id": "g3127", "minutes": 66.0, "lon": -122.50766828017862, "lat": 37.785285829752219 }, "geometry": { "type": "Point", "coordinates": [ -122.507668280178621, 37.785285829752219 ] } },
{ "type": "Feature", "properties": { "id": "g3128", "minutes": 64.0, "lon": -122.50539699761013, "lat": 37.785276317318122 }, "geometry": { "type": "Point", "coordinates": [ -122.505396997610134, 37.785276317318122 ] } },
{ "type": "Feature", "properties": { "id": "g3129", "minutes": 62.0, "lon": -122.50312571611275, "lat": 37.785266761104268 }, "geometry": { "type": "Point", "coordinates": [ -122.503125716112748, 37.785266761104268 ] } },
{ "type": "Feature", "properties": { "id": "g3130", "minutes": 60.0, "lon": -122.50085443569139, "lat": 37.785257161110714 }, "geometry": { "type": "Point", "coordinates": [ -122.500854435691394, 37.785257161110714 ] } },
{ "type": "Feature", "properties": { "id": "g3131", "minutes": 60.0, "lon": -122.49858315635093, "lat": 37.785247517337531 }, "geometry": { "type": "Point", "coordinates": [ -122.498583156350932, 37.785247517337531 ] } },
{ "type": "Feature", "properties": { "id": "g3132", "minutes": 62.0, "lon": -122.49631187809632, "lat": 37.785237829784762 }, "geometry": { "type": "Point", "coordinates": [ -122.496311878096321, 37.785237829784762 ] } },
{ "type": "Feature", "properties": { "id": "g3133", "minutes": 57.0, "lon": -122.49404060093246, "lat": 37.785228098452507 }, "geometry": { "type": "Point", "coordinates": [ -122.494040600932465, 37.785228098452507 ] } },
{ "type": "Feature", "properties": { "id": "g3134", "minutes": 57.0, "lon": -122.49176932486426, "lat": 37.785218323340814 }, "geometry": { "type": "Point", "coordinates": [ -122.491769324864265, 37.785218323340814 ] } },
{ "type": "Feature", "properties": { "id": "g3135", "minutes": 55.0, "lon": -122.48949804989668, "lat": 37.785208504449734 }, "geometry": { "type": "Point", "coordinates": [ -122.489498049896682, 37.785208504449734 ] } },
{ "type": "Feature", "properties": { "id": "g3136", "minutes": 53.0, "lon": -122.48722677603459, "lat": 37.78519864177936 }, "geometry": { "type": "Point", "coordinates": [ -122.487226776034589, 37.78519864177936 ] } },
{ "type": "Feature", "properties": { "id": "g3137", "minutes": 50.0, "lon": -122.48495550328295, "lat": 37.785188735329747 }, "geometry": { "type": "Point", "coordinates": [ -122.484955503282947, 37.785188735329747 ] } },
{ "type": "Feature", "properties": { "id": "g3138", "minutes": 52.0, "lon": -122.48268423164663, "lat": 37.785178785100946 }, "geometry": { "type": "Point", "coordinates": [ -122.48268423164663, 37.785178785100946 ] } },
{ "type": "Feature", "properties": { "id": "g3139", "minutes": 50.0, "lon": -122.48041296113061, "lat": 37.785168791093042 }, "geometry": { "type": "Point", "coordinates": [ -122.480412961130611, 37.785168791093042 ] } },
{ "type": "Feature", "properties": { "id": "g3140", "minutes": 50.0, "lon": -122.47814169173975, "lat": 37.785158753306085 }, "geometry": { "type": "Point", "coordinates": [ -122.478141691739751, 37.785158753306085 ] } },
{ "type": "Feature", "properties": { "id": "g3141", "minutes": 48.0, "lon": -122.47587042347897, "lat": 37.785148671740167 }, "geometry": { "type": "Point", "coordinates": [ -122.475870423478966, 37.785148671740167 ] } },
{ "type": "Feature", "properties": { "id": "g3142", "minutes": 46.0, "lon": -122.47359915635325, "lat": 37.785138546395316 }, "geometry": { "type": "Point", "coordinates": [ -122.473599156353245, 37.785138546395316 ] } },
{ "type": "Feature", "properties": { "id": "g3143", "minutes": 46.0, "lon": -122.47132789036742, "lat": 37.78512837727164 }, "geometry": { "type": "Point", "coordinates": [ -122.471327890367419, 37.78512837727164 ] } },
{ "type": "Feature", "properties": { "id": "g3144", "minutes": 45.0, "lon": -122.46905662552645, "lat": 37.78511816436918 }, "geometry": { "type": "Point", "coordinates": [ -122.469056625526449, 37.78511816436918 ] } },
{ "type": "Feature", "properties": { "id": "g3145", "minutes": 44.0, "lon": -122.46678536183526, "lat": 37.785107907688015 }, "geometry": { "type": "Point", "coordinates": [ -122.466785361835264, 37.785107907688015 ] } },
{ "type": "Feature", "properties": { "id": "g3146", "minutes": 42.0, "lon": -122.46451409929875, "lat": 37.785097607228231 }, "geometry": { "type": "Point", "coordinates": [ -122.464514099298754, 37.785097607228231 ] } },
{ "type": "Feature", "properties": { "id": "g3147", "minutes": 42.0, "lon": -122.46224283792183, "lat": 37.785087262989862 }, "geometry": { "type": "Point", "coordinates": [ -122.462242837921835, 37.785087262989862 ] } },
{ "type": "Feature", "properties": { "id": "g3148", "minutes": 41.0, "lon": -122.45997157770947, "lat": 37.785076874972987 }, "geometry": { "type": "Point", "coordinates": [ -122.459971577709467, 37.785076874972987 ] } },
{ "type": "Feature", "properties": { "id": "g3149", "minutes": 41.0, "lon": -122.45770031866653, "lat": 37.785066443177683 }, "geometry": { "type": "Point", "coordinates": [ -122.457700318666525, 37.785066443177683 ] } },
{ "type": "Feature", "properties": { "id": "g3150", "minutes": 41.0, "lon": -122.45542906079791, "lat": 37.785055967604016 }, "geometry": { "type": "Point", "coordinates": [ -122.455429060797911, 37.785055967604016 ] } },
{ "type": "Feature", "properties": { "id": "g3151", "minutes": 41.0, "lon": -122.4531578041086, "lat": 37.78504544825207 }, "geometry": { "type": "Point", "coordinates": [ -122.453157804108599, 37.78504544825207 ] } },
{ "type": "Feature", "properties": { "id": "g3152", "minutes": 40.0, "lon": -122.45088654860348, "lat": 37.785034885121895 }, "geometry": { "type": "Point", "coordinates": [ -122.450886548603478, 37.785034885121895 ] } },
{ "type": "Feature", "properties": { "id": "g3153", "minutes": 36.0, "lon": -122.44861529428745, "lat": 37.785024278213562 }, "geometry": { "type": "Point", "coordinates": [ -122.44861529428745, 37.785024278213562 ] } },
{ "type": "Feature", "properties": { "id": "g3154", "minutes": 34.0, "lon": -122.44634404116545, "lat": 37.785013627527142 }, "geometry": { "type": "Point", "coordinates": [ -122.446344041165446, 37.785013627527142 ] } },
{ "type": "Feature", "properties": { "id": "g3155", "minutes": 34.0, "lon": -122.4440727892424, "lat": 37.785002933062714 }, "geometry": { "type": "Point", "coordinates": [ -122.444072789242398, 37.785002933062714 ] } },
{ "type": "Feature", "properties": { "id": "g3156", "minutes": 32.0, "lon": -122.44180153852321, "lat": 37.784992194820362 }, "geometry": { "type": "Point", "coordinates": [ -122.441801538523208, 37.784992194820362 ] } },
{ "type": "Feature", "properties": { "id": "g3157", "minutes": 29.0, "lon": -122.43953028901279, "lat": 37.784981412800136 }, "geometry": { "type": "Point", "coordinates": [ -122.439530289012794, 37.784981412800136 ] } },
{ "type": "Feature", "properties": { "id": "g3158", "minutes": 30.0, "lon": -122.43725904071606, "lat": 37.784970587002114 }, "geometry": { "type": "Point", "coordinates": [ -122.437259040716057, 37.784970587002114 ] } },
{ "type": "Feature", "properties": { "id": "g3159", "minutes": 28.0, "lon": -122.43498779363794, "lat": 37.784959717426368 }, "geometry": { "type": "Point", "coordinates": [ -122.434987793637944, 37.784959717426368 ] } },
{ "type": "Feature", "properties": { "id": "g3160", "minutes": 26.0, "lon": -122.43271654778337, "lat": 37.784948804072961 }, "geometry": { "type": "Point", "coordinates": [ -122.432716547783372, 37.784948804072961 ] } },
{ "type": "Feature", "properties": { "id": "g3161", "minutes": 27.0, "lon": -122.43044530315721, "lat": 37.784937846941979 }, "geometry": { "type": "Point", "coordinates": [ -122.430445303157214, 37.784937846941979 ] } },
{ "type": "Feature", "properties": { "id": "g3162", "minutes": 24.0, "lon": -122.42817405976446, "lat": 37.7849268460335 }, "geometry": { "type": "Point", "coordinates": [ -122.428174059764459, 37.7849268460335 ] } },
{ "type": "Feature", "properties": { "id": "g3163", "minutes": 27.0, "lon": -122.42590281760995, "lat": 37.784915801347573 }, "geometry": { "type": "Point", "coordinates": [ -122.425902817609952, 37.784915801347573 ] } },
{ "type": "Feature", "properties": { "id": "g3164", "minutes": 26.0, "lon": -122.42363157669864, "lat": 37.784904712884305 }, "geometry": { "type": "Point", "coordinates": [ -122.423631576698639, 37.784904712884305 ] } },
{ "type": "Feature", "properties": { "id": "g3165", "minutes": 22.0, "lon": -122.42136033703544, "lat": 37.784893580643732 }, "geometry": { "type": "Point", "coordinates": [ -122.421360337035438, 37.784893580643732 ] } },
{ "type": "Feature", "properties": { "id": "g3166", "minutes": 24.0, "lon": -122.41908909862529, "lat": 37.784882404625968 }, "geometry": { "type": "Point", "coordinates": [ -122.419089098625292, 37.784882404625968 ] } },
{ "type": "Feature", "properties": { "id": "g3167", "minutes": 23.0, "lon": -122.41681786147308, "lat": 37.784871184831054 }, "geometry": { "type": "Point", "coordinates": [ -122.416817861473078, 37.784871184831054 ] } },
{ "type": "Feature", "properties": { "id": "g3168", "minutes": 22.0, "lon": -122.41454662558374, "lat": 37.784859921259084 }, "geometry": { "type": "Point", "coordinates": [ -122.414546625583739, 37.784859921259084 ] } },
{ "type": "Feature", "properties": { "id": "g3169", "minutes": 21.0, "lon": -122.41227539096218, "lat": 37.784848613910121 }, "geometry": { "type": "Point", "coordinates": [ -122.412275390962179, 37.784848613910121 ] } },
{ "type": "Feature", "properties": { "id": "g3170", "minutes": 18.0, "lon": -122.41000415761332, "lat": 37.784837262784258 }, "geometry": { "type": "Point", "coordinates": [ -122.410004157613315, 37.784837262784258 ] } },
{ "type": "Feature", "properties": { "id": "g3171", "minutes": 15.0, "lon": -122.40773292554208, "lat": 37.784825867881551 }, "geometry": { "type": "Point", "coordinates": [ -122.407732925542078, 37.784825867881551 ] } },
{ "type": "Feature", "properties": { "id": "g3172", "minutes": 12.0, "lon": -122.40546169475338, "lat": 37.784814429202086 }, "geometry": { "type": "Point", "coordinates": [ -122.405461694753384, 37.784814429202086 ] } },
{ "type": "Feature", "properties": { "id": "g3173", "minutes": 12.0, "lon": -122.40319046525211, "lat": 37.784802946745941 }, "geometry": { "type": "Point", "coordinates": [ -122.403190465252109, 37.784802946745941 ] } },
{ "type": "Feature", "properties": { "id": "g3174", "minutes": 12.0, "lon": -122.40091923704321, "lat": 37.784791420513173 }, "geometry": { "type": "Point", "coordinates": [ -122.400919237043212, 37.784791420513173 ] } },
{ "type": "Feature", "properties": { "id": "g3175", "minutes": 15.0, "lon": -122.39864801013161, "lat": 37.784779850503881 }, "geometry": { "type": "Point", "coordinates": [ -122.398648010131609, 37.784779850503881 ] } },
{ "type": "Feature", "properties": { "id": "g3176", "minutes": 12.0, "lon": -122.3963767845222, "lat": 37.784768236718143 }, "geometry": { "type": "Point", "coordinates": [ -122.396376784522204, 37.784768236718143 ] } },
{ "type": "Feature", "properties": { "id": "g3177", "minutes": 13.0, "lon": -122.3941055602199, "lat": 37.784756579156024 }, "geometry": { "type": "Point", "coordinates": [ -122.394105560219899, 37.784756579156024 ] } },
{ "type": "Feature", "properties": { "id": "g3178", "minutes": 18.0, "lon": -122.39183433722965, "lat": 37.784744877817609 }, "geometry": { "type": "Point", "coordinates": [ -122.391834337229653, 37.784744877817609 ] } },
{ "type": "Feature", "properties": { "id": "g3179", "minutes": 18.0, "lon": -122.38956311555634, "lat": 37.784733132702968 }, "geometry": { "type": "Point", "coordinates": [ -122.389563115556342, 37.784733132702968 ] } },
{ "type": "Feature", "properties": { "id": "g3180", "minutes": 19.0, "lon": -122.38729189520492, "lat": 37.784721343812187 }, "geometry": { "type": "Point", "coordinates": [ -122.387291895204925, 37.784721343812187 ] } },
{ "type": "Feature", "properties": { "id": "g3181", "minutes": 25.0, "lon": -122.38502067618025, "lat": 37.784709511145337 }, "geometry": { "type": "Point", "coordinates": [ -122.385020676180247, 37.784709511145337 ] } },
{ "type": "Feature", "properties": { "id": "g3197", "minutes": 66.0, "lon": -122.50992766018362, "lat": 37.787097877965863 }, "geometry": { "type": "Point", "coordinates": [ -122.509927660183621, 37.787097877965863 ] } },
{ "type": "Feature", "properties": { "id": "g3198", "minutes": 74.0, "lon": -122.50765632138463, "lat": 37.787088408700257 }, "geometry": { "type": "Point", "coordinates": [ -122.50765632138463, 37.787088408700257 ] } },
{ "type": "Feature", "properties": { "id": "g3199", "minutes": 72.0, "lon": -122.50538498365191, "lat": 37.787078895651995 }, "geometry": { "type": "Point", "coordinates": [ -122.505384983651908, 37.787078895651995 ] } },
{ "type": "Feature", "properties": { "id": "g3200", "minutes": 73.0, "lon": -122.50311364699037, "lat": 37.787069338821141 }, "geometry": { "type": "Point", "coordinates": [ -122.503113646990371, 37.787069338821141 ] } },
{ "type": "Feature", "properties": { "id": "g3201", "minutes": 70.0, "lon": -122.50084231140497, "lat": 37.787059738207773 }, "geometry": { "type": "Point", "coordinates": [ -122.500842311404966, 37.787059738207773 ] } },
{ "type": "Feature", "properties": { "id": "g3202", "minutes": 65.0, "lon": -122.49857097690055, "lat": 37.787050093811956 }, "geometry": { "type": "Point", "coordinates": [ -122.498570976900552, 37.787050093811956 ] } },
{ "type": "Feature", "properties": { "id": "g3203", "minutes": 62.0, "lon": -122.4962996434821, "lat": 37.787040405633732 }, "geometry": { "type": "Point", "coordinates": [ -122.496299643482104, 37.787040405633732 ] } },
{ "type": "Feature", "properties": { "id": "g3204", "minutes": 59.0, "lon": -122.49402831115452, "lat": 37.787030673673179 }, "geometry": { "type": "Point", "coordinates": [ -122.494028311154523, 37.787030673673179 ] } },
{ "type": "Feature", "properties": { "id": "g3205", "minutes": 62.0, "lon": -122.4917569799227, "lat": 37.787020897930361 }, "geometry": { "type": "Point", "coordinates": [ -122.491756979922698, 37.787020897930361 ] } },
{ "type": "Feature", "properties": { "id": "g3206", "minutes": 58.0, "lon": -122.48948564979159, "lat": 37.787011078405342 }, "geometry": { "type": "Point", "coordinates": [ -122.48948564979159, 37.787011078405342 ] } },
{ "type": "Feature", "properties": { "id": "g3207", "minutes": 55.0, "lon": -122.48721432076609, "lat": 37.787001215098201 }, "geometry": { "type": "Point", "coordinates": [ -122.487214320766086, 37.787001215098201 ] } },
{ "type": "Feature", "properties": { "id": "g3208", "minutes": 52.0, "lon": -122.48494299285112, "lat": 37.786991308008972 }, "geometry": { "type": "Point", "coordinates": [ -122.484942992851117, 37.786991308008972 ] } },
{ "type": "Feature", "properties": { "id": "g3209", "minutes": 54.0, "lon": -122.4826716660516, "lat": 37.786981357137755 }, "geometry": { "type": "Point", "coordinates": [ -122.482671666051601, 37.786981357137755 ] } },
{ "type": "Feature", "properties": { "id": "g3210", "minutes": 54.0, "lon": -122.48040034037247, "lat": 37.786971362484593 }, "geometry": { "type": "Point", "coordinates": [ -122.480400340372469, 37.786971362484593 ] } },
{ "type": "Feature", "properties": { "id": "g3211", "minutes": 53.0, "lon": -122.4781290158186, "lat": 37.786961324049571 }, "geometry": { "type": "Point", "coordinates": [ -122.478129015818595, 37.786961324049571 ] } },
{ "type": "Feature", "properties": { "id": "g3212", "minutes": 51.0, "lon": -122.47585769239497, "lat": 37.786951241832739 }, "geometry": { "type": "Point", "coordinates": [ -122.475857692394968, 37.786951241832739 ] } },
{ "type": "Feature", "properties": { "id": "g3213", "minutes": 49.0, "lon": -122.47358637010643, "lat": 37.786941115834175 }, "geometry": { "type": "Point", "coordinates": [ -122.473586370106432, 37.786941115834175 ] } },
{ "type": "Feature", "properties": { "id": "g3214", "minutes": 50.0, "lon": -122.47131504895795, "lat": 37.786930946053928 }, "geometry": { "type": "Point", "coordinates": [ -122.471315048957948, 37.786930946053928 ] } },
{ "type": "Feature", "properties": { "id": "g3215", "minutes": 49.0, "lon": -122.46904372895443, "lat": 37.786920732492099 }, "geometry": { "type": "Point", "coordinates": [ -122.469043728954432, 37.786920732492099 ] } },
{ "type": "Feature", "properties": { "id": "g3216", "minutes": 47.0, "lon": -122.46677241010077, "lat": 37.78691047514873 }, "geometry": { "type": "Point", "coordinates": [ -122.466772410100774, 37.78691047514873 ] } },
{ "type": "Feature", "properties": { "id": "g3217", "minutes": 45.0, "lon": -122.4645010924019, "lat": 37.786900174023891 }, "geometry": { "type": "Point", "coordinates": [ -122.464501092401903, 37.786900174023891 ] } },
{ "type": "Feature", "properties": { "id": "g3218", "minutes": 45.0, "lon": -122.46222977586278, "lat": 37.786889829117662 }, "geometry": { "type": "Point", "coordinates": [ -122.462229775862781, 37.786889829117662 ] } },
{ "type": "Feature", "properties": { "id": "g3219", "minutes": 43.0, "lon": -122.45995846048827, "lat": 37.786879440430098 }, "geometry": { "type": "Point", "coordinates": [ -122.459958460488266, 37.786879440430098 ] } },
{ "type": "Feature", "properties": { "id": "g3220", "minutes": 43.0, "lon": -122.45768714628331, "lat": 37.786869007961279 }, "geometry": { "type": "Point", "coordinates": [ -122.457687146283305, 37.786869007961279 ] } },
{ "type": "Feature", "properties": { "id": "g3221", "minutes": 43.0, "lon": -122.45541583325281, "lat": 37.786858531711289 }, "geometry": { "type": "Point", "coordinates": [ -122.455415833252815, 37.786858531711289 ] } },
{ "type": "Feature", "properties": { "id": "g3222", "minutes": 41.0, "lon": -122.4531445214017, "lat": 37.786848011680163 }, "geometry": { "type": "Point", "coordinates": [ -122.453144521401697, 37.786848011680163 ] } },
{ "type": "Feature", "properties": { "id": "g3223", "minutes": 40.0, "lon": -122.45087321073488, "lat": 37.786837447867988 }, "geometry": { "type": "Point", "coordinates": [ -122.450873210734883, 37.786837447867988 ] } },
{ "type": "Feature", "properties": { "id": "g3224", "minutes": 39.0, "lon": -122.44860190125731, "lat": 37.786826840274848 }, "geometry": { "type": "Point", "coordinates": [ -122.448601901257305, 37.786826840274848 ] } },
{ "type": "Feature", "properties": { "id": "g3225", "minutes": 36.0, "lon": -122.44633059297385, "lat": 37.786816188900787 }, "geometry": { "type": "Point", "coordinates": [ -122.446330592973851, 37.786816188900787 ] } },
{ "type": "Feature", "properties": { "id": "g3226", "minutes": 36.0, "lon": -122.44405928588947, "lat": 37.786805493745888 }, "geometry": { "type": "Point", "coordinates": [ -122.444059285889466, 37.786805493745888 ] } },
{ "type": "Feature", "properties": { "id": "g3227", "minutes": 35.0, "lon": -122.44178798000902, "lat": 37.786794754810224 }, "geometry": { "type": "Point", "coordinates": [ -122.441787980009025, 37.786794754810224 ] } },
{ "type": "Feature", "properties": { "id": "g3228", "minutes": 34.0, "lon": -122.43951667533749, "lat": 37.786783972093872 }, "geometry": { "type": "Point", "coordinates": [ -122.439516675337487, 37.786783972093872 ] } },
{ "type": "Feature", "properties": { "id": "g3229", "minutes": 35.0, "lon": -122.43724537187978, "lat": 37.786773145596896 }, "geometry": { "type": "Point", "coordinates": [ -122.437245371879783, 37.786773145596896 ] } },
{ "type": "Feature", "properties": { "id": "g3230", "minutes": 31.0, "lon": -122.43497406964077, "lat": 37.786762275319376 }, "geometry": { "type": "Point", "coordinates": [ -122.434974069640774, 37.786762275319376 ] } },
{ "type": "Feature", "properties": { "id": "g3231", "minutes": 30.0, "lon": -122.43270276862543, "lat": 37.786751361261366 }, "geometry": { "type": "Point", "coordinates": [ -122.432702768625433, 37.786751361261366 ] } },
{ "type": "Feature", "properties": { "id": "g3232", "minutes": 28.0, "lon": -122.43043146883863, "lat": 37.786740403422954 }, "geometry": { "type": "Point", "coordinates": [ -122.430431468838634, 37.786740403422954 ] } },
{ "type": "Feature", "properties": { "id": "g3233", "minutes": 25.0, "lon": -122.42816017028534, "lat": 37.786729401804223 }, "geometry": { "type": "Point", "coordinates": [ -122.428160170285338, 37.786729401804223 ] } },
{ "type": "Feature", "properties": { "id": "g3234", "minutes": 28.0, "lon": -122.42588887297042, "lat": 37.786718356405217 }, "geometry": { "type": "Point", "coordinates": [ -122.425888872970418, 37.786718356405217 ] } },
{ "type": "Feature", "properties": { "id": "g3235", "minutes": 25.0, "lon": -122.42361757689882, "lat": 37.786707267226035 }, "geometry": { "type": "Point", "coordinates": [ -122.42361757689882, 37.786707267226035 ] } },
{ "type": "Feature", "properties": { "id": "g3236", "minutes": 23.0, "lon": -122.42134628207545, "lat": 37.786696134266748 }, "geometry": { "type": "Point", "coordinates": [ -122.421346282075447, 37.786696134266748 ] } },
{ "type": "Feature", "properties": { "id": "g3237", "minutes": 23.0, "lon": -122.41907498850524, "lat": 37.786684957527406 }, "geometry": { "type": "Point", "coordinates": [ -122.419074988505244, 37.786684957527406 ] } },
{ "type": "Feature", "properties": { "id": "g3238", "minutes": 21.0, "lon": -122.41680369619309, "lat": 37.786673737008115 }, "geometry": { "type": "Point", "coordinates": [ -122.416803696193085, 37.786673737008115 ] } },
{ "type": "Feature", "properties": { "id": "g3239", "minutes": 19.0, "lon": -122.41453240514392, "lat": 37.786662472708926 }, "geometry": { "type": "Point", "coordinates": [ -122.414532405143916, 37.786662472708926 ] } },
{ "type": "Feature", "properties": { "id": "g3240", "minutes": 20.0, "lon": -122.41226111536267, "lat": 37.78665116462993 }, "geometry": { "type": "Point", "coordinates": [ -122.412261115362668, 37.78665116462993 ] } },
{ "type": "Feature", "properties": { "id": "g3241", "minutes": 19.0, "lon": -122.40998982685421, "lat": 37.786639812771199 }, "geometry": { "type": "Point", "coordinates": [ -122.409989826854215, 37.786639812771199 ] } },
{ "type": "Feature", "properties": { "id": "g3242", "minutes": 16.0, "lon": -122.40771853962352, "lat": 37.786628417132789 }, "geometry": { "type": "Point", "coordinates": [ -122.407718539623517, 37.786628417132789 ] } },
{ "type": "Feature", "properties": { "id": "g3243", "minutes": 14.0, "lon": -122.40544725367548, "lat": 37.786616977714814 }, "geometry": { "type": "Point", "coordinates": [ -122.405447253675476, 37.786616977714814 ] } },
{ "type": "Feature", "properties": { "id": "g3244", "minutes": 11.0, "lon": -122.403175969015, "lat": 37.78660549451731 }, "geometry": { "type": "Point", "coordinates": [ -122.403175969014995, 37.78660549451731 ] } },
{ "type": "Feature", "properties": { "id": "g3245", "minutes": 8.0, "lon": -122.40090468564701, "lat": 37.786593967540391 }, "geometry": { "type": "Point", "coordinates": [ -122.400904685647006, 37.786593967540391 ] } },
{ "type": "Feature", "properties": { "id": "g3246", "minutes": 7.0, "lon": -122.39863340357643, "lat": 37.786582396784112 }, "geometry": { "type": "Point", "coordinates": [ -122.398633403576426, 37.786582396784112 ] } },
{ "type": "Feature", "properties": { "id": "g3247", "minutes": 7.0, "lon": -122.39636212280817, "lat": 37.786570782248539 }, "geometry": { "type": "Point", "coordinates": [ -122.396362122808171, 37.786570782248539 ] } },
{ "type": "Feature", "properties": { "id": "g3248", "minutes": 7.0, "lon": -122.39409084334716, "lat": 37.78655912393377 }, "geometry": { "type": "Point", "coordinates": [ -122.394090843347158, 37.78655912393377 ] } },
{ "type": "Feature", "properties": { "id": "g3249", "minutes": 10.0, "lon": -122.39181956519832, "lat": 37.786547421839877 }, "geometry": { "type": "Point", "coordinates": [ -122.391819565198318, 37.786547421839877 ] } },
{ "type": "Feature", "properties": { "id": "g3250", "minutes": 15.0, "lon": -122.38954828836653, "lat": 37.786535675966945 }, "geometry": { "type": "Point", "coordinates": [ -122.389548288366527, 37.786535675966945 ] } },
{ "type": "Feature", "properties": { "id": "g3251", "minutes": 19.0, "lon": -122.38727701285676, "lat": 37.786523886315038 }, "geometry": { "type": "Point", "coordinates": [ -122.387277012856757, 37.786523886315038 ] } },
{ "type": "Feature", "properties": { "id": "g3252", "minutes": 26.0, "lon": -122.3850057386739, "lat": 37.786512052884227 }, "geometry": { "type": "Point", "coordinates": [ -122.385005738673897, 37.786512052884227 ] } },
{ "type": "Feature", "properties": { "id": "g3253", "minutes": 25.0, "lon": -122.38273446582284, "lat": 37.786500175674632 }, "geometry": { "type": "Point", "coordinates": [ -122.382734465822836, 37.786500175674632 ] } },
{ "type": "Feature", "properties": { "id": "g3270", "minutes": 74.0, "lon": -122.50537296862247, "lat": 37.788881473429697 }, "geometry": { "type": "Point", "coordinates": [ -122.505372968622467, 37.788881473429697 ] } },
{ "type": "Feature", "properties": { "id": "g3271", "minutes": 76.0, "lon": -122.50310157679189, "lat": 37.788871915981829 }, "geometry": { "type": "Point", "coordinates": [ -122.503101576791892, 37.788871915981829 ] } },
{ "type": "Feature", "properties": { "id": "g3272", "minutes": 68.0, "lon": -122.5008301860375, "lat": 37.78886231474862 }, "geometry": { "type": "Point", "coordinates": [ -122.500830186037504, 37.78886231474862 ] } },
{ "type": "Feature", "properties": { "id": "g3273", "minutes": 66.0, "lon": -122.49855879636426, "lat": 37.788852669730126 }, "geometry": { "type": "Point", "coordinates": [ -122.498558796364264, 37.788852669730126 ] } },
{ "type": "Feature", "properties": { "id": "g3274", "minutes": 65.0, "lon": -122.49628740777705, "lat": 37.788842980926404 }, "geometry": { "type": "Point", "coordinates": [ -122.496287407777046, 37.788842980926404 ] } },
{ "type": "Feature", "properties": { "id": "g3275", "minutes": 63.0, "lon": -122.49401602028081, "lat": 37.788833248337539 }, "geometry": { "type": "Point", "coordinates": [ -122.49401602028081, 37.788833248337539 ] } },
{ "type": "Feature", "properties": { "id": "g3276", "minutes": 63.0, "lon": -122.49174463388044, "lat": 37.788823471963568 }, "geometry": { "type": "Point", "coordinates": [ -122.491744633880444, 37.788823471963568 ] } },
{ "type": "Feature", "properties": { "id": "g3277", "minutes": 59.0, "lon": -122.48947324858089, "lat": 37.788813651804588 }, "geometry": { "type": "Point", "coordinates": [ -122.489473248580893, 37.788813651804588 ] } },
{ "type": "Feature", "properties": { "id": "g3278", "minutes": 59.0, "lon": -122.48720186438705, "lat": 37.78880378786063 }, "geometry": { "type": "Point", "coordinates": [ -122.487201864387046, 37.78880378786063 ] } },
{ "type": "Feature", "properties": { "id": "g3279", "minutes": 55.0, "lon": -122.48493048130383, "lat": 37.788793880131784 }, "geometry": { "type": "Point", "coordinates": [ -122.484930481303834, 37.788793880131784 ] } },
{ "type": "Feature", "properties": { "id": "g3280", "minutes": 53.0, "lon": -122.48265909933622, "lat": 37.788783928618109 }, "geometry": { "type": "Point", "coordinates": [ -122.482659099336217, 37.788783928618109 ] } },
{ "type": "Feature", "properties": { "id": "g3281", "minutes": 57.0, "lon": -122.48038771848906, "lat": 37.788773933319668 }, "geometry": { "type": "Point", "coordinates": [ -122.480387718489055, 37.788773933319668 ] } },
{ "type": "Feature", "properties": { "id": "g3282", "minutes": 59.0, "lon": -122.47811633876729, "lat": 37.788763894236531 }, "geometry": { "type": "Point", "coordinates": [ -122.478116338767293, 37.788763894236531 ] } },
{ "type": "Feature", "properties": { "id": "g3283", "minutes": 55.0, "lon": -122.47584496017582, "lat": 37.788753811368757 }, "geometry": { "type": "Point", "coordinates": [ -122.47584496017582, 37.788753811368757 ] } },
{ "type": "Feature", "properties": { "id": "g3284", "minutes": 53.0, "lon": -122.4735735827196, "lat": 37.788743684716422 }, "geometry": { "type": "Point", "coordinates": [ -122.473573582719595, 37.788743684716422 ] } },
{ "type": "Feature", "properties": { "id": "g3285", "minutes": 53.0, "lon": -122.47130220640352, "lat": 37.788733514279613 }, "geometry": { "type": "Point", "coordinates": [ -122.471302206403521, 37.788733514279613 ] } },
{ "type": "Feature", "properties": { "id": "g3287", "minutes": 53.0, "lon": -122.46675945721148, "lat": 37.788713042052741 }, "geometry": { "type": "Point", "coordinates": [ -122.466759457211481, 37.788713042052741 ] } },
{ "type": "Feature", "properties": { "id": "g3288", "minutes": 50.0, "lon": -122.46448808434536, "lat": 37.788702740262842 }, "geometry": { "type": "Point", "coordinates": [ -122.464488084345362, 37.788702740262842 ] } },
{ "type": "Feature", "properties": { "id": "g3289", "minutes": 50.0, "lon": -122.46221671263908, "lat": 37.788692394688717 }, "geometry": { "type": "Point", "coordinates": [ -122.462216712639076, 37.788692394688717 ] } },
{ "type": "Feature", "properties": { "id": "g3290", "minutes": 46.0, "lon": -122.45994534209751, "lat": 37.788682005330443 }, "geometry": { "type": "Point", "coordinates": [ -122.459945342097512, 37.788682005330443 ] } },
{ "type": "Feature", "properties": { "id": "g3291", "minutes": 46.0, "lon": -122.4576739727256, "lat": 37.788671572188079 }, "geometry": { "type": "Point", "coordinates": [ -122.457673972725601, 37.788671572188079 ] } },
{ "type": "Feature", "properties": { "id": "g3292", "minutes": 46.0, "lon": -122.45540260452832, "lat": 37.788661095261702 }, "geometry": { "type": "Point", "coordinates": [ -122.455402604528317, 37.788661095261702 ] } },
{ "type": "Feature", "properties": { "id": "g3293", "minutes": 44.0, "lon": -122.45313123751048, "lat": 37.788650574551376 }, "geometry": { "type": "Point", "coordinates": [ -122.453131237510476, 37.788650574551376 ] } },
{ "type": "Feature", "properties": { "id": "g3294", "minutes": 43.0, "lon": -122.45085987167707, "lat": 37.788640010057179 }, "geometry": { "type": "Point", "coordinates": [ -122.450859871677068, 37.788640010057179 ] } },
{ "type": "Feature", "properties": { "id": "g3295", "minutes": 41.0, "lon": -122.44858850703299, "lat": 37.788629401779183 }, "geometry": { "type": "Point", "coordinates": [ -122.448588507032994, 37.788629401779183 ] } },
{ "type": "Feature", "properties": { "id": "g3296", "minutes": 39.0, "lon": -122.44631714358317, "lat": 37.788618749717443 }, "geometry": { "type": "Point", "coordinates": [ -122.446317143583173, 37.788618749717443 ] } },
{ "type": "Feature", "properties": { "id": "g3297", "minutes": 38.0, "lon": -122.44404578133252, "lat": 37.788608053872046 }, "geometry": { "type": "Point", "coordinates": [ -122.44404578133252, 37.788608053872046 ] } },
{ "type": "Feature", "properties": { "id": "g3298", "minutes": 37.0, "lon": -122.44177442028597, "lat": 37.788597314243063 }, "geometry": { "type": "Point", "coordinates": [ -122.441774420285967, 37.788597314243063 ] } },
{ "type": "Feature", "properties": { "id": "g3299", "minutes": 35.0, "lon": -122.43950306044842, "lat": 37.78858653083055 }, "geometry": { "type": "Point", "coordinates": [ -122.439503060448416, 37.78858653083055 ] } },
{ "type": "Feature", "properties": { "id": "g3300", "minutes": 34.0, "lon": -122.43723170182477, "lat": 37.788575703634585 }, "geometry": { "type": "Point", "coordinates": [ -122.437231701824771, 37.788575703634585 ] } },
{ "type": "Feature", "properties": { "id": "g3301", "minutes": 34.0, "lon": -122.43496034441996, "lat": 37.788564832655247 }, "geometry": { "type": "Point", "coordinates": [ -122.434960344419963, 37.788564832655247 ] } },
{ "type": "Feature", "properties": { "id": "g3302", "minutes": 32.0, "lon": -122.43268898823894, "lat": 37.788553917892607 }, "geometry": { "type": "Point", "coordinates": [ -122.432688988238937, 37.788553917892607 ] } },
{ "type": "Feature", "properties": { "id": "g3303", "minutes": 31.0, "lon": -122.43041763328659, "lat": 37.788542959346742 }, "geometry": { "type": "Point", "coordinates": [ -122.430417633286595, 37.788542959346742 ] } },
{ "type": "Feature", "properties": { "id": "g3304", "minutes": 30.0, "lon": -122.42814627956783, "lat": 37.78853195701771 }, "geometry": { "type": "Point", "coordinates": [ -122.428146279567827, 37.78853195701771 ] } },
{ "type": "Feature", "properties": { "id": "g3305", "minutes": 30.0, "lon": -122.42587492708758, "lat": 37.788520910905596 }, "geometry": { "type": "Point", "coordinates": [ -122.425874927087577, 37.788520910905596 ] } },
{ "type": "Feature", "properties": { "id": "g3306", "minutes": 27.0, "lon": -122.42360357585076, "lat": 37.788509821010464 }, "geometry": { "type": "Point", "coordinates": [ -122.423603575850763, 37.788509821010464 ] } },
{ "type": "Feature", "properties": { "id": "g3307", "minutes": 25.0, "lon": -122.4213322258623, "lat": 37.788498687332392 }, "geometry": { "type": "Point", "coordinates": [ -122.421332225862301, 37.788498687332392 ] } },
{ "type": "Feature", "properties": { "id": "g3308", "minutes": 25.0, "lon": -122.41906087712711, "lat": 37.788487509871473 }, "geometry": { "type": "Point", "coordinates": [ -122.419060877127109, 37.788487509871473 ] } },
{ "type": "Feature", "properties": { "id": "g3309", "minutes": 23.0, "lon": -122.4167895296501, "lat": 37.788476288627749 }, "geometry": { "type": "Point", "coordinates": [ -122.416789529650103, 37.788476288627749 ] } },
{ "type": "Feature", "properties": { "id": "g3310", "minutes": 22.0, "lon": -122.4145181834362, "lat": 37.788465023601319 }, "geometry": { "type": "Point", "coordinates": [ -122.414518183436201, 37.788465023601319 ] } },
{ "type": "Feature", "properties": { "id": "g3311", "minutes": 21.0, "lon": -122.41224683849033, "lat": 37.788453714792254 }, "geometry": { "type": "Point", "coordinates": [ -122.412246838490333, 37.788453714792254 ] } },
{ "type": "Feature", "properties": { "id": "g3312", "minutes": 19.0, "lon": -122.40997549481739, "lat": 37.788442362200612 }, "geometry": { "type": "Point", "coordinates": [ -122.409975494817388, 37.788442362200612 ] } },
{ "type": "Feature", "properties": { "id": "g3313", "minutes": 17.0, "lon": -122.40770415242231, "lat": 37.788430965826485 }, "geometry": { "type": "Point", "coordinates": [ -122.407704152422312, 37.788430965826485 ] } },
{ "type": "Feature", "properties": { "id": "g3314", "minutes": 14.0, "lon": -122.40543281131001, "lat": 37.788419525669958 }, "geometry": { "type": "Point", "coordinates": [ -122.405432811310007, 37.788419525669958 ] } },
{ "type": "Feature", "properties": { "id": "g3315", "minutes": 11.0, "lon": -122.4031614714854, "lat": 37.788408041731081 }, "geometry": { "type": "Point", "coordinates": [ -122.403161471485404, 37.788408041731081 ] } },
{ "type": "Feature", "properties": { "id": "g3316", "minutes": 8.0, "lon": -122.40089013295339, "lat": 37.788396514009946 }, "geometry": { "type": "Point", "coordinates": [ -122.400890132953393, 37.788396514009946 ] } },
{ "type": "Feature", "properties": { "id": "g3317", "minutes": 3.0, "lon": -122.39861879571893, "lat": 37.788384942506639 }, "geometry": { "type": "Point", "coordinates": [ -122.398618795718932, 37.788384942506639 ] } },
{ "type": "Feature", "properties": { "id": "g3318", "minutes": 2.0, "lon": -122.39634745978691, "lat": 37.788373327221201 }, "geometry": { "type": "Point", "coordinates": [ -122.396347459786909, 37.788373327221201 ] } },
{ "type": "Feature", "properties": { "id": "g3319", "minutes": 5.0, "lon": -122.39407612516226, "lat": 37.788361668153762 }, "geometry": { "type": "Point", "coordinates": [ -122.394076125162258, 37.788361668153762 ] } },
{ "type": "Feature", "properties": { "id": "g3320", "minutes": 10.0, "lon": -122.39180479184991, "lat": 37.788349965304349 }, "geometry": { "type": "Point", "coordinates": [ -122.391804791849907, 37.788349965304349 ] } },
{ "type": "Feature", "properties": { "id": "g3321", "minutes": 14.0, "lon": -122.38953345985473, "lat": 37.788338218673083 }, "geometry": { "type": "Point", "coordinates": [ -122.389533459854732, 37.788338218673083 ] } },
{ "type": "Feature", "properties": { "id": "g3322", "minutes": 20.0, "lon": -122.38726212918169, "lat": 37.788326428260021 }, "geometry": { "type": "Point", "coordinates": [ -122.387262129181693, 37.788326428260021 ] } },
{ "type": "Feature", "properties": { "id": "g3323", "minutes": 22.0, "lon": -122.38499079983566, "lat": 37.788314594065213 }, "geometry": { "type": "Point", "coordinates": [ -122.384990799835663, 37.788314594065213 ] } },
{ "type": "Feature", "properties": { "id": "g3348", "minutes": 58.0, "lon": -122.48946084626448, "lat": 37.790616224647437 }, "geometry": { "type": "Point", "coordinates": [ -122.489460846264478, 37.790616224647437 ] } },
{ "type": "Feature", "properties": { "id": "g3349", "minutes": 58.0, "lon": -122.48718940689736, "lat": 37.790606360066661 }, "geometry": { "type": "Point", "coordinates": [ -122.487189406897357, 37.790606360066661 ] } },
{ "type": "Feature", "properties": { "id": "g3350", "minutes": 59.0, "lon": -122.48491796864103, "lat": 37.790596451698157 }, "geometry": { "type": "Point", "coordinates": [ -122.484917968641028, 37.790596451698157 ] } },
{ "type": "Feature", "properties": { "id": "g3351", "minutes": 57.0, "lon": -122.48264653150032, "lat": 37.790586499541988 }, "geometry": { "type": "Point", "coordinates": [ -122.482646531500322, 37.790586499541988 ] } },
{ "type": "Feature", "properties": { "id": "g3352", "minutes": 59.0, "lon": -122.48037509548023, "lat": 37.790576503598238 }, "geometry": { "type": "Point", "coordinates": [ -122.480375095480227, 37.790576503598238 ] } },
{ "type": "Feature", "properties": { "id": "g3353", "minutes": 61.0, "lon": -122.47810366058563, "lat": 37.790566463866959 }, "geometry": { "type": "Point", "coordinates": [ -122.478103660585631, 37.790566463866959 ] } },
{ "type": "Feature", "properties": { "id": "g3354", "minutes": 58.0, "lon": -122.47583222682144, "lat": 37.790556380348221 }, "geometry": { "type": "Point", "coordinates": [ -122.475832226821439, 37.790556380348221 ] } },
{ "type": "Feature", "properties": { "id": "g3355", "minutes": 58.0, "lon": -122.47356079419259, "lat": 37.790546253042109 }, "geometry": { "type": "Point", "coordinates": [ -122.473560794192593, 37.790546253042109 ] } },
{ "type": "Feature", "properties": { "id": "g3356", "minutes": 56.0, "lon": -122.47128936270401, "lat": 37.790536081948659 }, "geometry": { "type": "Point", "coordinates": [ -122.471289362704013, 37.790536081948659 ] } },
{ "type": "Feature", "properties": { "id": "g3357", "minutes": 60.0, "lon": -122.4690179323606, "lat": 37.790525867067963 }, "geometry": { "type": "Point", "coordinates": [ -122.4690179323606, 37.790525867067963 ] } },
{ "type": "Feature", "properties": { "id": "g3359", "minutes": 60.0, "lon": -122.46447507512897, "lat": 37.790505305945075 }, "geometry": { "type": "Point", "coordinates": [ -122.464475075128973, 37.790505305945075 ] } },
{ "type": "Feature", "properties": { "id": "g3360", "minutes": 54.0, "lon": -122.46220364825061, "lat": 37.790494959703025 }, "geometry": { "type": "Point", "coordinates": [ -122.462203648250608, 37.790494959703025 ] } },
{ "type": "Feature", "properties": { "id": "g3361", "minutes": 50.0, "lon": -122.45993222253711, "lat": 37.790484569674 }, "geometry": { "type": "Point", "coordinates": [ -122.459932222537105, 37.790484569674 ] } },
{ "type": "Feature", "properties": { "id": "g3362", "minutes": 51.0, "lon": -122.45766079799336, "lat": 37.790474135858062 }, "geometry": { "type": "Point", "coordinates": [ -122.457660797993356, 37.790474135858062 ] } },
{ "type": "Feature", "properties": { "id": "g3363", "minutes": 49.0, "lon": -122.4553893746243, "lat": 37.790463658255284 }, "geometry": { "type": "Point", "coordinates": [ -122.455389374624303, 37.790463658255284 ] } },
{ "type": "Feature", "properties": { "id": "g3364", "minutes": 47.0, "lon": -122.45311795243487, "lat": 37.790453136865722 }, "geometry": { "type": "Point", "coordinates": [ -122.453117952434866, 37.790453136865722 ] } },
{ "type": "Feature", "properties": { "id": "g3365", "minutes": 44.0, "lon": -122.45084653142993, "lat": 37.790442571689468 }, "geometry": { "type": "Point", "coordinates": [ -122.450846531429931, 37.790442571689468 ] } },
{ "type": "Feature", "properties": { "id": "g3366", "minutes": 43.0, "lon": -122.44857511161445, "lat": 37.790431962726579 }, "geometry": { "type": "Point", "coordinates": [ -122.448575111614446, 37.790431962726579 ] } },
{ "type": "Feature", "properties": { "id": "g3367", "minutes": 42.0, "lon": -122.44630369299333, "lat": 37.790421309977134 }, "geometry": { "type": "Point", "coordinates": [ -122.446303692993325, 37.790421309977134 ] } },
{ "type": "Feature", "properties": { "id": "g3368", "minutes": 41.0, "lon": -122.4440322755715, "lat": 37.790410613441203 }, "geometry": { "type": "Point", "coordinates": [ -122.444032275571502, 37.790410613441203 ] } },
{ "type": "Feature", "properties": { "id": "g3369", "minutes": 40.0, "lon": -122.44176085935389, "lat": 37.79039987311883 }, "geometry": { "type": "Point", "coordinates": [ -122.441760859353892, 37.79039987311883 ] } },
{ "type": "Feature", "properties": { "id": "g3370", "minutes": 38.0, "lon": -122.43948944434538, "lat": 37.790389089010134 }, "geometry": { "type": "Point", "coordinates": [ -122.439489444345384, 37.790389089010134 ] } },
{ "type": "Feature", "properties": { "id": "g3371", "minutes": 37.0, "lon": -122.43721803055092, "lat": 37.790378261115166 }, "geometry": { "type": "Point", "coordinates": [ -122.437218030550923, 37.790378261115166 ] } },
{ "type": "Feature", "properties": { "id": "g3372", "minutes": 34.0, "lon": -122.4349466179754, "lat": 37.790367389433982 }, "geometry": { "type": "Point", "coordinates": [ -122.434946617975399, 37.790367389433982 ] } },
{ "type": "Feature", "properties": { "id": "g3373", "minutes": 33.0, "lon": -122.43267520662376, "lat": 37.790356473966668 }, "geometry": { "type": "Point", "coordinates": [ -122.432675206623756, 37.790356473966668 ] } },
{ "type": "Feature", "properties": { "id": "g3374", "minutes": 31.0, "lon": -122.43040379650093, "lat": 37.790345514713302 }, "geometry": { "type": "Point", "coordinates": [ -122.430403796500926, 37.790345514713302 ] } },
{ "type": "Feature", "properties": { "id": "g3375", "minutes": 31.0, "lon": -122.4281323876118, "lat": 37.79033451167394 }, "geometry": { "type": "Point", "coordinates": [ -122.428132387611797, 37.79033451167394 ] } },
{ "type": "Feature", "properties": { "id": "g3376", "minutes": 29.0, "lon": -122.4258609799613, "lat": 37.790323464848683 }, "geometry": { "type": "Point", "coordinates": [ -122.4258609799613, 37.790323464848683 ] } },
{ "type": "Feature", "properties": { "id": "g3377", "minutes": 28.0, "lon": -122.42358957355437, "lat": 37.790312374237587 }, "geometry": { "type": "Point", "coordinates": [ -122.423589573554366, 37.790312374237587 ] } },
{ "type": "Feature", "properties": { "id": "g3378", "minutes": 28.0, "lon": -122.42131816839589, "lat": 37.790301239840709 }, "geometry": { "type": "Point", "coordinates": [ -122.421318168395885, 37.790301239840709 ] } },
{ "type": "Feature", "properties": { "id": "g3379", "minutes": 27.0, "lon": -122.4190467644908, "lat": 37.790290061658155 }, "geometry": { "type": "Point", "coordinates": [ -122.419046764490801, 37.790290061658155 ] } },
{ "type": "Feature", "properties": { "id": "g3380", "minutes": 25.0, "lon": -122.41677536184402, "lat": 37.790278839689982 }, "geometry": { "type": "Point", "coordinates": [ -122.416775361844017, 37.790278839689982 ] } },
{ "type": "Feature", "properties": { "id": "g3381", "minutes": 25.0, "lon": -122.41450396046045, "lat": 37.790267573936269 }, "geometry": { "type": "Point", "coordinates": [ -122.414503960460451, 37.790267573936269 ] } },
{ "type": "Feature", "properties": { "id": "g3382", "minutes": 22.0, "lon": -122.41223256034505, "lat": 37.790256264397087 }, "geometry": { "type": "Point", "coordinates": [ -122.412232560345046, 37.790256264397087 ] } },
{ "type": "Feature", "properties": { "id": "g3383", "minutes": 21.0, "lon": -122.40996116150271, "lat": 37.79024491107252 }, "geometry": { "type": "Point", "coordinates": [ -122.409961161502707, 37.79024491107252 ] } },
{ "type": "Feature", "properties": { "id": "g3384", "minutes": 18.0, "lon": -122.40768976393831, "lat": 37.790233513962633 }, "geometry": { "type": "Point", "coordinates": [ -122.407689763938308, 37.790233513962633 ] } },
{ "type": "Feature", "properties": { "id": "g3385", "minutes": 15.0, "lon": -122.40541836765685, "lat": 37.790222073067511 }, "geometry": { "type": "Point", "coordinates": [ -122.40541836765685, 37.790222073067511 ] } },
{ "type": "Feature", "properties": { "id": "g3386", "minutes": 14.0, "lon": -122.40314697266318, "lat": 37.790210588387225 }, "geometry": { "type": "Point", "coordinates": [ -122.40314697266318, 37.790210588387225 ] } },
{ "type": "Feature", "properties": { "id": "g3387", "minutes": 8.0, "lon": -122.40087557896227, "lat": 37.790199059921839 }, "geometry": { "type": "Point", "coordinates": [ -122.400875578962271, 37.790199059921839 ] } },
{ "type": "Feature", "properties": { "id": "g3388", "minutes": 3.0, "lon": -122.398604186559, "lat": 37.79018748767146 }, "geometry": { "type": "Point", "coordinates": [ -122.398604186558998, 37.79018748767146 ] } },
{ "type": "Feature", "properties": { "id": "g3389", "minutes": 2.0, "lon": -122.39633279545829, "lat": 37.790175871636144 }, "geometry": { "type": "Point", "coordinates": [ -122.396332795458292, 37.790175871636144 ] } },
{ "type": "Feature", "properties": { "id": "g3390", "minutes": 5.0, "lon": -122.39406140566508, "lat": 37.790164211815977 }, "geometry": { "type": "Point", "coordinates": [ -122.394061405665084, 37.790164211815977 ] } },
{ "type": "Feature", "properties": { "id": "g3391", "minutes": 10.0, "lon": -122.39179001718428, "lat": 37.79015250821103 }, "geometry": { "type": "Point", "coordinates": [ -122.391790017184277, 37.79015250821103 ] } },
{ "type": "Feature", "properties": { "id": "g3392", "minutes": 15.0, "lon": -122.3895186300208, "lat": 37.790140760821387 }, "geometry": { "type": "Point", "coordinates": [ -122.389518630020802, 37.790140760821387 ] } },
{ "type": "Feature", "properties": { "id": "g3393", "minutes": 18.0, "lon": -122.38724724417958, "lat": 37.790128969647107 }, "geometry": { "type": "Point", "coordinates": [ -122.387247244179576, 37.790128969647107 ] } },
{ "type": "Feature", "properties": { "id": "g3394", "minutes": 19.0, "lon": -122.3849758596655, "lat": 37.790117134688302 }, "geometry": { "type": "Point", "coordinates": [ -122.384975859665502, 37.790117134688302 ] } },
{ "type": "Feature", "properties": { "id": "g3421", "minutes": 59.0, "lon": -122.48490545486251, "lat": 37.792399022708096 }, "geometry": { "type": "Point", "coordinates": [ -122.484905454862513, 37.792399022708096 ] } },
{ "type": "Feature", "properties": { "id": "g3422", "minutes": 55.0, "lon": -122.48263396254387, "lat": 37.792389069909419 }, "geometry": { "type": "Point", "coordinates": [ -122.482633962543872, 37.792389069909419 ] } },
{ "type": "Feature", "properties": { "id": "g3423", "minutes": 55.0, "lon": -122.48036247134591, "lat": 37.792379073320312 }, "geometry": { "type": "Point", "coordinates": [ -122.480362471345913, 37.792379073320312 ] } },
{ "type": "Feature", "properties": { "id": "g3424", "minutes": 60.0, "lon": -122.47809098127355, "lat": 37.792369032940869 }, "geometry": { "type": "Point", "coordinates": [ -122.478090981273553, 37.792369032940869 ] } },
{ "type": "Feature", "properties": { "id": "g3425", "minutes": 62.0, "lon": -122.47581949233172, "lat": 37.792358948771138 }, "geometry": { "type": "Point", "coordinates": [ -122.475819492331723, 37.792358948771138 ] } },
{ "type": "Feature", "properties": { "id": "g3426", "minutes": 61.0, "lon": -122.47354800452534, "lat": 37.792348820811199 }, "geometry": { "type": "Point", "coordinates": [ -122.473548004525341, 37.792348820811199 ] } },
{ "type": "Feature", "properties": { "id": "g3427", "minutes": 60.0, "lon": -122.47127651785934, "lat": 37.792338649061101 }, "geometry": { "type": "Point", "coordinates": [ -122.471276517859337, 37.792338649061101 ] } },
{ "type": "Feature", "properties": { "id": "g3430", "minutes": 60.0, "lon": -122.46446206475268, "lat": 37.792307871070605 }, "geometry": { "type": "Point", "coordinates": [ -122.464462064752681, 37.792307871070605 ] } },
{ "type": "Feature", "properties": { "id": "g3432", "minutes": 55.0, "lon": -122.4599191018069, "lat": 37.792287133460782 }, "geometry": { "type": "Point", "coordinates": [ -122.459919101806904, 37.792287133460782 ] } },
{ "type": "Feature", "properties": { "id": "g3433", "minutes": 55.0, "lon": -122.4576476220864, "lat": 37.792276698971229 }, "geometry": { "type": "Point", "coordinates": [ -122.457647622086398, 37.792276698971229 ] } },
{ "type": "Feature", "properties": { "id": "g3434", "minutes": 56.0, "lon": -122.4553761435407, "lat": 37.792266220692014 }, "geometry": { "type": "Point", "coordinates": [ -122.455376143540704, 37.792266220692014 ] } },
{ "type": "Feature", "properties": { "id": "g3435", "minutes": 52.0, "lon": -122.45310466617468, "lat": 37.792255698623187 }, "geometry": { "type": "Point", "coordinates": [ -122.453104666174681, 37.792255698623187 ] } },
{ "type": "Feature", "properties": { "id": "g3436", "minutes": 50.0, "lon": -122.45083318999333, "lat": 37.792245132764847 }, "geometry": { "type": "Point", "coordinates": [ -122.450833189993332, 37.792245132764847 ] } },
{ "type": "Feature", "properties": { "id": "g3437", "minutes": 46.0, "lon": -122.44856171500155, "lat": 37.792234523117052 }, "geometry": { "type": "Point", "coordinates": [ -122.448561715001546, 37.792234523117052 ] } },
{ "type": "Feature", "properties": { "id": "g3438", "minutes": 45.0, "lon": -122.44629024120421, "lat": 37.792223869679852 }, "geometry": { "type": "Point", "coordinates": [ -122.44629024120421, 37.792223869679852 ] } },
{ "type": "Feature", "properties": { "id": "g3439", "minutes": 44.0, "lon": -122.44401876860631, "lat": 37.792213172453337 }, "geometry": { "type": "Point", "coordinates": [ -122.444018768606313, 37.792213172453337 ] } },
{ "type": "Feature", "properties": { "id": "g3440", "minutes": 40.0, "lon": -122.44174729721269, "lat": 37.792202431437588 }, "geometry": { "type": "Point", "coordinates": [ -122.441747297212686, 37.792202431437588 ] } },
{ "type": "Feature", "properties": { "id": "g3441", "minutes": 40.0, "lon": -122.43947582702832, "lat": 37.792191646632666 }, "geometry": { "type": "Point", "coordinates": [ -122.439475827028318, 37.792191646632666 ] } },
{ "type": "Feature", "properties": { "id": "g3442", "minutes": 38.0, "lon": -122.4372043580581, "lat": 37.792180818038638 }, "geometry": { "type": "Point", "coordinates": [ -122.437204358058096, 37.792180818038638 ] } },
{ "type": "Feature", "properties": { "id": "g3443", "minutes": 36.0, "lon": -122.43493289030695, "lat": 37.79216994565558 }, "geometry": { "type": "Point", "coordinates": [ -122.434932890306953, 37.79216994565558 ] } },
{ "type": "Feature", "properties": { "id": "g3444", "minutes": 36.0, "lon": -122.43266142377981, "lat": 37.792159029483564 }, "geometry": { "type": "Point", "coordinates": [ -122.432661423779805, 37.792159029483564 ] } },
{ "type": "Feature", "properties": { "id": "g3445", "minutes": 35.0, "lon": -122.43038995848156, "lat": 37.792148069522653 }, "geometry": { "type": "Point", "coordinates": [ -122.430389958481555, 37.792148069522653 ] } },
{ "type": "Feature", "properties": { "id": "g3446", "minutes": 33.0, "lon": -122.42811849441715, "lat": 37.792137065772948 }, "geometry": { "type": "Point", "coordinates": [ -122.428118494417149, 37.792137065772948 ] } },
{ "type": "Feature", "properties": { "id": "g3447", "minutes": 31.0, "lon": -122.42584703159149, "lat": 37.792126018234498 }, "geometry": { "type": "Point", "coordinates": [ -122.425847031591488, 37.792126018234498 ] } },
{ "type": "Feature", "properties": { "id": "g3448", "minutes": 29.0, "lon": -122.42357557000948, "lat": 37.792114926907388 }, "geometry": { "type": "Point", "coordinates": [ -122.423575570009476, 37.792114926907388 ] } },
{ "type": "Feature", "properties": { "id": "g3449", "minutes": 28.0, "lon": -122.42130410967607, "lat": 37.792103791791675 }, "geometry": { "type": "Point", "coordinates": [ -122.421304109676072, 37.792103791791675 ] } },
{ "type": "Feature", "properties": { "id": "g3450", "minutes": 26.0, "lon": -122.41903265059618, "lat": 37.792092612887451 }, "geometry": { "type": "Point", "coordinates": [ -122.419032650596179, 37.792092612887451 ] } },
{ "type": "Feature", "properties": { "id": "g3451", "minutes": 25.0, "lon": -122.4167611927747, "lat": 37.792081390194788 }, "geometry": { "type": "Point", "coordinates": [ -122.4167611927747, 37.792081390194788 ] } },
{ "type": "Feature", "properties": { "id": "g3452", "minutes": 23.0, "lon": -122.41448973621657, "lat": 37.792070123713764 }, "geometry": { "type": "Point", "coordinates": [ -122.414489736216566, 37.792070123713764 ] } },
{ "type": "Feature", "properties": { "id": "g3453", "minutes": 23.0, "lon": -122.41221828092669, "lat": 37.792058813444442 }, "geometry": { "type": "Point", "coordinates": [ -122.412218280926695, 37.792058813444442 ] } },
{ "type": "Feature", "properties": { "id": "g3454", "minutes": 22.0, "lon": -122.40994682691003, "lat": 37.792047459386893 }, "geometry": { "type": "Point", "coordinates": [ -122.40994682691003, 37.792047459386893 ] } },
{ "type": "Feature", "properties": { "id": "g3455", "minutes": 20.0, "lon": -122.40767537417143, "lat": 37.792036061541211 }, "geometry": { "type": "Point", "coordinates": [ -122.407675374171433, 37.792036061541211 ] } },
{ "type": "Feature", "properties": { "id": "g3456", "minutes": 17.0, "lon": -122.40540392271586, "lat": 37.792024619907473 }, "geometry": { "type": "Point", "coordinates": [ -122.405403922715863, 37.792024619907473 ] } },
{ "type": "Feature", "properties": { "id": "g3457", "minutes": 12.0, "lon": -122.40313247254825, "lat": 37.792013134485735 }, "geometry": { "type": "Point", "coordinates": [ -122.403132472548251, 37.792013134485735 ] } },
{ "type": "Feature", "properties": { "id": "g3458", "minutes": 9.0, "lon": -122.40086102367347, "lat": 37.792001605276084 }, "geometry": { "type": "Point", "coordinates": [ -122.400861023673471, 37.792001605276084 ] } },
{ "type": "Feature", "properties": { "id": "g3459", "minutes": 6.0, "lon": -122.39858957609648, "lat": 37.791990032278591 }, "geometry": { "type": "Point", "coordinates": [ -122.398589576096484, 37.791990032278591 ] } },
{ "type": "Feature", "properties": { "id": "g3460", "minutes": 5.0, "lon": -122.39631812982219, "lat": 37.791978415493354 }, "geometry": { "type": "Point", "coordinates": [ -122.396318129822191, 37.791978415493354 ] } },
{ "type": "Feature", "properties": { "id": "g3461", "minutes": 7.0, "lon": -122.3940466848555, "lat": 37.791966754920423 }, "geometry": { "type": "Point", "coordinates": [ -122.394046684855496, 37.791966754920423 ] } },
{ "type": "Feature", "properties": { "id": "g3462", "minutes": 10.0, "lon": -122.39177524120134, "lat": 37.791955050559892 }, "geometry": { "type": "Point", "coordinates": [ -122.391775241201344, 37.791955050559892 ] } },
{ "type": "Feature", "properties": { "id": "g3463", "minutes": 14.0, "lon": -122.38950379886464, "lat": 37.791943302411831 }, "geometry": { "type": "Point", "coordinates": [ -122.389503798864638, 37.791943302411831 ] } },
{ "type": "Feature", "properties": { "id": "g3465", "minutes": 17.0, "lon": -122.38496091816327, "lat": 37.791919674753451 }, "geometry": { "type": "Point", "coordinates": [ -122.384960918163273, 37.791919674753451 ] } },
{ "type": "Feature", "properties": { "id": "g3492", "minutes": 58.0, "lon": -122.48489293996828, "lat": 37.794201593161567 }, "geometry": { "type": "Point", "coordinates": [ -122.484892939968276, 37.794201593161567 ] } },
{ "type": "Feature", "properties": { "id": "g3493", "minutes": 59.0, "lon": -122.48262139246673, "lat": 37.794191639720339 }, "geometry": { "type": "Point", "coordinates": [ -122.482621392466726, 37.794191639720339 ] } },
{ "type": "Feature", "properties": { "id": "g3494", "minutes": 58.0, "lon": -122.48034984608599, "lat": 37.794181642485867 }, "geometry": { "type": "Point", "coordinates": [ -122.480349846085986, 37.794181642485867 ] } },
{ "type": "Feature", "properties": { "id": "g3495", "minutes": 61.0, "lon": -122.47807830083096, "lat": 37.794171601458217 }, "geometry": { "type": "Point", "coordinates": [ -122.478078300830958, 37.794171601458217 ] } },
{ "type": "Feature", "properties": { "id": "g3496", "minutes": 67.0, "lon": -122.47580675670658, "lat": 37.794161516637466 }, "geometry": { "type": "Point", "coordinates": [ -122.475806756706575, 37.794161516637466 ] } },
{ "type": "Feature", "properties": { "id": "g3497", "minutes": 68.0, "lon": -122.47353521371772, "lat": 37.794151388023664 }, "geometry": { "type": "Point", "coordinates": [ -122.473535213717724, 37.794151388023664 ] } },
{ "type": "Feature", "properties": { "id": "g3498", "minutes": 72.0, "lon": -122.47126367186938, "lat": 37.794141215616875 }, "geometry": { "type": "Point", "coordinates": [ -122.47126367186938, 37.794141215616875 ] } },
{ "type": "Feature", "properties": { "id": "g3501", "minutes": 62.0, "lon": -122.46444905321633, "lat": 37.794110435639389 }, "geometry": { "type": "Point", "coordinates": [ -122.464449053216327, 37.794110435639389 ] } },
{ "type": "Feature", "properties": { "id": "g3502", "minutes": 60.0, "lon": -122.46217751597905, "lat": 37.794100088061384 }, "geometry": { "type": "Point", "coordinates": [ -122.46217751597905, 37.794100088061384 ] } },
{ "type": "Feature", "properties": { "id": "g3503", "minutes": 63.0, "lon": -122.45990597990686, "lat": 37.794089696690762 }, "geometry": { "type": "Point", "coordinates": [ -122.459905979906864, 37.794089696690762 ] } },
{ "type": "Feature", "properties": { "id": "g3504", "minutes": 58.0, "lon": -122.45763444500466, "lat": 37.794079261527564 }, "geometry": { "type": "Point", "coordinates": [ -122.457634445004658, 37.794079261527564 ] } },
{ "type": "Feature", "properties": { "id": "g3505", "minutes": 57.0, "lon": -122.45536291127736, "lat": 37.79406878257187 }, "geometry": { "type": "Point", "coordinates": [ -122.455362911277362, 37.79406878257187 ] } },
{ "type": "Feature", "properties": { "id": "g3506", "minutes": 53.0, "lon": -122.45309137872989, "lat": 37.79405825982375 }, "geometry": { "type": "Point", "coordinates": [ -122.453091378729894, 37.79405825982375 ] } },
{ "type": "Feature", "properties": { "id": "g3507", "minutes": 52.0, "lon": -122.4508198473672, "lat": 37.794047693283282 }, "geometry": { "type": "Point", "coordinates": [ -122.4508198473672, 37.794047693283282 ] } },
{ "type": "Feature", "properties": { "id": "g3508", "minutes": 48.0, "lon": -122.44854831719415, "lat": 37.794037082950524 }, "geometry": { "type": "Point", "coordinates": [ -122.448548317194152, 37.794037082950524 ] } },
{ "type": "Feature", "properties": { "id": "g3509", "minutes": 46.0, "lon": -122.4462767882157, "lat": 37.794026428825561 }, "geometry": { "type": "Point", "coordinates": [ -122.446276788215698, 37.794026428825561 ] } },
{ "type": "Feature", "properties": { "id": "g3510", "minutes": 44.0, "lon": -122.44400526043677, "lat": 37.794015730908441 }, "geometry": { "type": "Point", "coordinates": [ -122.444005260436768, 37.794015730908441 ] } },
{ "type": "Feature", "properties": { "id": "g3511", "minutes": 41.0, "lon": -122.44173373386225, "lat": 37.794004989199259 }, "geometry": { "type": "Point", "coordinates": [ -122.44173373386225, 37.794004989199259 ] } },
{ "type": "Feature", "properties": { "id": "g3512", "minutes": 39.0, "lon": -122.43946220849709, "lat": 37.79399420369807 }, "geometry": { "type": "Point", "coordinates": [ -122.439462208497091, 37.79399420369807 ] } },
{ "type": "Feature", "properties": { "id": "g3513", "minutes": 38.0, "lon": -122.43719068434621, "lat": 37.793983374404966 }, "geometry": { "type": "Point", "coordinates": [ -122.437190684346206, 37.793983374404966 ] } },
{ "type": "Feature", "properties": { "id": "g3514", "minutes": 36.0, "lon": -122.4349191614145, "lat": 37.793972501319999 }, "geometry": { "type": "Point", "coordinates": [ -122.434919161414498, 37.793972501319999 ] } },
{ "type": "Feature", "properties": { "id": "g3515", "minutes": 38.0, "lon": -122.43264763970693, "lat": 37.793961584443238 }, "geometry": { "type": "Point", "coordinates": [ -122.432647639706929, 37.793961584443238 ] } },
{ "type": "Feature", "properties": { "id": "g3516", "minutes": 38.0, "lon": -122.43037611922836, "lat": 37.793950623774769 }, "geometry": { "type": "Point", "coordinates": [ -122.430376119228356, 37.793950623774769 ] } },
{ "type": "Feature", "properties": { "id": "g3517", "minutes": 36.0, "lon": -122.42810459998373, "lat": 37.793939619314678 }, "geometry": { "type": "Point", "coordinates": [ -122.428104599983726, 37.793939619314678 ] } },
{ "type": "Feature", "properties": { "id": "g3518", "minutes": 33.0, "lon": -122.42583308197798, "lat": 37.793928571062999 }, "geometry": { "type": "Point", "coordinates": [ -122.425833081977984, 37.793928571062999 ] } },
{ "type": "Feature", "properties": { "id": "g3519", "minutes": 30.0, "lon": -122.42356156521602, "lat": 37.793917479019846 }, "geometry": { "type": "Point", "coordinates": [ -122.423561565216019, 37.793917479019846 ] } },
{ "type": "Feature", "properties": { "id": "g3520", "minutes": 30.0, "lon": -122.42129004970276, "lat": 37.793906343185277 }, "geometry": { "type": "Point", "coordinates": [ -122.421290049702762, 37.793906343185277 ] } },
{ "type": "Feature", "properties": { "id": "g3521", "minutes": 29.0, "lon": -122.41901853544313, "lat": 37.793895163559348 }, "geometry": { "type": "Point", "coordinates": [ -122.419018535443129, 37.793895163559348 ] } },
{ "type": "Feature", "properties": { "id": "g3522", "minutes": 27.0, "lon": -122.41674702244205, "lat": 37.793883940142166 }, "geometry": { "type": "Point", "coordinates": [ -122.416747022442053, 37.793883940142166 ] } },
{ "type": "Feature", "properties": { "id": "g3523", "minutes": 26.0, "lon": -122.41447551070442, "lat": 37.79387267293378 }, "geometry": { "type": "Point", "coordinates": [ -122.41447551070442, 37.79387267293378 ] } },
{ "type": "Feature", "properties": { "id": "g3524", "minutes": 25.0, "lon": -122.41220400023519, "lat": 37.793861361934276 }, "geometry": { "type": "Point", "coordinates": [ -122.412204000235192, 37.793861361934276 ] } },
{ "type": "Feature", "properties": { "id": "g3525", "minutes": 22.0, "lon": -122.40993249103926, "lat": 37.793850007143725 }, "geometry": { "type": "Point", "coordinates": [ -122.409932491039257, 37.793850007143725 ] } },
{ "type": "Feature", "properties": { "id": "g3526", "minutes": 19.0, "lon": -122.40766098312152, "lat": 37.793838608562211 }, "geometry": { "type": "Point", "coordinates": [ -122.407660983121517, 37.793838608562211 ] } },
{ "type": "Feature", "properties": { "id": "g3527", "minutes": 18.0, "lon": -122.40538947648695, "lat": 37.793827166189814 }, "geometry": { "type": "Point", "coordinates": [ -122.405389476486945, 37.793827166189814 ] } },
{ "type": "Feature", "properties": { "id": "g3528", "minutes": 15.0, "lon": -122.40311797114045, "lat": 37.793815680026583 }, "geometry": { "type": "Point", "coordinates": [ -122.403117971140446, 37.793815680026583 ] } },
{ "type": "Feature", "properties": { "id": "g3529", "minutes": 12.0, "lon": -122.40084646708691, "lat": 37.793804150072624 }, "geometry": { "type": "Point", "coordinates": [ -122.400846467086907, 37.793804150072624 ] } },
{ "type": "Feature", "properties": { "id": "g3530", "minutes": 9.0, "lon": -122.39857496433126, "lat": 37.793792576328009 }, "geometry": { "type": "Point", "coordinates": [ -122.39857496433126, 37.793792576328009 ] } },
{ "type": "Feature", "properties": { "id": "g3531", "minutes": 10.0, "lon": -122.39630346287845, "lat": 37.79378095879278 }, "geometry": { "type": "Point", "coordinates": [ -122.39630346287845, 37.79378095879278 ] } },
{ "type": "Feature", "properties": { "id": "g3532", "minutes": 10.0, "lon": -122.39403196273338, "lat": 37.793769297467065 }, "geometry": { "type": "Point", "coordinates": [ -122.394031962733379, 37.793769297467065 ] } },
{ "type": "Feature", "properties": { "id": "g3533", "minutes": 12.0, "lon": -122.39176046390095, "lat": 37.793757592350914 }, "geometry": { "type": "Point", "coordinates": [ -122.391760463900951, 37.793757592350914 ] } },
{ "type": "Feature", "properties": { "id": "g3564", "minutes": 62.0, "lon": -122.48260882126878, "lat": 37.795994208974768 }, "geometry": { "type": "Point", "coordinates": [ -122.482608821268784, 37.795994208974768 ] } },
{ "type": "Feature", "properties": { "id": "g3565", "minutes": 63.0, "lon": -122.48033721970035, "lat": 37.795984211094897 }, "geometry": { "type": "Point", "coordinates": [ -122.480337219700345, 37.795984211094897 ] } },
{ "type": "Feature", "properties": { "id": "g3566", "minutes": 66.0, "lon": -122.47806561925773, "lat": 37.795974169419019 }, "geometry": { "type": "Point", "coordinates": [ -122.478065619257734, 37.795974169419019 ] } },
{ "type": "Feature", "properties": { "id": "g3567", "minutes": 70.0, "lon": -122.47579401994587, "lat": 37.795964083947197 }, "geometry": { "type": "Point", "coordinates": [ -122.475794019945866, 37.795964083947197 ] } },
{ "type": "Feature", "properties": { "id": "g3573", "minutes": 64.0, "lon": -122.46216444809572, "lat": 37.795902651405399 }, "geometry": { "type": "Point", "coordinates": [ -122.46216444809572, 37.795902651405399 ] } },
{ "type": "Feature", "properties": { "id": "g3574", "minutes": 61.0, "lon": -122.4598928568368, "lat": 37.795892259363924 }, "geometry": { "type": "Point", "coordinates": [ -122.459892856836802, 37.795892259363924 ] } },
{ "type": "Feature", "properties": { "id": "g3575", "minutes": 57.0, "lon": -122.45762126674798, "lat": 37.795881823527047 }, "geometry": { "type": "Point", "coordinates": [ -122.457621266747978, 37.795881823527047 ] } },
{ "type": "Feature", "properties": { "id": "g3576", "minutes": 55.0, "lon": -122.45534967783419, "lat": 37.795871343894866 }, "geometry": { "type": "Point", "coordinates": [ -122.455349677834192, 37.795871343894866 ] } },
{ "type": "Feature", "properties": { "id": "g3577", "minutes": 50.0, "lon": -122.45307809010036, "lat": 37.795860820467411 }, "geometry": { "type": "Point", "coordinates": [ -122.453078090100362, 37.795860820467411 ] } },
{ "type": "Feature", "properties": { "id": "g3578", "minutes": 49.0, "lon": -122.45080650355136, "lat": 37.79585025324478 }, "geometry": { "type": "Point", "coordinates": [ -122.450806503551362, 37.79585025324478 ] } },
{ "type": "Feature", "properties": { "id": "g3579", "minutes": 47.0, "lon": -122.44853491819217, "lat": 37.795839642227044 }, "geometry": { "type": "Point", "coordinates": [ -122.448534918192166, 37.795839642227044 ] } },
{ "type": "Feature", "properties": { "id": "g3580", "minutes": 46.0, "lon": -122.44626333402768, "lat": 37.795828987414261 }, "geometry": { "type": "Point", "coordinates": [ -122.446263334027677, 37.795828987414261 ] } },
{ "type": "Feature", "properties": { "id": "g3581", "minutes": 43.0, "lon": -122.4439917510628, "lat": 37.795818288806515 }, "geometry": { "type": "Point", "coordinates": [ -122.443991751062796, 37.795818288806515 ] } },
{ "type": "Feature", "properties": { "id": "g3582", "minutes": 41.0, "lon": -122.44172016930247, "lat": 37.795807546403871 }, "geometry": { "type": "Point", "coordinates": [ -122.441720169302471, 37.795807546403871 ] } },
{ "type": "Feature", "properties": { "id": "g3583", "minutes": 40.0, "lon": -122.4394485887516, "lat": 37.795796760206393 }, "geometry": { "type": "Point", "coordinates": [ -122.439448588751603, 37.795796760206393 ] } },
{ "type": "Feature", "properties": { "id": "g3584", "minutes": 38.0, "lon": -122.43717700941512, "lat": 37.795785930214159 }, "geometry": { "type": "Point", "coordinates": [ -122.437177009415123, 37.795785930214159 ] } },
{ "type": "Feature", "properties": { "id": "g3585", "minutes": 38.0, "lon": -122.43490543129798, "lat": 37.795775056427246 }, "geometry": { "type": "Point", "coordinates": [ -122.434905431297977, 37.795775056427246 ] } },
{ "type": "Feature", "properties": { "id": "g3586", "minutes": 39.0, "lon": -122.43263385440503, "lat": 37.795764138845719 }, "geometry": { "type": "Point", "coordinates": [ -122.432633854405026, 37.795764138845719 ] } },
{ "type": "Feature", "properties": { "id": "g3587", "minutes": 39.0, "lon": -122.43036227874121, "lat": 37.795753177469663 }, "geometry": { "type": "Point", "coordinates": [ -122.430362278741214, 37.795753177469663 ] } },
{ "type": "Feature", "properties": { "id": "g3588", "minutes": 38.0, "lon": -122.42809070431147, "lat": 37.795742172299128 }, "geometry": { "type": "Point", "coordinates": [ -122.428090704311472, 37.795742172299128 ] } },
{ "type": "Feature", "properties": { "id": "g3589", "minutes": 35.0, "lon": -122.4258191311207, "lat": 37.795731123334214 }, "geometry": { "type": "Point", "coordinates": [ -122.425819131120704, 37.795731123334214 ] } },
{ "type": "Feature", "properties": { "id": "g3590", "minutes": 31.0, "lon": -122.42354755917385, "lat": 37.795720030574969 }, "geometry": { "type": "Point", "coordinates": [ -122.423547559173855, 37.795720030574969 ] } },
{ "type": "Feature", "properties": { "id": "g3591", "minutes": 31.0, "lon": -122.42127598847583, "lat": 37.795708894021487 }, "geometry": { "type": "Point", "coordinates": [ -122.421275988475827, 37.795708894021487 ] } },
{ "type": "Feature", "properties": { "id": "g3592", "minutes": 30.0, "lon": -122.41900441903154, "lat": 37.795697713673839 }, "geometry": { "type": "Point", "coordinates": [ -122.419004419031538, 37.795697713673839 ] } },
{ "type": "Feature", "properties": { "id": "g3593", "minutes": 28.0, "lon": -122.41673285084593, "lat": 37.795686489532081 }, "geometry": { "type": "Point", "coordinates": [ -122.416732850845932, 37.795686489532081 ] } },
{ "type": "Feature", "properties": { "id": "g3594", "minutes": 28.0, "lon": -122.4144612839239, "lat": 37.795675221596319 }, "geometry": { "type": "Point", "coordinates": [ -122.414461283923899, 37.795675221596319 ] } },
{ "type": "Feature", "properties": { "id": "g3595", "minutes": 26.0, "lon": -122.41218971827035, "lat": 37.79566390986659 }, "geometry": { "type": "Point", "coordinates": [ -122.412189718270355, 37.79566390986659 ] } },
{ "type": "Feature", "properties": { "id": "g3596", "minutes": 23.0, "lon": -122.40991815389025, "lat": 37.795652554343008 }, "geometry": { "type": "Point", "coordinates": [ -122.409918153890246, 37.795652554343008 ] } },
{ "type": "Feature", "properties": { "id": "g3597", "minutes": 22.0, "lon": -122.40764659078849, "lat": 37.795641155025635 }, "geometry": { "type": "Point", "coordinates": [ -122.407646590788488, 37.795641155025635 ] } },
{ "type": "Feature", "properties": { "id": "g3598", "minutes": 18.0, "lon": -122.40537502896997, "lat": 37.795629711914529 }, "geometry": { "type": "Point", "coordinates": [ -122.405375028969971, 37.795629711914529 ] } },
{ "type": "Feature", "properties": { "id": "g3599", "minutes": 18.0, "lon": -122.40310346843965, "lat": 37.795618225009783 }, "geometry": { "type": "Point", "coordinates": [ -122.403103468439653, 37.795618225009783 ] } },
{ "type": "Feature", "properties": { "id": "g3600", "minutes": 15.0, "lon": -122.40083190920244, "lat": 37.795606694311481 }, "geometry": { "type": "Point", "coordinates": [ -122.400831909202438, 37.795606694311481 ] } },
{ "type": "Feature", "properties": { "id": "g3601", "minutes": 14.0, "lon": -122.39856035126323, "lat": 37.79559511981968 }, "geometry": { "type": "Point", "coordinates": [ -122.398560351263228, 37.79559511981968 ] } },
{ "type": "Feature", "properties": { "id": "g3602", "minutes": 12.0, "lon": -122.39628879462698, "lat": 37.795583501534473 }, "geometry": { "type": "Point", "coordinates": [ -122.396288794626983, 37.795583501534473 ] } },
{ "type": "Feature", "properties": { "id": "g3603", "minutes": 12.0, "lon": -122.39401723929861, "lat": 37.795571839455917 }, "geometry": { "type": "Point", "coordinates": [ -122.394017239298606, 37.795571839455917 ] } },
{ "type": "Feature", "properties": { "id": "g3604", "minutes": 15.0, "lon": -122.391745685283, "lat": 37.795560133584111 }, "geometry": { "type": "Point", "coordinates": [ -122.391745685282999, 37.795560133584111 ] } },
{ "type": "Feature", "properties": { "id": "g3635", "minutes": 66.0, "lon": -122.48259624894996, "lat": 37.797796777672716 }, "geometry": { "type": "Point", "coordinates": [ -122.48259624894996, 37.797796777672716 ] } },
{ "type": "Feature", "properties": { "id": "g3636", "minutes": 66.0, "lon": -122.48032459218889, "lat": 37.797786779147401 }, "geometry": { "type": "Point", "coordinates": [ -122.480324592188893, 37.797786779147401 ] } },
{ "type": "Feature", "properties": { "id": "g3637", "minutes": 65.0, "lon": -122.47805293655377, "lat": 37.797776736823252 }, "geometry": { "type": "Point", "coordinates": [ -122.478052936553766, 37.797776736823252 ] } },
{ "type": "Feature", "properties": { "id": "g3638", "minutes": 68.0, "lon": -122.47578128204948, "lat": 37.797766650700339 }, "geometry": { "type": "Point", "coordinates": [ -122.475781282049482, 37.797766650700339 ] } },
{ "type": "Feature", "properties": { "id": "g3639", "minutes": 69.0, "lon": -122.47350962868099, "lat": 37.797756520778734 }, "geometry": { "type": "Point", "coordinates": [ -122.473509628680986, 37.797756520778734 ] } },
{ "type": "Feature", "properties": { "id": "g3643", "minutes": 66.0, "lon": -122.46442302666304, "lat": 37.797715563106706 }, "geometry": { "type": "Point", "coordinates": [ -122.464423026663042, 37.797715563106706 ] } },
{ "type": "Feature", "properties": { "id": "g3644", "minutes": 64.0, "lon": -122.46215137904721, "lat": 37.797705214192625 }, "geometry": { "type": "Point", "coordinates": [ -122.462151379047214, 37.797705214192625 ] } },
{ "type": "Feature", "properties": { "id": "g3645", "minutes": 59.0, "lon": -122.45987973259665, "lat": 37.79769482148027 }, "geometry": { "type": "Point", "coordinates": [ -122.459879732596647, 37.79769482148027 ] } },
{ "type": "Feature", "properties": { "id": "g3646", "minutes": 56.0, "lon": -122.4576080873163, "lat": 37.797684384969706 }, "geometry": { "type": "Point", "coordinates": [ -122.457608087316302, 37.797684384969706 ] } },
{ "type": "Feature", "properties": { "id": "g3647", "minutes": 52.0, "lon": -122.45533644321111, "lat": 37.797673904660968 }, "geometry": { "type": "Point", "coordinates": [ -122.45533644321111, 37.797673904660968 ] } },
{ "type": "Feature", "properties": { "id": "g3648", "minutes": 51.0, "lon": -122.45306480028594, "lat": 37.797663380554162 }, "geometry": { "type": "Point", "coordinates": [ -122.453064800285944, 37.797663380554162 ] } },
{ "type": "Feature", "properties": { "id": "g3649", "minutes": 47.0, "lon": -122.45079315854576, "lat": 37.797652812649353 }, "geometry": { "type": "Point", "coordinates": [ -122.450793158545764, 37.797652812649353 ] } },
{ "type": "Feature", "properties": { "id": "g3650", "minutes": 46.0, "lon": -122.44852151799549, "lat": 37.797642200946591 }, "geometry": { "type": "Point", "coordinates": [ -122.448521517995488, 37.797642200946591 ] } },
{ "type": "Feature", "properties": { "id": "g3651", "minutes": 43.0, "lon": -122.44624987864003, "lat": 37.797631545445967 }, "geometry": { "type": "Point", "coordinates": [ -122.446249878640032, 37.797631545445967 ] } },
{ "type": "Feature", "properties": { "id": "g3652", "minutes": 44.0, "lon": -122.4439782404843, "lat": 37.797620846147545 }, "geometry": { "type": "Point", "coordinates": [ -122.443978240484299, 37.797620846147545 ] } },
{ "type": "Feature", "properties": { "id": "g3653", "minutes": 42.0, "lon": -122.44170660353322, "lat": 37.797610103051397 }, "geometry": { "type": "Point", "coordinates": [ -122.44170660353322, 37.797610103051397 ] } },
{ "type": "Feature", "properties": { "id": "g3654", "minutes": 40.0, "lon": -122.43943496779174, "lat": 37.797599316157608 }, "geometry": { "type": "Point", "coordinates": [ -122.43943496779174, 37.797599316157608 ] } },
{ "type": "Feature", "properties": { "id": "g3655", "minutes": 39.0, "lon": -122.43716333326475, "lat": 37.797588485466214 }, "geometry": { "type": "Point", "coordinates": [ -122.437163333264749, 37.797588485466214 ] } },
{ "type": "Feature", "properties": { "id": "g3656", "minutes": 38.0, "lon": -122.43489169995718, "lat": 37.797577610977321 }, "geometry": { "type": "Point", "coordinates": [ -122.434891699957177, 37.797577610977321 ] } },
{ "type": "Feature", "properties": { "id": "g3657", "minutes": 38.0, "lon": -122.43262006787397, "lat": 37.797566692690992 }, "geometry": { "type": "Point", "coordinates": [ -122.43262006787397, 37.797566692690992 ] } },
{ "type": "Feature", "properties": { "id": "g3658", "minutes": 37.0, "lon": -122.43034843701999, "lat": 37.797555730607307 }, "geometry": { "type": "Point", "coordinates": [ -122.430348437019987, 37.797555730607307 ] } },
{ "type": "Feature", "properties": { "id": "g3659", "minutes": 36.0, "lon": -122.42807680740022, "lat": 37.797544724726315 }, "geometry": { "type": "Point", "coordinates": [ -122.428076807400217, 37.797544724726315 ] } },
{ "type": "Feature", "properties": { "id": "g3660", "minutes": 35.0, "lon": -122.42580517901952, "lat": 37.797533675048115 }, "geometry": { "type": "Point", "coordinates": [ -122.42580517901952, 37.797533675048115 ] } },
{ "type": "Feature", "properties": { "id": "g3661", "minutes": 32.0, "lon": -122.42353355188287, "lat": 37.79752258157275 }, "geometry": { "type": "Point", "coordinates": [ -122.423533551882869, 37.79752258157275 ] } },
{ "type": "Feature", "properties": { "id": "g3662", "minutes": 33.0, "lon": -122.42126192599515, "lat": 37.797511444300326 }, "geometry": { "type": "Point", "coordinates": [ -122.421261925995154, 37.797511444300326 ] } },
{ "type": "Feature", "properties": { "id": "g3663", "minutes": 31.0, "lon": -122.41899030136129, "lat": 37.797500263230909 }, "geometry": { "type": "Point", "coordinates": [ -122.418990301361291, 37.797500263230909 ] } },
{ "type": "Feature", "properties": { "id": "g3664", "minutes": 31.0, "lon": -122.41671867798621, "lat": 37.797489038364567 }, "geometry": { "type": "Point", "coordinates": [ -122.416718677986211, 37.797489038364567 ] } },
{ "type": "Feature", "properties": { "id": "g3665", "minutes": 29.0, "lon": -122.41444705587486, "lat": 37.797477769701381 }, "geometry": { "type": "Point", "coordinates": [ -122.414447055874859, 37.797477769701381 ] } },
{ "type": "Feature", "properties": { "id": "g3666", "minutes": 26.0, "lon": -122.41217543503211, "lat": 37.797466457241399 }, "geometry": { "type": "Point", "coordinates": [ -122.412175435032111, 37.797466457241399 ] } },
{ "type": "Feature", "properties": { "id": "g3667", "minutes": 23.0, "lon": -122.40990381546291, "lat": 37.797455100984742 }, "geometry": { "type": "Point", "coordinates": [ -122.409903815462911, 37.797455100984742 ] } },
{ "type": "Feature", "properties": { "id": "g3668", "minutes": 20.0, "lon": -122.40763219717218, "lat": 37.797443700931467 }, "geometry": { "type": "Point", "coordinates": [ -122.407632197172177, 37.797443700931467 ] } },
{ "type": "Feature", "properties": { "id": "g3669", "minutes": 18.0, "lon": -122.40536058016482, "lat": 37.797432257081624 }, "geometry": { "type": "Point", "coordinates": [ -122.405360580164825, 37.797432257081624 ] } },
{ "type": "Feature", "properties": { "id": "g3670", "minutes": 19.0, "lon": -122.40308896444577, "lat": 37.797420769435327 }, "geometry": { "type": "Point", "coordinates": [ -122.403088964445772, 37.797420769435327 ] } },
{ "type": "Feature", "properties": { "id": "g3671", "minutes": 17.0, "lon": -122.40081735001996, "lat": 37.797409237992639 }, "geometry": { "type": "Point", "coordinates": [ -122.400817350019963, 37.797409237992639 ] } },
{ "type": "Feature", "properties": { "id": "g3672", "minutes": 17.0, "lon": -122.39854573689227, "lat": 37.797397662753632 }, "geometry": { "type": "Point", "coordinates": [ -122.398545736892274, 37.797397662753632 ] } },
{ "type": "Feature", "properties": { "id": "g3673", "minutes": 15.0, "lon": -122.39627412506765, "lat": 37.797386043718376 }, "geometry": { "type": "Point", "coordinates": [ -122.396274125067649, 37.797386043718376 ] } },
{ "type": "Feature", "properties": { "id": "g3674", "minutes": 16.0, "lon": -122.39400251455105, "lat": 37.797374380886971 }, "geometry": { "type": "Point", "coordinates": [ -122.394002514551048, 37.797374380886971 ] } },
{ "type": "Feature", "properties": { "id": "g3675", "minutes": 15.0, "lon": -122.39173090534733, "lat": 37.797362674259467 }, "geometry": { "type": "Point", "coordinates": [ -122.39173090534733, 37.797362674259467 ] } },
{ "type": "Feature", "properties": { "id": "g3706", "minutes": 70.0, "lon": -122.4825836755101, "lat": 37.79959934581413 }, "geometry": { "type": "Point", "coordinates": [ -122.482583675510099, 37.79959934581413 ] } },
{ "type": "Feature", "properties": { "id": "g3707", "minutes": 68.0, "lon": -122.4803119635515, "lat": 37.799589346643351 }, "geometry": { "type": "Point", "coordinates": [ -122.4803119635515, 37.799589346643351 ] } },
{ "type": "Feature", "properties": { "id": "g3708", "minutes": 64.0, "lon": -122.47804025271894, "lat": 37.799579303670917 }, "geometry": { "type": "Point", "coordinates": [ -122.478040252718941, 37.799579303670917 ] } },
{ "type": "Feature", "properties": { "id": "g3709", "minutes": 64.0, "lon": -122.47576854301735, "lat": 37.79956921689687 }, "geometry": { "type": "Point", "coordinates": [ -122.475768543017352, 37.79956921689687 ] } },
{ "type": "Feature", "properties": { "id": "g3710", "minutes": 66.0, "lon": -122.47349683445162, "lat": 37.799559086321331 }, "geometry": { "type": "Point", "coordinates": [ -122.473496834451623, 37.799559086321331 ] } },
{ "type": "Feature", "properties": { "id": "g3711", "minutes": 69.0, "lon": -122.4712251270267, "lat": 37.799548911944321 }, "geometry": { "type": "Point", "coordinates": [ -122.471225127026699, 37.799548911944321 ] } },
{ "type": "Feature", "properties": { "id": "g3714", "minutes": 63.0, "lon": -122.46441001164592, "lat": 37.799518126005232 }, "geometry": { "type": "Point", "coordinates": [ -122.464410011645924, 37.799518126005232 ] } },
{ "type": "Feature", "properties": { "id": "g3715", "minutes": 61.0, "lon": -122.46213830883339, "lat": 37.79950777642307 }, "geometry": { "type": "Point", "coordinates": [ -122.462138308833389, 37.79950777642307 ] } },
{ "type": "Feature", "properties": { "id": "g3716", "minutes": 58.0, "lon": -122.45986660718629, "lat": 37.7994973830398 }, "geometry": { "type": "Point", "coordinates": [ -122.459866607186285, 37.7994973830398 ] } },
{ "type": "Feature", "properties": { "id": "g3717", "minutes": 54.0, "lon": -122.45759490670947, "lat": 37.799486945855477 }, "geometry": { "type": "Point", "coordinates": [ -122.457594906709474, 37.799486945855477 ] } },
{ "type": "Feature", "properties": { "id": "g3718", "minutes": 53.0, "lon": -122.45532320740793, "lat": 37.799476464870182 }, "geometry": { "type": "Point", "coordinates": [ -122.455323207407929, 37.799476464870182 ] } },
{ "type": "Feature", "properties": { "id": "g3719", "minutes": 48.0, "lon": -122.45305150928657, "lat": 37.799465940083984 }, "geometry": { "type": "Point", "coordinates": [ -122.453051509286567, 37.799465940083984 ] } },
{ "type": "Feature", "properties": { "id": "g3720", "minutes": 47.0, "lon": -122.45077981235028, "lat": 37.799455371496947 }, "geometry": { "type": "Point", "coordinates": [ -122.450779812350277, 37.799455371496947 ] } },
{ "type": "Feature", "properties": { "id": "g3721", "minutes": 45.0, "lon": -122.44850811660399, "lat": 37.799444759109143 }, "geometry": { "type": "Point", "coordinates": [ -122.448508116603989, 37.799444759109143 ] } },
{ "type": "Feature", "properties": { "id": "g3722", "minutes": 43.0, "lon": -122.44623642205262, "lat": 37.79943410292065 }, "geometry": { "type": "Point", "coordinates": [ -122.446236422052621, 37.79943410292065 ] } },
{ "type": "Feature", "properties": { "id": "g3723", "minutes": 43.0, "lon": -122.44396472870112, "lat": 37.799423402931517 }, "geometry": { "type": "Point", "coordinates": [ -122.443964728701118, 37.799423402931517 ] } },
{ "type": "Feature", "properties": { "id": "g3724", "minutes": 43.0, "lon": -122.44169303655441, "lat": 37.799412659141851 }, "geometry": { "type": "Point", "coordinates": [ -122.441693036554412, 37.799412659141851 ] } },
{ "type": "Feature", "properties": { "id": "g3725", "minutes": 40.0, "lon": -122.43942134561739, "lat": 37.799401871551687 }, "geometry": { "type": "Point", "coordinates": [ -122.43942134561739, 37.799401871551687 ] } },
{ "type": "Feature", "properties": { "id": "g3726", "minutes": 41.0, "lon": -122.43714965589497, "lat": 37.799391040161119 }, "geometry": { "type": "Point", "coordinates": [ -122.43714965589497, 37.799391040161119 ] } },
{ "type": "Feature", "properties": { "id": "g3727", "minutes": 40.0, "lon": -122.43487796739208, "lat": 37.799380164970209 }, "geometry": { "type": "Point", "coordinates": [ -122.434877967392083, 37.799380164970209 ] } },
{ "type": "Feature", "properties": { "id": "g3728", "minutes": 40.0, "lon": -122.43260628011366, "lat": 37.799369245979044 }, "geometry": { "type": "Point", "coordinates": [ -122.43260628011366, 37.799369245979044 ] } },
{ "type": "Feature", "properties": { "id": "g3729", "minutes": 39.0, "lon": -122.4303345940646, "lat": 37.799358283187679 }, "geometry": { "type": "Point", "coordinates": [ -122.430334594064604, 37.799358283187679 ] } },
{ "type": "Feature", "properties": { "id": "g3730", "minutes": 37.0, "lon": -122.42806290924986, "lat": 37.799347276596194 }, "geometry": { "type": "Point", "coordinates": [ -122.42806290924986, 37.799347276596194 ] } },
{ "type": "Feature", "properties": { "id": "g3731", "minutes": 35.0, "lon": -122.42579122567432, "lat": 37.799336226204666 }, "geometry": { "type": "Point", "coordinates": [ -122.425791225674317, 37.799336226204666 ] } },
{ "type": "Feature", "properties": { "id": "g3732", "minutes": 33.0, "lon": -122.42351954334292, "lat": 37.799325132013173 }, "geometry": { "type": "Point", "coordinates": [ -122.42351954334292, 37.799325132013173 ] } },
{ "type": "Feature", "properties": { "id": "g3733", "minutes": 32.0, "lon": -122.4212478622606, "lat": 37.79931399402178 }, "geometry": { "type": "Point", "coordinates": [ -122.4212478622606, 37.79931399402178 ] } },
{ "type": "Feature", "properties": { "id": "g3734", "minutes": 30.0, "lon": -122.41897618243226, "lat": 37.79930281223055 }, "geometry": { "type": "Point", "coordinates": [ -122.41897618243226, 37.79930281223055 ] } },
{ "type": "Feature", "properties": { "id": "g3735", "minutes": 29.0, "lon": -122.4167045038628, "lat": 37.799291586639576 }, "geometry": { "type": "Point", "coordinates": [ -122.416704503862803, 37.799291586639576 ] } },
{ "type": "Feature", "properties": { "id": "g3736", "minutes": 27.0, "lon": -122.41443282655719, "lat": 37.799280317248922 }, "geometry": { "type": "Point", "coordinates": [ -122.414432826557189, 37.799280317248922 ] } },
{ "type": "Feature", "properties": { "id": "g3737", "minutes": 25.0, "lon": -122.4121611505203, "lat": 37.799269004058679 }, "geometry": { "type": "Point", "coordinates": [ -122.412161150520305, 37.799269004058679 ] } },
{ "type": "Feature", "properties": { "id": "g3738", "minutes": 22.0, "lon": -122.4098894757571, "lat": 37.799257647068906 }, "geometry": { "type": "Point", "coordinates": [ -122.409889475757097, 37.799257647068906 ] } },
{ "type": "Feature", "properties": { "id": "g3739", "minutes": 21.0, "lon": -122.40761780227247, "lat": 37.799246246279687 }, "geometry": { "type": "Point", "coordinates": [ -122.407617802272469, 37.799246246279687 ] } },
{ "type": "Feature", "properties": { "id": "g3740", "minutes": 21.0, "lon": -122.40534613007134, "lat": 37.799234801691092 }, "geometry": { "type": "Point", "coordinates": [ -122.405346130071337, 37.799234801691092 ] } },
{ "type": "Feature", "properties": { "id": "g3741", "minutes": 23.0, "lon": -122.40307445915865, "lat": 37.799223313303195 }, "geometry": { "type": "Point", "coordinates": [ -122.403074459158645, 37.799223313303195 ] } },
{ "type": "Feature", "properties": { "id": "g3742", "minutes": 23.0, "lon": -122.4008027895393, "lat": 37.799211781116085 }, "geometry": { "type": "Point", "coordinates": [ -122.400802789539298, 37.799211781116085 ] } },
{ "type": "Feature", "properties": { "id": "g3743", "minutes": 20.0, "lon": -122.39853112121823, "lat": 37.799200205129829 }, "geometry": { "type": "Point", "coordinates": [ -122.398531121218227, 37.799200205129829 ] } },
{ "type": "Feature", "properties": { "id": "g3744", "minutes": 20.0, "lon": -122.39625945420035, "lat": 37.799188585344503 }, "geometry": { "type": "Point", "coordinates": [ -122.396259454200347, 37.799188585344503 ] } },
{ "type": "Feature", "properties": { "id": "g3745", "minutes": 20.0, "lon": -122.39398778849056, "lat": 37.799176921760193 }, "geometry": { "type": "Point", "coordinates": [ -122.393987788490563, 37.799176921760193 ] } },
{ "type": "Feature", "properties": { "id": "g3778", "minutes": 69.0, "lon": -122.48029933378807, "lat": 37.801391913582762 }, "geometry": { "type": "Point", "coordinates": [ -122.480299333788068, 37.801391913582762 ] } },
{ "type": "Feature", "properties": { "id": "g3779", "minutes": 61.0, "lon": -122.47802756775319, "lat": 37.801381869961993 }, "geometry": { "type": "Point", "coordinates": [ -122.478027567753188, 37.801381869961993 ] } },
{ "type": "Feature", "properties": { "id": "g3780", "minutes": 60.0, "lon": -122.47575580284932, "lat": 37.801371782536819 }, "geometry": { "type": "Point", "coordinates": [ -122.475755802849321, 37.801371782536819 ] } },
{ "type": "Feature", "properties": { "id": "g3781", "minutes": 62.0, "lon": -122.47348403908146, "lat": 37.801361651307282 }, "geometry": { "type": "Point", "coordinates": [ -122.473484039081455, 37.801361651307282 ] } },
{ "type": "Feature", "properties": { "id": "g3782", "minutes": 65.0, "lon": -122.47121227645449, "lat": 37.801351476273467 }, "geometry": { "type": "Point", "coordinates": [ -122.471212276454494, 37.801351476273467 ] } },
{ "type": "Feature", "properties": { "id": "g3783", "minutes": 67.0, "lon": -122.46894051497338, "lat": 37.801341257435425 }, "geometry": { "type": "Point", "coordinates": [ -122.468940514973383, 37.801341257435425 ] } },
{ "type": "Feature", "properties": { "id": "g3784", "minutes": 65.0, "lon": -122.46666875464301, "lat": 37.801330994793247 }, "geometry": { "type": "Point", "coordinates": [ -122.46666875464301, 37.801330994793247 ] } },
{ "type": "Feature", "properties": { "id": "g3785", "minutes": 62.0, "lon": -122.46439699546829, "lat": 37.801320688346976 }, "geometry": { "type": "Point", "coordinates": [ -122.464396995468292, 37.801320688346976 ] } },
{ "type": "Feature", "properties": { "id": "g3786", "minutes": 58.0, "lon": -122.46212523745417, "lat": 37.801310338096712 }, "geometry": { "type": "Point", "coordinates": [ -122.462125237454174, 37.801310338096712 ] } },
{ "type": "Feature", "properties": { "id": "g3787", "minutes": 56.0, "lon": -122.45985348060557, "lat": 37.801299944042498 }, "geometry": { "type": "Point", "coordinates": [ -122.459853480605574, 37.801299944042498 ] } },
{ "type": "Feature", "properties": { "id": "g3788", "minutes": 52.0, "lon": -122.45758172492741, "lat": 37.801289506184403 }, "geometry": { "type": "Point", "coordinates": [ -122.457581724927408, 37.801289506184403 ] } },
{ "type": "Feature", "properties": { "id": "g3789", "minutes": 50.0, "lon": -122.45530997042461, "lat": 37.801279024522508 }, "geometry": { "type": "Point", "coordinates": [ -122.455309970424608, 37.801279024522508 ] } },
{ "type": "Feature", "properties": { "id": "g3790", "minutes": 50.0, "lon": -122.45303821710209, "lat": 37.801268499056874 }, "geometry": { "type": "Point", "coordinates": [ -122.45303821710209, 37.801268499056874 ] } },
{ "type": "Feature", "properties": { "id": "g3791", "minutes": 48.0, "lon": -122.45076646496474, "lat": 37.801257929787582 }, "geometry": { "type": "Point", "coordinates": [ -122.450766464964744, 37.801257929787582 ] } },
{ "type": "Feature", "properties": { "id": "g3792", "minutes": 46.0, "lon": -122.44849471401754, "lat": 37.801247316714701 }, "geometry": { "type": "Point", "coordinates": [ -122.448494714017542, 37.801247316714701 ] } },
{ "type": "Feature", "properties": { "id": "g3793", "minutes": 44.0, "lon": -122.44622296426539, "lat": 37.801236659838295 }, "geometry": { "type": "Point", "coordinates": [ -122.446222964265388, 37.801236659838295 ] } },
{ "type": "Feature", "properties": { "id": "g3794", "minutes": 44.0, "lon": -122.4439512157132, "lat": 37.80122595915843 }, "geometry": { "type": "Point", "coordinates": [ -122.443951215713199, 37.80122595915843 ] } },
{ "type": "Feature", "properties": { "id": "g3795", "minutes": 45.0, "lon": -122.4416794683659, "lat": 37.801215214675203 }, "geometry": { "type": "Point", "coordinates": [ -122.441679468365905, 37.801215214675203 ] } },
{ "type": "Feature", "properties": { "id": "g3796", "minutes": 42.0, "lon": -122.43940772222838, "lat": 37.801204426388651 }, "geometry": { "type": "Point", "coordinates": [ -122.439407722228381, 37.801204426388651 ] } },
{ "type": "Feature", "properties": { "id": "g3797", "minutes": 41.0, "lon": -122.43713597730564, "lat": 37.801193594298859 }, "geometry": { "type": "Point", "coordinates": [ -122.437135977305644, 37.801193594298859 ] } },
{ "type": "Feature", "properties": { "id": "g3798", "minutes": 39.0, "lon": -122.43486423360253, "lat": 37.801182718405904 }, "geometry": { "type": "Point", "coordinates": [ -122.434864233602525, 37.801182718405904 ] } },
{ "type": "Feature", "properties": { "id": "g3799", "minutes": 40.0, "lon": -122.43259249112397, "lat": 37.801171798709859 }, "geometry": { "type": "Point", "coordinates": [ -122.43259249112397, 37.801171798709859 ] } },
{ "type": "Feature", "properties": { "id": "g3800", "minutes": 40.0, "lon": -122.43032074987491, "lat": 37.801160835210801 }, "geometry": { "type": "Point", "coordinates": [ -122.430320749874909, 37.801160835210801 ] } },
{ "type": "Feature", "properties": { "id": "g3801", "minutes": 37.0, "lon": -122.42804900986027, "lat": 37.801149827908787 }, "geometry": { "type": "Point", "coordinates": [ -122.428049009860274, 37.801149827908787 ] } },
{ "type": "Feature", "properties": { "id": "g3802", "minutes": 36.0, "lon": -122.42577727108497, "lat": 37.80113877680391 }, "geometry": { "type": "Point", "coordinates": [ -122.425777271084968, 37.80113877680391 ] } },
{ "type": "Feature", "properties": { "id": "g3803", "minutes": 35.0, "lon": -122.42350553355394, "lat": 37.801127681896226 }, "geometry": { "type": "Point", "coordinates": [ -122.423505533553936, 37.801127681896226 ] } },
{ "type": "Feature", "properties": { "id": "g3804", "minutes": 34.0, "lon": -122.42123379727207, "lat": 37.801116543185813 }, "geometry": { "type": "Point", "coordinates": [ -122.421233797272066, 37.801116543185813 ] } },
{ "type": "Feature", "properties": { "id": "g3805", "minutes": 32.0, "lon": -122.4189620622443, "lat": 37.80110536067275 }, "geometry": { "type": "Point", "coordinates": [ -122.418962062244304, 37.80110536067275 ] } },
{ "type": "Feature", "properties": { "id": "g3806", "minutes": 31.0, "lon": -122.41669032847558, "lat": 37.801094134357122 }, "geometry": { "type": "Point", "coordinates": [ -122.416690328475582, 37.801094134357122 ] } },
{ "type": "Feature", "properties": { "id": "g3807", "minutes": 27.0, "lon": -122.41441859597079, "lat": 37.801082864238978 }, "geometry": { "type": "Point", "coordinates": [ -122.414418595970787, 37.801082864238978 ] } },
{ "type": "Feature", "properties": { "id": "g3808", "minutes": 23.0, "lon": -122.41214686473486, "lat": 37.801071550318412 }, "geometry": { "type": "Point", "coordinates": [ -122.412146864734865, 37.801071550318412 ] } },
{ "type": "Feature", "properties": { "id": "g3809", "minutes": 22.0, "lon": -122.4098751347727, "lat": 37.8010601925955 }, "geometry": { "type": "Point", "coordinates": [ -122.409875134772705, 37.8010601925955 ] } },
{ "type": "Feature", "properties": { "id": "g3810", "minutes": 24.0, "lon": -122.40760340608927, "lat": 37.801048791070308 }, "geometry": { "type": "Point", "coordinates": [ -122.407603406089265, 37.801048791070308 ] } },
{ "type": "Feature", "properties": { "id": "g3811", "minutes": 26.0, "lon": -122.40533167868946, "lat": 37.801037345742905 }, "geometry": { "type": "Point", "coordinates": [ -122.405331678689464, 37.801037345742905 ] } },
{ "type": "Feature", "properties": { "id": "g3812", "minutes": 26.0, "lon": -122.40305995257819, "lat": 37.801025856613386 }, "geometry": { "type": "Point", "coordinates": [ -122.403059952578189, 37.801025856613386 ] } },
{ "type": "Feature", "properties": { "id": "g3813", "minutes": 25.0, "lon": -122.40078822776042, "lat": 37.801014323681819 }, "geometry": { "type": "Point", "coordinates": [ -122.400788227760415, 37.801014323681819 ] } },
{ "type": "Feature", "properties": { "id": "g3814", "minutes": 23.0, "lon": -122.39851650424102, "lat": 37.801002746948278 }, "geometry": { "type": "Point", "coordinates": [ -122.398516504241016, 37.801002746948278 ] } },
{ "type": "Feature", "properties": { "id": "g3815", "minutes": 26.0, "lon": -122.39624478202492, "lat": 37.800991126412853 }, "geometry": { "type": "Point", "coordinates": [ -122.396244782024922, 37.800991126412853 ] } },
{ "type": "Feature", "properties": { "id": "g3816", "minutes": 23.0, "lon": -122.39397306111707, "lat": 37.800979462075595 }, "geometry": { "type": "Point", "coordinates": [ -122.393973061117066, 37.800979462075595 ] } },
{ "type": "Feature", "properties": { "id": "g3849", "minutes": 63.0, "lon": -122.48028670289851, "lat": 37.803194479965612 }, "geometry": { "type": "Point", "coordinates": [ -122.48028670289851, 37.803194479965612 ] } },
{ "type": "Feature", "properties": { "id": "g3850", "minutes": 58.0, "lon": -122.47801488165632, "lat": 37.803184435696494 }, "geometry": { "type": "Point", "coordinates": [ -122.478014881656321, 37.803184435696494 ] } },
{ "type": "Feature", "properties": { "id": "g3851", "minutes": 57.0, "lon": -122.47574306154532, "lat": 37.803174347620129 }, "geometry": { "type": "Point", "coordinates": [ -122.475743061545316, 37.803174347620129 ] } },
{ "type": "Feature", "properties": { "id": "g3852", "minutes": 59.0, "lon": -122.4734712425704, "lat": 37.803164215736579 }, "geometry": { "type": "Point", "coordinates": [ -122.473471242570398, 37.803164215736579 ] } },
{ "type": "Feature", "properties": { "id": "g3853", "minutes": 62.0, "lon": -122.47119942473648, "lat": 37.803154040045932 }, "geometry": { "type": "Point", "coordinates": [ -122.471199424736483, 37.803154040045932 ] } },
{ "type": "Feature", "properties": { "id": "g3854", "minutes": 63.0, "lon": -122.46892760804852, "lat": 37.803143820548215 }, "geometry": { "type": "Point", "coordinates": [ -122.468927608048517, 37.803143820548215 ] } },
{ "type": "Feature", "properties": { "id": "g3855", "minutes": 62.0, "lon": -122.4666557925114, "lat": 37.803133557243534 }, "geometry": { "type": "Point", "coordinates": [ -122.466655792511403, 37.803133557243534 ] } },
{ "type": "Feature", "properties": { "id": "g3856", "minutes": 60.0, "lon": -122.46438397813007, "lat": 37.803123250131961 }, "geometry": { "type": "Point", "coordinates": [ -122.464383978130073, 37.803123250131961 ] } },
{ "type": "Feature", "properties": { "id": "g3857", "minutes": 56.0, "lon": -122.46211216490944, "lat": 37.803112899213531 }, "geometry": { "type": "Point", "coordinates": [ -122.462112164909442, 37.803112899213531 ] } },
{ "type": "Feature", "properties": { "id": "g3858", "minutes": 52.0, "lon": -122.45984035285444, "lat": 37.803102504488344 }, "geometry": { "type": "Point", "coordinates": [ -122.459840352854442, 37.803102504488344 ] } },
{ "type": "Feature", "properties": { "id": "g3859", "minutes": 53.0, "lon": -122.45756854196999, "lat": 37.803092065956449 }, "geometry": { "type": "Point", "coordinates": [ -122.457568541969991, 37.803092065956449 ] } },
{ "type": "Feature", "properties": { "id": "g3860", "minutes": 49.0, "lon": -122.455296732261, "lat": 37.803081583617917 }, "geometry": { "type": "Point", "coordinates": [ -122.455296732261004, 37.803081583617917 ] } },
{ "type": "Feature", "properties": { "id": "g3861", "minutes": 51.0, "lon": -122.4530249237324, "lat": 37.803071057472842 }, "geometry": { "type": "Point", "coordinates": [ -122.4530249237324, 37.803071057472842 ] } },
{ "type": "Feature", "properties": { "id": "g3862", "minutes": 50.0, "lon": -122.45075311638914, "lat": 37.80306048752125 }, "geometry": { "type": "Point", "coordinates": [ -122.450753116389137, 37.80306048752125 ] } },
{ "type": "Feature", "properties": { "id": "g3863", "minutes": 48.0, "lon": -122.44848131023608, "lat": 37.80304987376325 }, "geometry": { "type": "Point", "coordinates": [ -122.448481310236076, 37.80304987376325 ] } },
{ "type": "Feature", "properties": { "id": "g3864", "minutes": 46.0, "lon": -122.44620950527819, "lat": 37.803039216198897 }, "geometry": { "type": "Point", "coordinates": [ -122.44620950527819, 37.803039216198897 ] } },
{ "type": "Feature", "properties": { "id": "g3865", "minutes": 47.0, "lon": -122.44393770152038, "lat": 37.80302851482827 }, "geometry": { "type": "Point", "coordinates": [ -122.443937701520383, 37.80302851482827 ] } },
{ "type": "Feature", "properties": { "id": "g3866", "minutes": 47.0, "lon": -122.44166589896756, "lat": 37.80301776965144 }, "geometry": { "type": "Point", "coordinates": [ -122.441665898967557, 37.80301776965144 ] } },
{ "type": "Feature", "properties": { "id": "g3867", "minutes": 45.0, "lon": -122.43939409762467, "lat": 37.803006980668464 }, "geometry": { "type": "Point", "coordinates": [ -122.439394097624671, 37.803006980668464 ] } },
{ "type": "Feature", "properties": { "id": "g3868", "minutes": 42.0, "lon": -122.43712229749666, "lat": 37.802996147879426 }, "geometry": { "type": "Point", "coordinates": [ -122.437122297496657, 37.802996147879426 ] } },
{ "type": "Feature", "properties": { "id": "g3869", "minutes": 43.0, "lon": -122.43485049858836, "lat": 37.802985271284399 }, "geometry": { "type": "Point", "coordinates": [ -122.434850498588361, 37.802985271284399 ] } },
{ "type": "Feature", "properties": { "id": "g3870", "minutes": 42.0, "lon": -122.43257870090477, "lat": 37.802974350883446 }, "geometry": { "type": "Point", "coordinates": [ -122.43257870090477, 37.802974350883446 ] } },
{ "type": "Feature", "properties": { "id": "g3871", "minutes": 40.0, "lon": -122.4303069044508, "lat": 37.802963386676652 }, "geometry": { "type": "Point", "coordinates": [ -122.430306904450802, 37.802963386676652 ] } },
{ "type": "Feature", "properties": { "id": "g3872", "minutes": 37.0, "lon": -122.42803510923137, "lat": 37.802952378664074 }, "geometry": { "type": "Point", "coordinates": [ -122.428035109231374, 37.802952378664074 ] } },
{ "type": "Feature", "properties": { "id": "g3873", "minutes": 35.0, "lon": -122.42576331525137, "lat": 37.802941326845804 }, "geometry": { "type": "Point", "coordinates": [ -122.425763315251373, 37.802941326845804 ] } },
{ "type": "Feature", "properties": { "id": "g3874", "minutes": 35.0, "lon": -122.42349152251577, "lat": 37.8029302312219 }, "geometry": { "type": "Point", "coordinates": [ -122.423491522515775, 37.8029302312219 ] } },
{ "type": "Feature", "properties": { "id": "g3875", "minutes": 35.0, "lon": -122.42121973102945, "lat": 37.802919091792461 }, "geometry": { "type": "Point", "coordinates": [ -122.421219731029453, 37.802919091792461 ] } },
{ "type": "Feature", "properties": { "id": "g3876", "minutes": 32.0, "lon": -122.41894794079737, "lat": 37.802907908557522 }, "geometry": { "type": "Point", "coordinates": [ -122.418947940797366, 37.802907908557522 ] } },
{ "type": "Feature", "properties": { "id": "g3877", "minutes": 29.0, "lon": -122.41667615182439, "lat": 37.80289668151719 }, "geometry": { "type": "Point", "coordinates": [ -122.41667615182439, 37.80289668151719 ] } },
{ "type": "Feature", "properties": { "id": "g3878", "minutes": 25.0, "lon": -122.4144043641155, "lat": 37.802885410671522 }, "geometry": { "type": "Point", "coordinates": [ -122.414404364115498, 37.802885410671522 ] } },
{ "type": "Feature", "properties": { "id": "g3879", "minutes": 22.0, "lon": -122.41213257767559, "lat": 37.802874096020595 }, "geometry": { "type": "Point", "coordinates": [ -122.412132577675592, 37.802874096020595 ] } },
{ "type": "Feature", "properties": { "id": "g3880", "minutes": 23.0, "lon": -122.4098607925096, "lat": 37.802862737564503 }, "geometry": { "type": "Point", "coordinates": [ -122.409860792509605, 37.802862737564503 ] } },
{ "type": "Feature", "properties": { "id": "g3881", "minutes": 27.0, "lon": -122.40758900862244, "lat": 37.802851335303295 }, "geometry": { "type": "Point", "coordinates": [ -122.407589008622438, 37.802851335303295 ] } },
{ "type": "Feature", "properties": { "id": "g3882", "minutes": 29.0, "lon": -122.40531722601902, "lat": 37.80283988923707 }, "geometry": { "type": "Point", "coordinates": [ -122.405317226019022, 37.80283988923707 ] } },
{ "type": "Feature", "properties": { "id": "g3883", "minutes": 29.0, "lon": -122.40304544470426, "lat": 37.802828399365879 }, "geometry": { "type": "Point", "coordinates": [ -122.403045444704262, 37.802828399365879 ] } },
{ "type": "Feature", "properties": { "id": "g3884", "minutes": 26.0, "lon": -122.4007736646831, "lat": 37.80281686568982 }, "geometry": { "type": "Point", "coordinates": [ -122.400773664683101, 37.80281686568982 ] } },
{ "type": "Feature", "properties": { "id": "g3885", "minutes": 25.0, "lon": -122.39850188596047, "lat": 37.802805288208965 }, "geometry": { "type": "Point", "coordinates": [ -122.398501885960471, 37.802805288208965 ] } },
{ "type": "Feature", "properties": { "id": "g3886", "minutes": 29.0, "lon": -122.39623010854126, "lat": 37.802793666923399 }, "geometry": { "type": "Point", "coordinates": [ -122.396230108541261, 37.802793666923399 ] } },
{ "type": "Feature", "properties": { "id": "g3920", "minutes": 57.0, "lon": -122.48027407088271, "lat": 37.804997045791886 }, "geometry": { "type": "Point", "coordinates": [ -122.480274070882714, 37.804997045791886 ] } },
{ "type": "Feature", "properties": { "id": "g3921", "minutes": 55.0, "lon": -122.47800219442833, "lat": 37.804987000874384 }, "geometry": { "type": "Point", "coordinates": [ -122.478002194428328, 37.804987000874384 ] } },
{ "type": "Feature", "properties": { "id": "g3922", "minutes": 56.0, "lon": -122.47573031910522, "lat": 37.804976912146799 }, "geometry": { "type": "Point", "coordinates": [ -122.475730319105224, 37.804976912146799 ] } },
{ "type": "Feature", "properties": { "id": "g3923", "minutes": 57.0, "lon": -122.47345844491832, "lat": 37.804966779609209 }, "geometry": { "type": "Point", "coordinates": [ -122.473458444918322, 37.804966779609209 ] } },
{ "type": "Feature", "properties": { "id": "g3924", "minutes": 59.0, "lon": -122.47118657187254, "lat": 37.804956603261694 }, "geometry": { "type": "Point", "coordinates": [ -122.471186571872536, 37.804956603261694 ] } },
{ "type": "Feature", "properties": { "id": "g3925", "minutes": 66.0, "lon": -122.4689146999728, "lat": 37.804946383104287 }, "geometry": { "type": "Point", "coordinates": [ -122.4689146999728, 37.804946383104287 ] } },
{ "type": "Feature", "properties": { "id": "g3926", "minutes": 65.0, "lon": -122.46664282922403, "lat": 37.804936119137075 }, "geometry": { "type": "Point", "coordinates": [ -122.466642829224028, 37.804936119137075 ] } },
{ "type": "Feature", "properties": { "id": "g3927", "minutes": 61.0, "lon": -122.46437095963115, "lat": 37.804925811360143 }, "geometry": { "type": "Point", "coordinates": [ -122.464370959631154, 37.804925811360143 ] } },
{ "type": "Feature", "properties": { "id": "g3928", "minutes": 58.0, "lon": -122.46209909119909, "lat": 37.804915459773532 }, "geometry": { "type": "Point", "coordinates": [ -122.462099091199093, 37.804915459773532 ] } },
{ "type": "Feature", "properties": { "id": "g3929", "minutes": 58.0, "lon": -122.45982722393278, "lat": 37.80490506437733 }, "geometry": { "type": "Point", "coordinates": [ -122.459827223932777, 37.80490506437733 ] } },
{ "type": "Feature", "properties": { "id": "g3930", "minutes": 59.0, "lon": -122.45755535783709, "lat": 37.804894625171592 }, "geometry": { "type": "Point", "coordinates": [ -122.457555357837094, 37.804894625171592 ] } },
{ "type": "Feature", "properties": { "id": "g3931", "minutes": 55.0, "lon": -122.455283492917, "lat": 37.804884142156403 }, "geometry": { "type": "Point", "coordinates": [ -122.455283492917005, 37.804884142156403 ] } },
{ "type": "Feature", "properties": { "id": "g3932", "minutes": 52.0, "lon": -122.45301162917741, "lat": 37.804873615331829 }, "geometry": { "type": "Point", "coordinates": [ -122.453011629177411, 37.804873615331829 ] } },
{ "type": "Feature", "properties": { "id": "g3933", "minutes": 51.0, "lon": -122.45073976662326, "lat": 37.804863044697925 }, "geometry": { "type": "Point", "coordinates": [ -122.450739766623258, 37.804863044697925 ] } },
{ "type": "Feature", "properties": { "id": "g3934", "minutes": 48.0, "lon": -122.44846790525943, "lat": 37.804852430254783 }, "geometry": { "type": "Point", "coordinates": [ -122.448467905259434, 37.804852430254783 ] } },
{ "type": "Feature", "properties": { "id": "g3935", "minutes": 48.0, "lon": -122.44619604509091, "lat": 37.804841772002462 }, "geometry": { "type": "Point", "coordinates": [ -122.446196045090915, 37.804841772002462 ] } },
{ "type": "Feature", "properties": { "id": "g3936", "minutes": 48.0, "lon": -122.44392418612256, "lat": 37.804831069941024 }, "geometry": { "type": "Point", "coordinates": [ -122.443924186122558, 37.804831069941024 ] } },
{ "type": "Feature", "properties": { "id": "g3937", "minutes": 49.0, "lon": -122.44165232835932, "lat": 37.804820324070555 }, "geometry": { "type": "Point", "coordinates": [ -122.441652328359325, 37.804820324070555 ] } },
{ "type": "Feature", "properties": { "id": "g3938", "minutes": 49.0, "lon": -122.43938047180613, "lat": 37.804809534391126 }, "geometry": { "type": "Point", "coordinates": [ -122.439380471806132, 37.804809534391126 ] } },
{ "type": "Feature", "properties": { "id": "g3939", "minutes": 45.0, "lon": -122.43710861646788, "lat": 37.804798700902793 }, "geometry": { "type": "Point", "coordinates": [ -122.437108616467881, 37.804798700902793 ] } },
{ "type": "Feature", "properties": { "id": "g3940", "minutes": 46.0, "lon": -122.43483676234955, "lat": 37.804787823605658 }, "geometry": { "type": "Point", "coordinates": [ -122.434836762349548, 37.804787823605658 ] } },
{ "type": "Feature", "properties": { "id": "g3941", "minutes": 44.0, "lon": -122.43256490945598, "lat": 37.804776902499768 }, "geometry": { "type": "Point", "coordinates": [ -122.432564909455976, 37.804776902499768 ] } },
{ "type": "Feature", "properties": { "id": "g3942", "minutes": 42.0, "lon": -122.43029305779216, "lat": 37.804765937585216 }, "geometry": { "type": "Point", "coordinates": [ -122.430293057792156, 37.804765937585216 ] } },
{ "type": "Feature", "properties": { "id": "g3943", "minutes": 39.0, "lon": -122.42802120736302, "lat": 37.804754928862039 }, "geometry": { "type": "Point", "coordinates": [ -122.428021207363017, 37.804754928862039 ] } },
{ "type": "Feature", "properties": { "id": "g3944", "minutes": 35.0, "lon": -122.42574935817341, "lat": 37.804743876330349 }, "geometry": { "type": "Point", "coordinates": [ -122.425749358173405, 37.804743876330349 ] } },
{ "type": "Feature", "properties": { "id": "g3945", "minutes": 33.0, "lon": -122.4234775102283, "lat": 37.804732779990189 }, "geometry": { "type": "Point", "coordinates": [ -122.423477510228295, 37.804732779990189 ] } },
{ "type": "Feature", "properties": { "id": "g3946", "minutes": 33.0, "lon": -122.4212056635326, "lat": 37.804721639841659 }, "geometry": { "type": "Point", "coordinates": [ -122.421205663532604, 37.804721639841659 ] } },
{ "type": "Feature", "properties": { "id": "g3947", "minutes": 31.0, "lon": -122.41893381809126, "lat": 37.804710455884816 }, "geometry": { "type": "Point", "coordinates": [ -122.418933818091261, 37.804710455884816 ] } },
{ "type": "Feature", "properties": { "id": "g3948", "minutes": 28.0, "lon": -122.41666197390917, "lat": 37.804699228119752 }, "geometry": { "type": "Point", "coordinates": [ -122.416661973909171, 37.804699228119752 ] } },
{ "type": "Feature", "properties": { "id": "g3949", "minutes": 26.0, "lon": -122.41439013099126, "lat": 37.804687956546523 }, "geometry": { "type": "Point", "coordinates": [ -122.414390130991265, 37.804687956546523 ] } },
{ "type": "Feature", "properties": { "id": "g3950", "minutes": 22.0, "lon": -122.41211828934246, "lat": 37.804676641165216 }, "geometry": { "type": "Point", "coordinates": [ -122.412118289342459, 37.804676641165216 ] } },
{ "type": "Feature", "properties": { "id": "g3951", "minutes": 25.0, "lon": -122.40984644896768, "lat": 37.804665281975907 }, "geometry": { "type": "Point", "coordinates": [ -122.409846448967684, 37.804665281975907 ] } },
{ "type": "Feature", "properties": { "id": "g3952", "minutes": 28.0, "lon": -122.40757460987186, "lat": 37.804653878978655 }, "geometry": { "type": "Point", "coordinates": [ -122.407574609871858, 37.804653878978655 ] } },
{ "type": "Feature", "properties": { "id": "g3953", "minutes": 27.0, "lon": -122.4053027720599, "lat": 37.804642432173559 }, "geometry": { "type": "Point", "coordinates": [ -122.405302772059898, 37.804642432173559 ] } },
{ "type": "Feature", "properties": { "id": "g3954", "minutes": 27.0, "lon": -122.40303093553675, "lat": 37.804630941560674 }, "geometry": { "type": "Point", "coordinates": [ -122.403030935536748, 37.804630941560674 ] } },
{ "type": "Feature", "properties": { "id": "g3955", "minutes": 29.0, "lon": -122.40075910030731, "lat": 37.804619407140095 }, "geometry": { "type": "Point", "coordinates": [ -122.400759100307312, 37.804619407140095 ] } },
{ "type": "Feature", "properties": { "id": "g3956", "minutes": 29.0, "lon": -122.39848726637651, "lat": 37.804607828911877 }, "geometry": { "type": "Point", "coordinates": [ -122.398487266376506, 37.804607828911877 ] } },
{ "type": "Feature", "properties": { "id": "g3991", "minutes": 55.0, "lon": -122.48026143774054, "lat": 37.806799611061585 }, "geometry": { "type": "Point", "coordinates": [ -122.480261437740538, 37.806799611061585 ] } },
{ "type": "Feature", "properties": { "id": "g3992", "minutes": 55.0, "lon": -122.47798950606905, "lat": 37.806789565495663 }, "geometry": { "type": "Point", "coordinates": [ -122.477989506069051, 37.806789565495663 ] } },
{ "type": "Feature", "properties": { "id": "g3993", "minutes": 50.0, "lon": -122.47571757552893, "lat": 37.806779476116837 }, "geometry": { "type": "Point", "coordinates": [ -122.475717575528932, 37.806779476116837 ] } },
{ "type": "Feature", "properties": { "id": "g3994", "minutes": 53.0, "lon": -122.4734456461251, "lat": 37.806769342925165 }, "geometry": { "type": "Point", "coordinates": [ -122.4734456461251, 37.806769342925165 ] } },
{ "type": "Feature", "properties": { "id": "g3995", "minutes": 58.0, "lon": -122.47117371786254, "lat": 37.806759165920738 }, "geometry": { "type": "Point", "coordinates": [ -122.471173717862541, 37.806759165920738 ] } },
{ "type": "Feature", "properties": { "id": "g3996", "minutes": 64.0, "lon": -122.46890179074612, "lat": 37.806748945103607 }, "geometry": { "type": "Point", "coordinates": [ -122.468901790746116, 37.806748945103607 ] } },
{ "type": "Feature", "properties": { "id": "g3997", "minutes": 66.0, "lon": -122.46662986478077, "lat": 37.806738680473842 }, "geometry": { "type": "Point", "coordinates": [ -122.466629864780771, 37.806738680473842 ] } },
{ "type": "Feature", "properties": { "id": "g4000", "minutes": 58.0, "lon": -122.45981409384042, "lat": 37.806707623709457 }, "geometry": { "type": "Point", "coordinates": [ -122.459814093840421, 37.806707623709457 ] } },
{ "type": "Feature", "properties": { "id": "g4001", "minutes": 59.0, "lon": -122.45754217252862, "lat": 37.806697183829854 }, "geometry": { "type": "Point", "coordinates": [ -122.457542172528619, 37.806697183829854 ] } },
{ "type": "Feature", "properties": { "id": "g4002", "minutes": 55.0, "lon": -122.45527025239249, "lat": 37.806686700137966 }, "geometry": { "type": "Point", "coordinates": [ -122.455270252392495, 37.806686700137966 ] } },
{ "type": "Feature", "properties": { "id": "g4003", "minutes": 53.0, "lon": -122.45299833343699, "lat": 37.806676172633871 }, "geometry": { "type": "Point", "coordinates": [ -122.452998333436994, 37.806676172633871 ] } },
{ "type": "Feature", "properties": { "id": "g4004", "minutes": 52.0, "lon": -122.45072641566703, "lat": 37.806665601317611 }, "geometry": { "type": "Point", "coordinates": [ -122.450726415667035, 37.806665601317611 ] } },
{ "type": "Feature", "properties": { "id": "g4005", "minutes": 50.0, "lon": -122.44845449908753, "lat": 37.80665498618928 }, "geometry": { "type": "Point", "coordinates": [ -122.448454499087532, 37.80665498618928 ] } },
{ "type": "Feature", "properties": { "id": "g4006", "minutes": 52.0, "lon": -122.44618258370342, "lat": 37.806644327248954 }, "geometry": { "type": "Point", "coordinates": [ -122.446182583703418, 37.806644327248954 ] } },
{ "type": "Feature", "properties": { "id": "g4007", "minutes": 53.0, "lon": -122.44391066951961, "lat": 37.806633624496683 }, "geometry": { "type": "Point", "coordinates": [ -122.44391066951961, 37.806633624496683 ] } },
{ "type": "Feature", "properties": { "id": "g4008", "minutes": 52.0, "lon": -122.44163875654104, "lat": 37.806622877932547 }, "geometry": { "type": "Point", "coordinates": [ -122.441638756541039, 37.806622877932547 ] } },
{ "type": "Feature", "properties": { "id": "g4009", "minutes": 55.0, "lon": -122.43936684477261, "lat": 37.80661208755663 }, "geometry": { "type": "Point", "coordinates": [ -122.439366844772607, 37.80661208755663 ] } },
{ "type": "Feature", "properties": { "id": "g4010", "minutes": 49.0, "lon": -122.43709493421926, "lat": 37.806601253368989 }, "geometry": { "type": "Point", "coordinates": [ -122.43709493421926, 37.806601253368989 ] } },
{ "type": "Feature", "properties": { "id": "g4011", "minutes": 50.0, "lon": -122.43482302488592, "lat": 37.806590375369701 }, "geometry": { "type": "Point", "coordinates": [ -122.434823024885915, 37.806590375369701 ] } },
{ "type": "Feature", "properties": { "id": "g4012", "minutes": 46.0, "lon": -122.43255111677747, "lat": 37.806579453558832 }, "geometry": { "type": "Point", "coordinates": [ -122.432551116777475, 37.806579453558832 ] } },
{ "type": "Feature", "properties": { "id": "g4013", "minutes": 45.0, "lon": -122.43027920989887, "lat": 37.806568487936467 }, "geometry": { "type": "Point", "coordinates": [ -122.43027920989887, 37.806568487936467 ] } },
{ "type": "Feature", "properties": { "id": "g4014", "minutes": 40.0, "lon": -122.42800730425506, "lat": 37.806557478502675 }, "geometry": { "type": "Point", "coordinates": [ -122.428007304255061, 37.806557478502675 ] } },
{ "type": "Feature", "properties": { "id": "g4015", "minutes": 34.0, "lon": -122.42573539985094, "lat": 37.806546425257515 }, "geometry": { "type": "Point", "coordinates": [ -122.425735399850936, 37.806546425257515 ] } },
{ "type": "Feature", "properties": { "id": "g4016", "minutes": 34.0, "lon": -122.4234634966914, "lat": 37.806535328201086 }, "geometry": { "type": "Point", "coordinates": [ -122.423463496691397, 37.806535328201086 ] } },
{ "type": "Feature", "properties": { "id": "g4017", "minutes": 32.0, "lon": -122.42119159478143, "lat": 37.806524187333437 }, "geometry": { "type": "Point", "coordinates": [ -122.421191594781433, 37.806524187333437 ] } },
{ "type": "Feature", "properties": { "id": "g4018", "minutes": 31.0, "lon": -122.4189196941259, "lat": 37.806513002654661 }, "geometry": { "type": "Point", "coordinates": [ -122.418919694125904, 37.806513002654661 ] } },
{ "type": "Feature", "properties": { "id": "g4019", "minutes": 30.0, "lon": -122.41664779472974, "lat": 37.806501774164822 }, "geometry": { "type": "Point", "coordinates": [ -122.416647794729741, 37.806501774164822 ] } },
{ "type": "Feature", "properties": { "id": "g4020", "minutes": 27.0, "lon": -122.4143758965979, "lat": 37.806490501864005 }, "geometry": { "type": "Point", "coordinates": [ -122.414375896597903, 37.806490501864005 ] } },
{ "type": "Feature", "properties": { "id": "g4021", "minutes": 23.0, "lon": -122.41210399973527, "lat": 37.806479185752266 }, "geometry": { "type": "Point", "coordinates": [ -122.412103999735265, 37.806479185752266 ] } },
{ "type": "Feature", "properties": { "id": "g4022", "minutes": 25.0, "lon": -122.4098321041468, "lat": 37.806467825829699 }, "geometry": { "type": "Point", "coordinates": [ -122.409832104146801, 37.806467825829699 ] } },
{ "type": "Feature", "properties": { "id": "g4023", "minutes": 25.0, "lon": -122.40756020983741, "lat": 37.806456422096382 }, "geometry": { "type": "Point", "coordinates": [ -122.407560209837413, 37.806456422096382 ] } },
{ "type": "Feature", "properties": { "id": "g4024", "minutes": 26.0, "lon": -122.40528831681199, "lat": 37.80644497455237 }, "geometry": { "type": "Point", "coordinates": [ -122.405288316811991, 37.80644497455237 ] } },
{ "type": "Feature", "properties": { "id": "g4025", "minutes": 36.0, "lon": -122.40301642507549, "lat": 37.806433483197765 }, "geometry": { "type": "Point", "coordinates": [ -122.403016425075492, 37.806433483197765 ] } },
{ "type": "Feature", "properties": { "id": "g4026", "minutes": 32.0, "lon": -122.40074453463285, "lat": 37.806421948032614 }, "geometry": { "type": "Point", "coordinates": [ -122.40074453463285, 37.806421948032614 ] } },
{ "type": "Feature", "properties": { "id": "g4063", "minutes": 53.0, "lon": -122.47797681657836, "lat": 37.808592129560324 }, "geometry": { "type": "Point", "coordinates": [ -122.477976816578362, 37.808592129560324 ] } },
{ "type": "Feature", "properties": { "id": "g4064", "minutes": 52.0, "lon": -122.47570483081633, "lat": 37.808582039530222 }, "geometry": { "type": "Point", "coordinates": [ -122.475704830816326, 37.808582039530222 ] } },
{ "type": "Feature", "properties": { "id": "g4065", "minutes": 56.0, "lon": -122.47343284619069, "lat": 37.808571905684452 }, "geometry": { "type": "Point", "coordinates": [ -122.47343284619069, 37.808571905684452 ] } },
{ "type": "Feature", "properties": { "id": "g4066", "minutes": 60.0, "lon": -122.4711608627064, "lat": 37.808561728023086 }, "geometry": { "type": "Point", "coordinates": [ -122.471160862706398, 37.808561728023086 ] } },
{ "type": "Feature", "properties": { "id": "g4067", "minutes": 64.0, "lon": -122.46888888036834, "lat": 37.808551506546195 }, "geometry": { "type": "Point", "coordinates": [ -122.46888888036834, 37.808551506546195 ] } },
{ "type": "Feature", "properties": { "id": "g4077", "minutes": 54.0, "lon": -122.44616912111563, "lat": 37.808446881938387 }, "geometry": { "type": "Point", "coordinates": [ -122.446169121115631, 37.808446881938387 ] } },
{ "type": "Feature", "properties": { "id": "g4078", "minutes": 56.0, "lon": -122.44389715171145, "lat": 37.808436178495263 }, "geometry": { "type": "Point", "coordinates": [ -122.443897151711454, 37.808436178495263 ] } },
{ "type": "Feature", "properties": { "id": "g4079", "minutes": 60.0, "lon": -122.44162518351258, "lat": 37.808425431237431 }, "geometry": { "type": "Point", "coordinates": [ -122.441625183512585, 37.808425431237431 ] } },
{ "type": "Feature", "properties": { "id": "g4080", "minutes": 63.0, "lon": -122.43935321652403, "lat": 37.808414640164976 }, "geometry": { "type": "Point", "coordinates": [ -122.439353216524026, 37.808414640164976 ] } },
{ "type": "Feature", "properties": { "id": "g4081", "minutes": 53.0, "lon": -122.43708125075064, "lat": 37.808403805277983 }, "geometry": { "type": "Point", "coordinates": [ -122.437081250750637, 37.808403805277983 ] } },
{ "type": "Feature", "properties": { "id": "g4082", "minutes": 51.0, "lon": -122.43480928619735, "lat": 37.808392926576516 }, "geometry": { "type": "Point", "coordinates": [ -122.43480928619735, 37.808392926576516 ] } },
{ "type": "Feature", "properties": { "id": "g4083", "minutes": 49.0, "lon": -122.43253732286909, "lat": 37.808382004060647 }, "geometry": { "type": "Point", "coordinates": [ -122.432537322869095, 37.808382004060647 ] } },
{ "type": "Feature", "properties": { "id": "g4084", "minutes": 48.0, "lon": -122.43026536077082, "lat": 37.808371037730439 }, "geometry": { "type": "Point", "coordinates": [ -122.430265360770818, 37.808371037730439 ] } },
{ "type": "Feature", "properties": { "id": "g4085", "minutes": 40.0, "lon": -122.42799339990742, "lat": 37.808360027585984 }, "geometry": { "type": "Point", "coordinates": [ -122.427993399907422, 37.808360027585984 ] } },
{ "type": "Feature", "properties": { "id": "g4086", "minutes": 38.0, "lon": -122.42572144028385, "lat": 37.808348973627339 }, "geometry": { "type": "Point", "coordinates": [ -122.425721440283851, 37.808348973627339 ] } },
{ "type": "Feature", "properties": { "id": "g4087", "minutes": 34.0, "lon": -122.423449481905, "lat": 37.808337875854583 }, "geometry": { "type": "Point", "coordinates": [ -122.423449481904996, 37.808337875854583 ] } },
{ "type": "Feature", "properties": { "id": "g4088", "minutes": 35.0, "lon": -122.42117752477579, "lat": 37.808326734267787 }, "geometry": { "type": "Point", "coordinates": [ -122.421177524775786, 37.808326734267787 ] } },
{ "type": "Feature", "properties": { "id": "g4089", "minutes": 34.0, "lon": -122.41890556890115, "lat": 37.808315548867036 }, "geometry": { "type": "Point", "coordinates": [ -122.418905568901152, 37.808315548867036 ] } },
{ "type": "Feature", "properties": { "id": "g4090", "minutes": 31.0, "lon": -122.41663361428601, "lat": 37.8083043196524 }, "geometry": { "type": "Point", "coordinates": [ -122.416633614286013, 37.8083043196524 ] } },
{ "type": "Feature", "properties": { "id": "g4091", "minutes": 29.0, "lon": -122.4143616609353, "lat": 37.808293046623945 }, "geometry": { "type": "Point", "coordinates": [ -122.414361660935299, 37.808293046623945 ] } },
{ "type": "Feature", "properties": { "id": "g4092", "minutes": 27.0, "lon": -122.41208970885394, "lat": 37.80828172978174 }, "geometry": { "type": "Point", "coordinates": [ -122.412089708853941, 37.80828172978174 ] } },
{ "type": "Feature", "properties": { "id": "g4093", "minutes": 28.0, "lon": -122.40981775804687, "lat": 37.808270369125893 }, "geometry": { "type": "Point", "coordinates": [ -122.40981775804687, 37.808270369125893 ] } },
{ "type": "Feature", "properties": { "id": "g4094", "minutes": 25.0, "lon": -122.40754580851896, "lat": 37.808258964656453 }, "geometry": { "type": "Point", "coordinates": [ -122.407545808518961, 37.808258964656453 ] } },
{ "type": "Feature", "properties": { "id": "g4095", "minutes": 25.0, "lon": -122.40527386027516, "lat": 37.808247516373505 }, "geometry": { "type": "Point", "coordinates": [ -122.405273860275159, 37.808247516373505 ] } },
{ "type": "Feature", "properties": { "id": "g4096", "minutes": 29.0, "lon": -122.40300191332042, "lat": 37.808236024277122 }, "geometry": { "type": "Point", "coordinates": [ -122.403001913320423, 37.808236024277122 ] } },
{ "type": "Feature", "properties": { "id": "g4097", "minutes": 34.0, "lon": -122.40072996765964, "lat": 37.808224488367372 }, "geometry": { "type": "Point", "coordinates": [ -122.400729967659643, 37.808224488367372 ] } },
{ "type": "Feature", "properties": { "id": "g4110", "minutes": 32.0, "lon": -122.37119479405986, "lat": 37.808070534560535 }, "geometry": { "type": "Point", "coordinates": [ -122.371194794059861, 37.808070534560535 ] } },
{ "type": "Feature", "properties": { "id": "g4111", "minutes": 35.0, "lon": -122.36892286703146, "lat": 37.808058385271998 }, "geometry": { "type": "Point", "coordinates": [ -122.368922867031458, 37.808058385271998 ] } },
{ "type": "Feature", "properties": { "id": "g4134", "minutes": 56.0, "lon": -122.47796412595621, "lat": 37.810394693068368 }, "geometry": { "type": "Point", "coordinates": [ -122.477964125956206, 37.810394693068368 ] } },
{ "type": "Feature", "properties": { "id": "g4135", "minutes": 68.0, "lon": -122.47569208496731, "lat": 37.810384602386947 }, "geometry": { "type": "Point", "coordinates": [ -122.475692084967307, 37.810384602386947 ] } },
{ "type": "Feature", "properties": { "id": "g4136", "minutes": 62.0, "lon": -122.47342004511489, "lat": 37.810374467887051 }, "geometry": { "type": "Point", "coordinates": [ -122.473420045114892, 37.810374467887051 ] } },
{ "type": "Feature", "properties": { "id": "g4154", "minutes": 50.0, "lon": -122.43252352773078, "lat": 37.810184554005168 }, "geometry": { "type": "Point", "coordinates": [ -122.43252352773078, 37.810184554005168 ] } },
{ "type": "Feature", "properties": { "id": "g4155", "minutes": 50.0, "lon": -122.43025151040787, "lat": 37.810173586967096 }, "geometry": { "type": "Point", "coordinates": [ -122.430251510407871, 37.810173586967096 ] } },
{ "type": "Feature", "properties": { "id": "g4156", "minutes": 50.0, "lon": -122.42797949432, "lat": 37.810162576111942 }, "geometry": { "type": "Point", "coordinates": [ -122.427979494319999, 37.810162576111942 ] } },
{ "type": "Feature", "properties": { "id": "g4157", "minutes": 38.0, "lon": -122.42570747947202, "lat": 37.810151521439771 }, "geometry": { "type": "Point", "coordinates": [ -122.425707479472024, 37.810151521439771 ] } },
{ "type": "Feature", "properties": { "id": "g4158", "minutes": 35.0, "lon": -122.42343546586891, "lat": 37.810140422950667 }, "geometry": { "type": "Point", "coordinates": [ -122.423435465868906, 37.810140422950667 ] } },
{ "type": "Feature", "properties": { "id": "g4159", "minutes": 35.0, "lon": -122.42116345351556, "lat": 37.810129280644688 }, "geometry": { "type": "Point", "coordinates": [ -122.421163453515561, 37.810129280644688 ] } },
{ "type": "Feature", "properties": { "id": "g4160", "minutes": 37.0, "lon": -122.41889144241689, "lat": 37.810118094521933 }, "geometry": { "type": "Point", "coordinates": [ -122.418891442416893, 37.810118094521933 ] } },
{ "type": "Feature", "properties": { "id": "g4161", "minutes": 33.0, "lon": -122.41661943257786, "lat": 37.810106864582444 }, "geometry": { "type": "Point", "coordinates": [ -122.41661943257786, 37.810106864582444 ] } },
{ "type": "Feature", "properties": { "id": "g4162", "minutes": 30.0, "lon": -122.4143474240034, "lat": 37.810095590826329 }, "geometry": { "type": "Point", "coordinates": [ -122.414347424003395, 37.810095590826329 ] } },
{ "type": "Feature", "properties": { "id": "g4163", "minutes": 30.0, "lon": -122.41207541669837, "lat": 37.810084273253644 }, "geometry": { "type": "Point", "coordinates": [ -122.412075416698372, 37.810084273253644 ] } },
{ "type": "Feature", "properties": { "id": "g4164", "minutes": 30.0, "lon": -122.40980341066773, "lat": 37.810072911864474 }, "geometry": { "type": "Point", "coordinates": [ -122.409803410667735, 37.810072911864474 ] } },
{ "type": "Feature", "properties": { "id": "g4165", "minutes": 28.0, "lon": -122.40753140591642, "lat": 37.810061506658883 }, "geometry": { "type": "Point", "coordinates": [ -122.407531405916416, 37.810061506658883 ] } },
{ "type": "Feature", "properties": { "id": "g4166", "minutes": 25.0, "lon": -122.40525940244932, "lat": 37.810050057636957 }, "geometry": { "type": "Point", "coordinates": [ -122.405259402449317, 37.810050057636957 ] } },
{ "type": "Feature", "properties": { "id": "g4180", "minutes": 30.0, "lon": -122.37345149151216, "lat": 37.80988517065768 }, "geometry": { "type": "Point", "coordinates": [ -122.373451491512157, 37.80988517065768 ] } },
{ "type": "Feature", "properties": { "id": "g4181", "minutes": 31.0, "lon": -122.37117950789944, "lat": 37.80987306439998 }, "geometry": { "type": "Point", "coordinates": [ -122.371179507899441, 37.80987306439998 ] } },
{ "type": "Feature", "properties": { "id": "g4182", "minutes": 34.0, "lon": -122.36890752564973, "lat": 37.80986091432721 }, "geometry": { "type": "Point", "coordinates": [ -122.368907525649732, 37.80986091432721 ] } },
{ "type": "Feature", "properties": { "id": "g4183", "minutes": 34.0, "lon": -122.36663554476795, "lat": 37.809848720439433 }, "geometry": { "type": "Point", "coordinates": [ -122.366635544767945, 37.809848720439433 ] } },
{ "type": "Feature", "properties": { "id": "g4184", "minutes": 36.0, "lon": -122.36436356525904, "lat": 37.809836482736742 }, "geometry": { "type": "Point", "coordinates": [ -122.36436356525904, 37.809836482736742 ] } },
{ "type": "Feature", "properties": { "id": "g4205", "minutes": 60.0, "lon": -122.47795143420244, "lat": 37.812197256019765 }, "geometry": { "type": "Point", "coordinates": [ -122.477951434202438, 37.812197256019765 ] } },
{ "type": "Feature", "properties": { "id": "g4228", "minutes": 38.0, "lon": -122.42569351741537, "lat": 37.81195406869481 }, "geometry": { "type": "Point", "coordinates": [ -122.425693517415368, 37.81195406869481 ] } },
{ "type": "Feature", "properties": { "id": "g4230", "minutes": 37.0, "lon": -122.42114938100063, "lat": 37.811931826464125 }, "geometry": { "type": "Point", "coordinates": [ -122.421149381000632, 37.811931826464125 ] } },
{ "type": "Feature", "properties": { "id": "g4231", "minutes": 37.0, "lon": -122.41887731467304, "lat": 37.811920639619316 }, "geometry": { "type": "Point", "coordinates": [ -122.41887731467304, 37.811920639619316 ] } },
{ "type": "Feature", "properties": { "id": "g4234", "minutes": 33.0, "lon": -122.41206112326837, "lat": 37.811886816167927 }, "geometry": { "type": "Point", "coordinates": [ -122.412061123268373, 37.811886816167927 ] } },
{ "type": "Feature", "properties": { "id": "g4235", "minutes": 33.0, "lon": -122.40978906200927, "lat": 37.811875454045406 }, "geometry": { "type": "Point", "coordinates": [ -122.409789062009267, 37.811875454045406 ] } },
{ "type": "Feature", "properties": { "id": "g4236", "minutes": 33.0, "lon": -122.40751700202959, "lat": 37.811864048103637 }, "geometry": { "type": "Point", "coordinates": [ -122.407517002029593, 37.811864048103637 ] } },
{ "type": "Feature", "properties": { "id": "g4251", "minutes": 29.0, "lon": -122.37343625921505, "lat": 37.811687700720292 }, "geometry": { "type": "Point", "coordinates": [ -122.373436259215055, 37.811687700720292 ] } },
{ "type": "Feature", "properties": { "id": "g4252", "minutes": 28.0, "lon": -122.371164220376, "lat": 37.811675593681173 }, "geometry": { "type": "Point", "coordinates": [ -122.371164220376002, 37.811675593681173 ] } },
{ "type": "Feature", "properties": { "id": "g4253", "minutes": 33.0, "lon": -122.36889218290008, "lat": 37.811663442824134 }, "geometry": { "type": "Point", "coordinates": [ -122.368892182900083, 37.811663442824134 ] } },
{ "type": "Feature", "properties": { "id": "g4254", "minutes": 32.0, "lon": -122.36662014679223, "lat": 37.811651248149289 }, "geometry": { "type": "Point", "coordinates": [ -122.366620146792229, 37.811651248149289 ] } },
{ "type": "Feature", "properties": { "id": "g4255", "minutes": 36.0, "lon": -122.36434811205737, "lat": 37.811639009656673 }, "geometry": { "type": "Point", "coordinates": [ -122.364348112057371, 37.811639009656673 ] } },
{ "type": "Feature", "properties": { "id": "g4322", "minutes": 24.0, "lon": -122.37342102555974, "lat": 37.813490230224708 }, "geometry": { "type": "Point", "coordinates": [ -122.373421025559736, 37.813490230224708 ] } },
{ "type": "Feature", "properties": { "id": "g4323", "minutes": 23.0, "lon": -122.37114893148942, "lat": 37.813478122404121 }, "geometry": { "type": "Point", "coordinates": [ -122.371148931489415, 37.813478122404121 ] } },
{ "type": "Feature", "properties": { "id": "g4324", "minutes": 25.0, "lon": -122.36887683878237, "lat": 37.813465970762785 }, "geometry": { "type": "Point", "coordinates": [ -122.36887683878237, 37.813465970762785 ] } },
{ "type": "Feature", "properties": { "id": "g4393", "minutes": 21.0, "lon": -122.37340579054607, "lat": 37.815292759170873 }, "geometry": { "type": "Point", "coordinates": [ -122.373405790546073, 37.815292759170873 ] } },
{ "type": "Feature", "properties": { "id": "g4394", "minutes": 20.0, "lon": -122.37113364123957, "lat": 37.815280650568781 }, "geometry": { "type": "Point", "coordinates": [ -122.371133641239567, 37.815280650568781 ] } },
{ "type": "Feature", "properties": { "id": "g4464", "minutes": 21.0, "lon": -122.37339055417394, "lat": 37.817095287558814 }, "geometry": { "type": "Point", "coordinates": [ -122.373390554173938, 37.817095287558814 ] } },
{ "type": "Feature", "properties": { "id": "g4465", "minutes": 19.0, "lon": -122.37111834962633, "lat": 37.817083178175167 }, "geometry": { "type": "Point", "coordinates": [ -122.371118349626329, 37.817083178175167 ] } },
{ "type": "Feature", "properties": { "id": "g4466", "minutes": 23.0, "lon": -122.36884614644222, "lat": 37.817071024965131 }, "geometry": { "type": "Point", "coordinates": [ -122.368846146442223, 37.817071024965131 ] } },
{ "type": "Feature", "properties": { "id": "g4467", "minutes": 26.0, "lon": -122.36657394462658, "lat": 37.817058827928783 }, "geometry": { "type": "Point", "coordinates": [ -122.36657394462658, 37.817058827928783 ] } },
{ "type": "Feature", "properties": { "id": "g4534", "minutes": 24.0, "lon": -122.37564757759561, "lat": 37.818909881724423 }, "geometry": { "type": "Point", "coordinates": [ -122.375647577595615, 37.818909881724423 ] } },
{ "type": "Feature", "properties": { "id": "g4535", "minutes": 23.0, "lon": -122.37337531644322, "lat": 37.818897815388503 }, "geometry": { "type": "Point", "coordinates": [ -122.373375316443216, 37.818897815388503 ] } },
{ "type": "Feature", "properties": { "id": "g4536", "minutes": 24.0, "lon": -122.37110305664956, "lat": 37.818885705223281 }, "geometry": { "type": "Point", "coordinates": [ -122.371103056649559, 37.818885705223281 ] } },
{ "type": "Feature", "properties": { "id": "g4537", "minutes": 25.0, "lon": -122.36883079821953, "lat": 37.818873551228826 }, "geometry": { "type": "Point", "coordinates": [ -122.368830798219534, 37.818873551228826 ] } },
{ "type": "Feature", "properties": { "id": "g4538", "minutes": 29.0, "lon": -122.36655854115813, "lat": 37.818861353405239 }, "geometry": { "type": "Point", "coordinates": [ -122.366558541158128, 37.818861353405239 ] } },
{ "type": "Feature", "properties": { "id": "g4539", "minutes": 29.0, "lon": -122.3642862854702, "lat": 37.818849111752584 }, "geometry": { "type": "Point", "coordinates": [ -122.3642862854702, 37.818849111752584 ] } },
{ "type": "Feature", "properties": { "id": "g4540", "minutes": 29.0, "lon": -122.36201403116073, "lat": 37.818836826270953 }, "geometry": { "type": "Point", "coordinates": [ -122.362014031160726, 37.818836826270953 ] } },
{ "type": "Feature", "properties": { "id": "g4541", "minutes": 26.0, "lon": -122.35974177823462, "lat": 37.818824496960424 }, "geometry": { "type": "Point", "coordinates": [ -122.359741778234621, 37.818824496960424 ] } },
{ "type": "Feature", "properties": { "id": "g4605", "minutes": 24.0, "lon": -122.37563239375723, "lat": 37.820712409774636 }, "geometry": { "type": "Point", "coordinates": [ -122.375632393757229, 37.820712409774636 ] } },
{ "type": "Feature", "properties": { "id": "g4606", "minutes": 26.0, "lon": -122.37336007735374, "lat": 37.820700342659933 }, "geometry": { "type": "Point", "coordinates": [ -122.373360077353738, 37.820700342659933 ] } },
{ "type": "Feature", "properties": { "id": "g4607", "minutes": 31.0, "lon": -122.3710877623091, "lat": 37.820688231713092 }, "geometry": { "type": "Point", "coordinates": [ -122.371087762309102, 37.820688231713092 ] } },
{ "type": "Feature", "properties": { "id": "g4608", "minutes": 32.0, "lon": -122.36881544862827, "lat": 37.820676076934191 }, "geometry": { "type": "Point", "coordinates": [ -122.368815448628268, 37.820676076934191 ] } },
{ "type": "Feature", "properties": { "id": "g4609", "minutes": 25.0, "lon": -122.36654313631615, "lat": 37.820663878323316 }, "geometry": { "type": "Point", "coordinates": [ -122.366543136316153, 37.820663878323316 ] } },
{ "type": "Feature", "properties": { "id": "g4610", "minutes": 26.0, "lon": -122.36427082537766, "lat": 37.820651635880566 }, "geometry": { "type": "Point", "coordinates": [ -122.364270825377659, 37.820651635880566 ] } },
{ "type": "Feature", "properties": { "id": "g4611", "minutes": 26.0, "lon": -122.36199851581773, "lat": 37.820639349605997 }, "geometry": { "type": "Point", "coordinates": [ -122.361998515817731, 37.820639349605997 ] } },
{ "type": "Feature", "properties": { "id": "g4612", "minutes": 26.0, "lon": -122.35972620764133, "lat": 37.820627019499703 }, "geometry": { "type": "Point", "coordinates": [ -122.35972620764133, 37.820627019499703 ] } },
{ "type": "Feature", "properties": { "id": "g4675", "minutes": 22.0, "lon": -122.37788958157846, "lat": 37.822526961325117 }, "geometry": { "type": "Point", "coordinates": [ -122.377889581578458, 37.822526961325117 ] } },
{ "type": "Feature", "properties": { "id": "g4676", "minutes": 20.0, "lon": -122.37561720856492, "lat": 37.822514937266618 }, "geometry": { "type": "Point", "coordinates": [ -122.375617208564918, 37.822514937266618 ] } },
{ "type": "Feature", "properties": { "id": "g4677", "minutes": 23.0, "lon": -122.3733448369054, "lat": 37.822502869373082 }, "geometry": { "type": "Point", "coordinates": [ -122.373344836905403, 37.822502869373082 ] } },
{ "type": "Feature", "properties": { "id": "g4678", "minutes": 34.0, "lon": -122.37107246660489, "lat": 37.822490757644587 }, "geometry": { "type": "Point", "coordinates": [ -122.371072466604886, 37.822490757644587 ] } },
{ "type": "Feature", "properties": { "id": "g4679", "minutes": 23.0, "lon": -122.36880009766828, "lat": 37.822478602081205 }, "geometry": { "type": "Point", "coordinates": [ -122.368800097668284, 37.822478602081205 ] } },
{ "type": "Feature", "properties": { "id": "g4680", "minutes": 23.0, "lon": -122.36652773010053, "lat": 37.82246640268302 }, "geometry": { "type": "Point", "coordinates": [ -122.366527730100529, 37.82246640268302 ] } },
{ "type": "Feature", "properties": { "id": "g4681", "minutes": 24.0, "lon": -122.36425536390655, "lat": 37.822454159450125 }, "geometry": { "type": "Point", "coordinates": [ -122.364255363906551, 37.822454159450125 ] } },
{ "type": "Feature", "properties": { "id": "g4682", "minutes": 26.0, "lon": -122.36198299909125, "lat": 37.822441872382576 }, "geometry": { "type": "Point", "coordinates": [ -122.361982999091254, 37.822441872382576 ] } },
{ "type": "Feature", "properties": { "id": "g4746", "minutes": 25.0, "lon": -122.37787445029318, "lat": 37.824329489034902 }, "geometry": { "type": "Point", "coordinates": [ -122.377874450293177, 37.824329489034902 ] } },
{ "type": "Feature", "properties": { "id": "g4747", "minutes": 23.0, "lon": -122.37560202201853, "lat": 37.824317464200377 }, "geometry": { "type": "Point", "coordinates": [ -122.375602022018526, 37.824317464200377 ] } },
{ "type": "Feature", "properties": { "id": "g4748", "minutes": 24.0, "lon": -122.37332959509807, "lat": 37.824305395527972 }, "geometry": { "type": "Point", "coordinates": [ -122.37332959509807, 37.824305395527972 ] } },
{ "type": "Feature", "properties": { "id": "g4749", "minutes": 22.0, "lon": -122.37105716953674, "lat": 37.824293283017774 }, "geometry": { "type": "Point", "coordinates": [ -122.371057169536741, 37.824293283017774 ] } },
{ "type": "Feature", "properties": { "id": "g4750", "minutes": 23.0, "lon": -122.36878474533948, "lat": 37.824281126669874 }, "geometry": { "type": "Point", "coordinates": [ -122.368784745339482, 37.824281126669874 ] } },
{ "type": "Feature", "properties": { "id": "g4751", "minutes": 24.0, "lon": -122.36651232251117, "lat": 37.824268926484336 }, "geometry": { "type": "Point", "coordinates": [ -122.36651232251117, 37.824268926484336 ] } },
{ "type": "Feature", "properties": { "id": "g4752", "minutes": 26.0, "lon": -122.36423990105675, "lat": 37.824256682461261 }, "geometry": { "type": "Point", "coordinates": [ -122.364239901056749, 37.824256682461261 ] } },
{ "type": "Feature", "properties": { "id": "g4816", "minutes": 29.0, "lon": -122.38013180254863, "lat": 37.826143997956308 }, "geometry": { "type": "Point", "coordinates": [ -122.380131802548632, 37.826143997956308 ] } },
{ "type": "Feature", "properties": { "id": "g4817", "minutes": 29.0, "lon": -122.37785931765859, "lat": 37.826132016186484 }, "geometry": { "type": "Point", "coordinates": [ -122.37785931765859, 37.826132016186484 ] } },
{ "type": "Feature", "properties": { "id": "g4818", "minutes": 28.0, "lon": -122.37558683411797, "lat": 37.826119990575883 }, "geometry": { "type": "Point", "coordinates": [ -122.375586834117968, 37.826119990575883 ] } },
{ "type": "Feature", "properties": { "id": "g4819", "minutes": 27.0, "lon": -122.37331435193163, "lat": 37.826107921124574 }, "geometry": { "type": "Point", "coordinates": [ -122.373314351931626, 37.826107921124574 ] } },
{ "type": "Feature", "properties": { "id": "g4820", "minutes": 22.0, "lon": -122.37104187110455, "lat": 37.826095807832651 }, "geometry": { "type": "Point", "coordinates": [ -122.371041871104552, 37.826095807832651 ] } },
{ "type": "Feature", "properties": { "id": "g4821", "minutes": 22.0, "lon": -122.36876939164166, "lat": 37.826083650700184 }, "geometry": { "type": "Point", "coordinates": [ -122.368769391641663, 37.826083650700184 ] } },
{ "type": "Feature", "properties": { "id": "g4822", "minutes": 27.0, "lon": -122.36649691354788, "lat": 37.826071449727259 }, "geometry": { "type": "Point", "coordinates": [ -122.366496913547877, 37.826071449727259 ] } },
{ "type": "Feature", "properties": { "id": "g4823", "minutes": 28.0, "lon": -122.3642244368281, "lat": 37.826059204913953 }, "geometry": { "type": "Point", "coordinates": [ -122.364224436828096, 37.826059204913953 ] } },
{ "type": "Feature", "properties": { "id": "g4887", "minutes": 31.0, "lon": -122.38011672383573, "lat": 37.827946525322943 }, "geometry": { "type": "Point", "coordinates": [ -122.380116723835727, 37.827946525322943 ] } },
{ "type": "Feature", "properties": { "id": "g4888", "minutes": 32.0, "lon": -122.37784418367464, "lat": 37.827934542779836 }, "geometry": { "type": "Point", "coordinates": [ -122.37784418367464, 37.827934542779836 ] } },
{ "type": "Feature", "properties": { "id": "g4889", "minutes": 30.0, "lon": -122.37557164486307, "lat": 37.827922516393116 }, "geometry": { "type": "Point", "coordinates": [ -122.375571644863072, 37.827922516393116 ] } },
{ "type": "Feature", "properties": { "id": "g4890", "minutes": 25.0, "lon": -122.37329910740594, "lat": 37.827910446162868 }, "geometry": { "type": "Point", "coordinates": [ -122.373299107405941, 37.827910446162868 ] } },
{ "type": "Feature", "properties": { "id": "g4891", "minutes": 25.0, "lon": -122.37102657130821, "lat": 37.82789833208917 }, "geometry": { "type": "Point", "coordinates": [ -122.371026571308207, 37.82789833208917 ] } },
{ "type": "Feature", "properties": { "id": "g4892", "minutes": 27.0, "lon": -122.36875403657476, "lat": 37.827886174172107 }, "geometry": { "type": "Point", "coordinates": [ -122.368754036574757, 37.827886174172107 ] } },
{ "type": "Feature", "properties": { "id": "g4893", "minutes": 28.0, "lon": -122.36648150321057, "lat": 37.827873972411766 }, "geometry": { "type": "Point", "coordinates": [ -122.366481503210565, 37.827873972411766 ] } },
{ "type": "Feature", "properties": { "id": "g4959", "minutes": 35.0, "lon": -122.37782904834116, "lat": 37.829737068814957 }, "geometry": { "type": "Point", "coordinates": [ -122.377829048341155, 37.829737068814957 ] } },
{ "type": "Feature", "properties": { "id": "g4960", "minutes": 30.0, "lon": -122.37555645425373, "lat": 37.829725041652097 }, "geometry": { "type": "Point", "coordinates": [ -122.375556454253726, 37.829725041652097 ] } },
{ "type": "Feature", "properties": { "id": "g4961", "minutes": 26.0, "lon": -122.37328386152089, "lat": 37.829712970642873 }, "geometry": { "type": "Point", "coordinates": [ -122.373283861520889, 37.829712970642873 ] } },
{ "type": "Feature", "properties": { "id": "g4962", "minutes": 26.0, "lon": -122.37101127014753, "lat": 37.829700855787372 }, "geometry": { "type": "Point", "coordinates": [ -122.371011270147534, 37.829700855787372 ] } },
{ "type": "Feature", "properties": { "id": "g4963", "minutes": 28.0, "lon": -122.36873868013863, "lat": 37.829688697085679 }, "geometry": { "type": "Point", "coordinates": [ -122.368738680138634, 37.829688697085679 ] } },
{ "type": "Feature", "properties": { "id": "g4964", "minutes": 28.0, "lon": -122.36646609149908, "lat": 37.829676494537857 }, "geometry": { "type": "Point", "coordinates": [ -122.366466091499078, 37.829676494537857 ] } },
{ "type": "Feature", "properties": { "id": "g5030", "minutes": 36.0, "lon": -122.37781391165804, "lat": 37.83153959429184 }, "geometry": { "type": "Point", "coordinates": [ -122.377813911658038, 37.83153959429184 ] } },
{ "type": "Feature", "properties": { "id": "g5031", "minutes": 33.0, "lon": -122.37554126228981, "lat": 37.83152756635279 }, "geometry": { "type": "Point", "coordinates": [ -122.375541262289815, 37.83152756635279 ] } },
{ "type": "Feature", "properties": { "id": "g5032", "minutes": 30.0, "lon": -122.37326861427631, "lat": 37.831515494564563 }, "geometry": { "type": "Point", "coordinates": [ -122.373268614276313, 37.831515494564563 ] } },
{ "type": "Feature", "properties": { "id": "g5033", "minutes": 30.0, "lon": -122.37099596762245, "lat": 37.831503378927209 }, "geometry": { "type": "Point", "coordinates": [ -122.370995967622449, 37.831503378927209 ] } },
{ "type": "Feature", "properties": { "id": "g5034", "minutes": 29.0, "lon": -122.36872332233315, "lat": 37.831491219440835 }, "geometry": { "type": "Point", "coordinates": [ -122.368723322333153, 37.831491219440835 ] } }
]
}
